,"('A', 'A')","('A', 'E')","('A', 'H')","('A', 'D')","('A', 'F')","('A', 'C')","('A', 'I')","('A', 'J')","('A', 'B')","('A', 'G')","('E', 'A')","('E', 'E')","('E', 'H')","('E', 'D')","('E', 'F')","('E', 'C')","('E', 'I')","('E', 'J')","('E', 'B')","('E', 'G')","('H', 'A')","('H', 'E')","('H', 'H')","('H', 'D')","('H', 'F')","('H', 'C')","('H', 'I')","('H', 'J')","('H', 'B')","('H', 'G')","('D', 'A')","('D', 'E')","('D', 'H')","('D', 'D')","('D', 'F')","('D', 'C')","('D', 'I')","('D', 'J')","('D', 'B')","('D', 'G')","('F', 'A')","('F', 'E')","('F', 'H')","('F', 'D')","('F', 'F')","('F', 'C')","('F', 'I')","('F', 'J')","('F', 'B')","('F', 'G')","('C', 'A')","('C', 'E')","('C', 'H')","('C', 'D')","('C', 'F')","('C', 'C')","('C', 'I')","('C', 'J')","('C', 'B')","('C', 'G')","('I', 'A')","('I', 'E')","('I', 'H')","('I', 'D')","('I', 'F')","('I', 'C')","('I', 'I')","('I', 'J')","('I', 'B')","('I', 'G')","('J', 'A')","('J', 'E')","('J', 'H')","('J', 'D')","('J', 'F')","('J', 'C')","('J', 'I')","('J', 'J')","('J', 'B')","('J', 'G')","('B', 'A')","('B', 'E')","('B', 'H')","('B', 'D')","('B', 'F')","('B', 'C')","('B', 'I')","('B', 'J')","('B', 'B')","('B', 'G')","('G', 'A')","('G', 'E')","('G', 'H')","('G', 'D')","('G', 'F')","('G', 'C')","('G', 'I')","('G', 'J')","('G', 'B')","('G', 'G')"
0,,0.0,0.0,0.0,0.0,0.0,0.0,0.0,0.0,0.0,0.0,,0.0,0.0,0.0,0.0,0.0,0.0,0.0,0.0,0.0,0.0,,0.0,0.0,0.0,0.0,0.0,0.0,0.0,0.0,0.0,0.0,,0.0,0.0,0.0,0.0,0.0,0.0,0.0,0.0,0.0,0.0,,0.0,0.0,0.0,,0.0,0.0,0.0,0.0,0.0,0.0,,0.0,0.0,0.0,0.0,0.0,0.0,0.0,0.0,0.0,0.0,,0.0,0.0,0.0,0.0,0.0,0.0,0.0,0.0,0.0,0.0,,0.0,0.0,0.0,0.0,0.0,0.0,,0.0,0.0,0.0,,0.0,0.0,0.0,0.0,0.0,0.0,0.0,0.0,0.0,0.0,
1,,0.0,0.0,0.0,0.0,0.0,0.0,0.0,0.0,0.0,0.0,,0.0,0.0,0.0,0.0,0.0,0.0,0.0,0.0,0.0,0.0,,0.0,0.0,0.0,0.0,0.0,0.0,0.0,0.0,0.0,0.0,,0.0,0.0,0.0,0.0,0.0,0.0,0.0,0.0,0.0,0.0,,0.0,0.0,0.0,,0.0,0.0,0.0,0.0,0.0,0.0,,0.0,0.0,0.0,0.0,0.0,0.0,0.0,0.0,0.0,0.0,,0.0,0.0,0.0,0.0,0.0,0.0,0.0,0.0,0.0,0.0,,0.0,0.0,0.0,0.0,0.0,0.0,,0.0,0.0,0.0,,0.0,0.0,0.0,0.0,0.0,0.0,0.0,0.0,0.0,0.0,
2,,0.0,0.0,0.0,0.0,0.0,0.0,0.0,0.0,0.0,0.0,,0.0,0.0,0.0,0.0,0.0,0.0,0.0,0.0,0.0,0.0,,0.0,0.0,0.0,0.0,0.0,0.0,0.0,0.0,0.0,0.0,,,0.0,0.0,0.0,0.0,0.0,0.0,0.0,0.0,,,0.0,0.0,0.0,,0.0,0.0,0.0,0.0,0.0,0.0,,0.0,,0.0,0.0,0.0,0.0,0.0,0.0,0.0,0.0,,0.0,0.0,0.0,0.0,0.0,0.0,0.0,0.0,,0.0,,0.0,0.0,0.0,0.0,0.0,0.0,,0.0,0.0,0.0,,0.0,0.0,0.0,0.0,0.0,0.0,0.0,0.0,0.0,0.0,
3,,0.0,0.0,0.0,0.0,0.0,0.0,0.0,,0.0,0.0,,0.0,0.0,0.0,0.0,0.0,0.0,0.0,0.0,0.0,0.0,,0.0,0.0,0.0,0.0,0.0,0.0,0.0,0.0,0.0,0.0,,0.0,0.0,0.0,0.0,0.0,0.0,0.0,0.0,0.0,0.0,,0.0,0.0,0.0,,0.0,0.0,0.0,0.0,0.0,0.0,,0.0,0.0,0.0,0.0,0.0,0.0,0.0,0.0,0.0,0.0,,0.0,0.0,0.0,0.0,0.0,0.0,0.0,0.0,0.0,0.0,,0.0,0.0,,0.0,0.0,0.0,,0.0,0.0,0.0,,0.0,0.0,0.0,0.0,0.0,0.0,0.0,0.0,0.0,0.0,
4,,0.0,0.0,0.0,0.0,0.0,0.0,0.0,,10.904925124490397,0.0,,0.0,0.0,0.0,0.0,0.0,0.0,0.0,0.0,0.0,0.0,,0.0,0.0,0.0,0.0,0.0,0.0,0.0,0.0,0.0,0.0,,0.0,0.0,0.0,0.0,,0.0,0.0,0.0,0.0,0.0,,0.0,0.0,0.0,,0.0,0.0,0.0,0.0,0.0,0.0,,0.0,0.0,,0.0,0.0,0.0,0.0,0.0,0.0,0.0,,0.0,0.0,0.0,0.0,0.0,0.0,0.0,0.0,0.0,0.0,,0.0,0.0,,0.0,0.0,,,,0.0,0.0,,0.0,10.904925124490397,0.0,0.0,0.0,0.0,0.0,0.0,0.0,0.0,
5,,0.0,0.0,0.0,,0.0,0.0,0.0,,10.904925124490397,0.0,,0.0,0.0,0.0,0.0,0.0,0.0,0.0,0.0,0.0,0.0,,0.0,0.0,,,0.0,0.0,0.0,0.0,0.0,0.0,,0.0,0.0,0.0,0.0,0.0,0.0,,0.0,0.0,0.0,,,0.0,0.0,,0.0,0.0,0.0,,0.0,,,0.0,0.0,0.0,0.0,0.0,0.0,,0.0,0.0,0.0,,0.0,0.0,0.0,0.0,0.0,0.0,0.0,0.0,0.0,0.0,,0.0,0.0,,0.0,0.0,0.0,,0.0,0.0,0.0,,0.0,10.904925124490397,0.0,0.0,0.0,0.0,0.0,0.0,0.0,0.0,
6,,,,,,,,,,10.904925124490397,,,,,,,,,,,,,,,,,,,,,,,,,,,,,,,,,,,,11.037260313668911,,,,,,,,,11.037260313668911,,,,,,,,,,,,,,,,,,,,,,,,,,,,,,,,,,,,10.904925124490397,,,,,,,,,
7,,,,,,,,,,,,,,,,,,,,,,,,,,,,,,,,,,,,,,,,,,,,,,11.037260313668911,,,,,,,,,11.037260313668911,,,,,,,,,,,,,,,,,,,,,,,,,,,,,,,,,,,,,,,,,,,,,
8,,,,,,,,,,10.904925124490397,,,,,,,,,,,,,,,,,,9.011647870223289,,,,,,,,,,,,,,,,,,11.037260313668911,,,,,,,,,11.037260313668911,,,,,,,,,,,,,,,,,,9.011647870223289,,,,,,,,,,,,,,,,,,10.904925124490397,,,,,,,,,
9,,,,,,,,,,10.904925124490397,,,,,,,,,,,,,,,,,,9.011647870223289,,,,,,,,,,,,,,,,,,11.037260313668911,,,,,,,,,11.037260313668911,,,,,,,,,,,,,,,,,,9.011647870223289,,,,,,,,,,,,,,,,,,10.904925124490397,,,,,,,,,
10,,,,,,,,,,10.904925124490397,,,,,,,,,,,,,,,,,,9.011647870223289,,,,,,,,,,,,,,,,,,11.037260313668911,,,,,,,,,11.037260313668911,,,,,,,,,,,,,,,,,,9.011647870223289,,,,,,,,,,,,,,,,,,10.904925124490397,,,,,,,,,
11,,,,,13.921795677048454,,,,,10.904925124490397,,,,,,,,,,,,,,,,,,9.011647870223289,,,,,,,,,,,,,13.921795677048454,,,,,,,,,,,,,,,,,,,,,,,,,,,,,,,,9.011647870223289,,,,,,,,,,,,,,,,,,10.904925124490397,,,,,,,,,
12,,,,,13.921795677048454,,,,,10.904925124490397,,,,,,,,,,,,,,,,,,9.011647870223289,,,,,,,,,,,,,13.921795677048454,,,,,,,,,,,,,,,,,,,,,,,,,,,,,,,,9.011647870223289,,,,,,,,,,,,,,,,,,10.904925124490397,,,,,,,,,
13,,,,,13.921795677048454,,,,,10.904925124490397,,,,,,,,,,,,,,,,,,9.011647870223289,,,,,,,,,,,,,13.921795677048454,,,,,,,,,,,,,,,,,,,,,,,,,,,,,,,,9.011647870223289,,,,,,,,,,,,,,,,,,10.904925124490397,,,,,,,,,
14,,,,,13.921795677048454,,,,,10.904925124490397,,,,,,,,,,,,,,,,,,9.011647870223289,,,,,,,,,,,,,13.921795677048454,,,,,,,,,,,,,,,,,,,,,,,,,,,,,,,,9.011647870223289,,,,,,,,,,,,,,,,,,10.904925124490397,,,,,,,,,
15,,,,,13.921795677048454,,,,11.394267984578835,10.904925124490397,,,,,,,,,,,,,,,,,,9.011647870223289,,,,,,,,,,,,,13.921795677048454,,,,,,,,13.094304566778266,,,,,,,,,,,,,,,,,,,,,,,,9.011647870223289,,,,,,,,11.394267984578835,,,,13.094304566778266,,,,,,10.904925124490397,,,,,,,,,
16,,,,,13.921795677048454,,,,11.394267984578835,10.904925124490397,,,,,,,,,,,,,,,,,,9.011647870223289,,,,,,,,,,,,,13.921795677048454,,,,,,,,13.094304566778266,,,,,,,,,,,,,,,,,,,,,,,,9.011647870223289,,,,,,,,11.394267984578835,,,,13.094304566778266,,,,,,10.904925124490397,,,,,,,,,
17,,,,,13.921795677048454,,,,11.394267984578835,10.904925124490397,,,,,,,,,,,,,,,,,,9.011647870223289,,,,,,,,,,,,,13.921795677048454,,,,,,,,13.094304566778266,,,,,,,,,,,,,,,,,,,,,,,,9.011647870223289,,,,,,,,11.394267984578835,,,,13.094304566778266,,,,,,10.904925124490397,,,,,,,,,
18,,,,,13.921795677048454,,,,11.394267984578835,10.904925124490397,,,,,,,,,,,,,,,,,,9.011647870223289,,,,,,,,,,,,,13.921795677048454,,,,,,,,13.094304566778266,,,,,,,,,,,,,,,,,,,,,,,,9.011647870223289,,,,,,,,11.394267984578835,,,,13.094304566778266,,,,,,10.904925124490397,,,,,,,,,
19,,,,,13.921795677048454,,,,11.394267984578835,10.904925124490397,,,,,,,,,,,,,,,,,,9.011647870223289,,,,,,,,,,,,,13.921795677048454,,,,,,,,13.094304566778266,,,,,,,,,,,,,,,,,,,,,,,,9.011647870223289,,,,,,,,11.394267984578835,,,,13.094304566778266,,,,,,10.904925124490397,,,,,,,,,
20,,,,,13.921795677048454,,,,11.394267984578835,10.904925124490397,,,,,,,,,,13.341104266407502,,,,,,,,9.011647870223289,,,,,,,,,,,,,13.921795677048454,,,,,,,,13.094304566778266,,,,,,,,,,,,,,,,,,,,,,,,9.011647870223289,,,,,,,,11.394267984578835,,,,13.094304566778266,,,,,,10.904925124490397,13.341104266407502,,,,,,,,
21,,,,,,,,,,10.904925124490397,,,,,,,,,,13.341104266407502,,,,,,,,9.011647870223289,,,,,,,,,,,,,,,,,,,,,13.094304566778266,,,,,,,,,,,,,,,,,,,,,,,,9.011647870223289,,,,,,,,,,,,13.094304566778266,,,,,,10.904925124490397,13.341104266407502,,,,,,,,
22,,,,,13.921795677048454,,,,11.394267984578835,10.904925124490397,,,,,,,,,,13.341104266407502,,,,,,,,9.011647870223289,,,,,,,,,,,,,13.921795677048454,,,,,,,,13.094304566778266,,,,,,,,,,,,,,,,,,,,,,,,9.011647870223289,,,,,,,,11.394267984578835,,,,13.094304566778266,,,,,,10.904925124490397,13.341104266407502,,,,,,,,
23,,,,,13.921795677048454,,,,11.394267984578835,10.904925124490397,,,,,,,,,,13.341104266407502,,,,,,,,9.011647870223289,,,,,,,,,,,,,13.921795677048454,,,,,,,,13.094304566778266,,,,,,,,,,,,,,,,,,,,,,,,9.011647870223289,,,,,,,,11.394267984578835,,,,13.094304566778266,,,,,,10.904925124490397,13.341104266407502,,,,,,,,
24,,,,,13.921795677048454,,,,11.394267984578835,10.904925124490397,,,,,,,,,,13.341104266407502,,,,,,,,9.011647870223289,,,,,,,,,,,,,13.921795677048454,,,,,,,,13.094304566778266,,,,,,,,,,,,,,,,,,,,,,,,9.011647870223289,,,,,,,,11.394267984578835,,,,13.094304566778266,,,,,,10.904925124490397,13.341104266407502,,,,,,,,
25,,,,,13.921795677048454,,,5.265359696838637,11.394267984578835,10.904925124490397,,,,,,,,,,13.341104266407502,,,,,,,,9.011647870223289,,,,,,,,,,,,,13.921795677048454,,,,,,,,13.094304566778266,,,,,,,,,,,,,,,,,,,,,,5.265359696838637,,9.011647870223289,,,,,,,,11.394267984578835,,,,13.094304566778266,,,,,,10.904925124490397,13.341104266407502,,,,,,,,
26,,,,,13.921795677048454,,,5.265359696838637,11.394267984578835,10.904925124490397,,,8.701809671168826,,,,,,,13.341104266407502,,8.701809671168826,,,,,,9.011647870223289,,,,,,,,,,,,,13.921795677048454,,,,,,,,13.094304566778266,,,,,,,,,,,,,,,,,,,,,,5.265359696838637,,9.011647870223289,,,,,,,,11.394267984578835,,,,13.094304566778266,,,,,,10.904925124490397,13.341104266407502,,,,,,,,
27,,,5.297972194380703,,13.921795677048454,,,5.265359696838637,11.394267984578835,10.904925124490397,,,8.701809671168826,,,,,,,13.341104266407502,5.297972194380703,8.701809671168826,,,,,,9.011647870223289,,,,,,,,,,,,,13.921795677048454,,,,,,,,13.094304566778266,,,,,,,,,,,,,,,,,,,,7.7787134167164185,,5.265359696838637,,9.011647870223289,,,,,,,,11.394267984578835,,,,13.094304566778266,,7.7787134167164185,,,,10.904925124490397,13.341104266407502,,,,,,,,
28,,,5.297972194380703,,,,,5.265359696838637,11.394267984578835,10.904925124490397,,,8.701809671168826,,,,,,,13.341104266407502,5.297972194380703,8.701809671168826,,,,,,9.011647870223289,,11.881619584333132,,,,,,,,,,,,,,,,,,,13.094304566778266,,,,,,,,,,,,,,,,,,,,7.7787134167164185,,5.265359696838637,,9.011647870223289,,,,,,,,11.394267984578835,,,,13.094304566778266,,7.7787134167164185,,,,10.904925124490397,13.341104266407502,11.881619584333132,,,,,,,
29,,,5.297972194380703,,13.921795677048454,,,5.265359696838637,11.394267984578835,10.904925124490397,,,8.701809671168826,,,,,,,13.341104266407502,5.297972194380703,8.701809671168826,,,,,,,,11.881619584333132,,,,,,,14.852215206607578,,,,13.921795677048454,,,,,,,,13.094304566778266,,,,,,,,,,,,,,,14.852215206607578,,,,,7.7787134167164185,,5.265359696838637,,,,,,,,,,11.394267984578835,,,,13.094304566778266,,7.7787134167164185,,,,10.904925124490397,13.341104266407502,11.881619584333132,,,,,,,
30,,,5.297972194380703,,13.921795677048454,,,5.265359696838637,11.394267984578835,10.904925124490397,,,8.701809671168826,,,,,,,13.341104266407502,5.297972194380703,8.701809671168826,,,,,,9.011647870223289,,11.881619584333132,,,,,,,14.852215206607578,,,,13.921795677048454,,,,,,,,13.094304566778266,,,,,,,,,,,,,,,14.852215206607578,,,,,7.7787134167164185,,5.265359696838637,,9.011647870223289,,,,,,,,11.394267984578835,,,,13.094304566778266,,7.7787134167164185,,,,10.904925124490397,13.341104266407502,11.881619584333132,,,,,,,
31,,,5.297972194380703,,,12.415504997598328,,5.265359696838637,11.394267984578835,10.904925124490397,,,8.701809671168826,,,,,,,13.341104266407502,5.297972194380703,8.701809671168826,,,,,,9.011647870223289,,11.881619584333132,,,,,,,14.852215206607578,,,,,,,,,,,,13.094304566778266,,12.415504997598328,,,,,,,,,,,,,14.852215206607578,,,,,7.7787134167164185,,5.265359696838637,,9.011647870223289,,,,,,,,11.394267984578835,,,,13.094304566778266,,7.7787134167164185,,,,10.904925124490397,13.341104266407502,11.881619584333132,,,,,,,
32,,,5.297972194380703,,13.921795677048454,12.415504997598328,,5.265359696838637,11.394267984578835,10.904925124490397,,,8.701809671168826,,,,,,,13.341104266407502,5.297972194380703,8.701809671168826,,,,,,9.011647870223289,,11.881619584333132,,,,,,,,,,,13.921795677048454,,,,,,,,13.094304566778266,,12.415504997598328,,,,,,,,,,,,,,,,,,7.7787134167164185,,5.265359696838637,,9.011647870223289,,,,,,,,11.394267984578835,,,,13.094304566778266,,7.7787134167164185,,,,10.904925124490397,13.341104266407502,11.881619584333132,,,,,,,
33,,,5.297972194380703,,13.921795677048454,12.415504997598328,,5.265359696838637,11.394267984578835,10.904925124490397,,,8.701809671168826,,,,,,,13.341104266407502,5.297972194380703,8.701809671168826,,,,,,9.011647870223289,,11.881619584333132,,,,,,,14.852215206607578,,,,13.921795677048454,,,,,,,,13.094304566778266,,12.415504997598328,,,,,,,,,,,,,14.852215206607578,,,,,7.7787134167164185,,5.265359696838637,,9.011647870223289,,,,,,,,11.394267984578835,,,,13.094304566778266,,7.7787134167164185,,,,10.904925124490397,13.341104266407502,11.881619584333132,,,,,,,
34,,,5.297972194380703,,13.921795677048454,12.415504997598328,,5.265359696838637,11.394267984578835,10.904925124490397,,,8.701809671168826,,,,,,,13.341104266407502,5.297972194380703,8.701809671168826,,,,,,,,11.881619584333132,,,,,,,14.852215206607578,,,,13.921795677048454,,,,,,,,13.094304566778266,,12.415504997598328,,,,,,,,,,,,,14.852215206607578,,,,,7.7787134167164185,,5.265359696838637,,,,,,,,,,11.394267984578835,,,,13.094304566778266,,7.7787134167164185,,,,10.904925124490397,13.341104266407502,11.881619584333132,,,,,,,
35,,,5.297972194380703,,,12.415504997598328,,5.265359696838637,11.394267984578835,,,,,,,,,,9.492090462838537,13.341104266407502,5.297972194380703,,,,,,,9.011647870223289,,11.881619584333132,,,,,,,14.852215206607578,,,,,,,,,,,,13.094304566778266,,12.415504997598328,,,,,,,,,,,,,14.852215206607578,,,,,7.7787134167164185,,5.265359696838637,,9.011647870223289,,,,,,,,11.394267984578835,9.492090462838537,,,13.094304566778266,,7.7787134167164185,,,,,13.341104266407502,11.881619584333132,,,,,,,
36,,,5.297972194380703,,13.921795677048454,12.415504997598328,,5.265359696838637,11.394267984578835,10.904925124490397,,,8.701809671168826,,,,,,9.492090462838537,13.341104266407502,5.297972194380703,8.701809671168826,,,,,,9.011647870223289,,11.881619584333132,,,,,,,14.852215206607578,,,,13.921795677048454,,,,,,,,13.094304566778266,,12.415504997598328,,,,,,,,,,,,,14.852215206607578,,,,,7.7787134167164185,,5.265359696838637,,9.011647870223289,,,,,,,,11.394267984578835,9.492090462838537,,,13.094304566778266,,7.7787134167164185,,,,10.904925124490397,13.341104266407502,11.881619584333132,,,,,,,
37,,,5.297972194380703,,13.921795677048454,12.415504997598328,,5.265359696838637,11.394267984578835,10.904925124490397,,,,,,,,,9.492090462838537,13.341104266407502,5.297972194380703,,,7.278982756515468,,,,9.011647870223289,,11.881619584333132,,,7.278982756515468,,,,14.852215206607578,,,,13.921795677048454,,,,,,,,13.094304566778266,,12.415504997598328,,,,,,5.788001980784582,,,,,,,14.852215206607578,,5.788001980784582,,,7.7787134167164185,,5.265359696838637,,9.011647870223289,,,,,,,,11.394267984578835,9.492090462838537,,,13.094304566778266,,7.7787134167164185,,,,10.904925124490397,13.341104266407502,11.881619584333132,,,,,,,
38,,,5.297972194380703,,13.921795677048454,12.415504997598328,,5.265359696838637,11.394267984578835,10.904925124490397,,,8.701809671168826,,,,,,9.492090462838537,,5.297972194380703,8.701809671168826,,7.278982756515468,,,,9.011647870223289,,11.881619584333132,,,7.278982756515468,,,,14.852215206607578,,,,13.921795677048454,,,,,,,,13.094304566778266,,12.415504997598328,,,,,,5.788001980784582,,,,,,,14.852215206607578,,5.788001980784582,,,7.7787134167164185,,5.265359696838637,,9.011647870223289,,,,,,,,11.394267984578835,9.492090462838537,,,13.094304566778266,,7.7787134167164185,,,,10.904925124490397,,11.881619584333132,,,,,,,
39,,,5.297972194380703,,13.921795677048454,12.415504997598328,,5.265359696838637,11.394267984578835,10.904925124490397,,,8.701809671168826,,,,,,9.492090462838537,13.341104266407502,5.297972194380703,8.701809671168826,,7.278982756515468,,,,9.011647870223289,,11.881619584333132,,,7.278982756515468,,,,14.852215206607578,,,,13.921795677048454,,,,,,,,13.094304566778266,,12.415504997598328,,,,,,5.788001980784582,,,,,,,14.852215206607578,,5.788001980784582,,,7.7787134167164185,,5.265359696838637,,9.011647870223289,,,,,,,,11.394267984578835,9.492090462838537,,,13.094304566778266,,7.7787134167164185,,,,10.904925124490397,13.341104266407502,11.881619584333132,,,,,,,
40,,,5.297972194380703,,13.921795677048454,12.415504997598328,,5.265359696838637,11.394267984578835,,,,8.701809671168826,,,,,,,13.341104266407502,5.297972194380703,8.701809671168826,,7.278982756515468,,,13.218025940068083,,,11.881619584333132,,,7.278982756515468,,,,14.852215206607578,,10.449414806032166,,13.921795677048454,,,,,11.037260313668911,,,13.094304566778266,,12.415504997598328,,,,11.037260313668911,,5.788001980784582,,,,,,13.218025940068083,14.852215206607578,,5.788001980784582,,,7.7787134167164185,,5.265359696838637,,9.011647870223289,,,,,,,,11.394267984578835,,,10.449414806032166,13.094304566778266,,7.7787134167164185,,,,,13.341104266407502,11.881619584333132,,,,,,,
41,,,5.297972194380703,,,12.415504997598328,,5.265359696838637,11.394267984578835,,,,,,,,,,,13.341104266407502,5.297972194380703,,,7.278982756515468,,,13.218025940068083,,,11.881619584333132,,,7.278982756515468,,,,14.852215206607578,,10.449414806032166,,,,,,,11.037260313668911,,,13.094304566778266,,12.415504997598328,,,,11.037260313668911,,5.788001980784582,,,,,,13.218025940068083,14.852215206607578,,5.788001980784582,,,7.7787134167164185,,5.265359696838637,,9.011647870223289,,,,,,,,11.394267984578835,,,10.449414806032166,13.094304566778266,,7.7787134167164185,,,,,13.341104266407502,11.881619584333132,,,,,,,
42,,,5.297972194380703,,13.921795677048454,12.415504997598328,,5.265359696838637,11.394267984578835,,,,8.701809671168826,,,,,,,13.341104266407502,5.297972194380703,8.701809671168826,,7.278982756515468,,,13.218025940068083,,,11.881619584333132,,,7.278982756515468,,,,14.852215206607578,,10.449414806032166,,13.921795677048454,,,,,11.037260313668911,,,13.094304566778266,,12.415504997598328,,,,11.037260313668911,,5.788001980784582,,,,,,13.218025940068083,14.852215206607578,,5.788001980784582,,,7.7787134167164185,,5.265359696838637,,9.011647870223289,,,,,,,,11.394267984578835,,,10.449414806032166,13.094304566778266,,7.7787134167164185,,,,,13.341104266407502,11.881619584333132,,,,,,,
43,,,5.297972194380703,,13.921795677048454,12.415504997598328,,5.265359696838637,11.394267984578835,,,,8.701809671168826,,,,,,,13.341104266407502,5.297972194380703,8.701809671168826,,7.278982756515468,,,13.218025940068083,,11.981393949882268,11.881619584333132,,,7.278982756515468,,,,14.852215206607578,,10.449414806032166,,13.921795677048454,,,,,11.037260313668911,,,13.094304566778266,,12.415504997598328,,,,11.037260313668911,,,,,,,,13.218025940068083,14.852215206607578,,,,,7.7787134167164185,,5.265359696838637,,,,,,,,,,11.394267984578835,,11.981393949882268,10.449414806032166,13.094304566778266,,7.7787134167164185,,,,,13.341104266407502,11.881619584333132,,,,,,,
44,,,,,13.921795677048454,12.415504997598328,,5.265359696838637,11.394267984578835,,,,8.701809671168826,,,5.96716376833464,,,,13.341104266407502,,8.701809671168826,,7.278982756515468,,,13.218025940068083,,11.981393949882268,11.881619584333132,,,7.278982756515468,,,,14.852215206607578,,10.449414806032166,,13.921795677048454,,,,,11.037260313668911,,,13.094304566778266,,12.415504997598328,5.96716376833464,,,11.037260313668911,,5.788001980784582,,,,,,13.218025940068083,14.852215206607578,,5.788001980784582,,,7.7787134167164185,,5.265359696838637,,,,,,,,,,11.394267984578835,,11.981393949882268,10.449414806032166,13.094304566778266,,7.7787134167164185,,,,,13.341104266407502,11.881619584333132,,,,,,,
45,,,5.297972194380703,,13.921795677048454,12.415504997598328,,5.265359696838637,11.394267984578835,,,,8.701809671168826,,,5.96716376833464,,,,13.341104266407502,5.297972194380703,8.701809671168826,,7.278982756515468,,,13.218025940068083,,,11.881619584333132,,,7.278982756515468,,,,14.852215206607578,,10.449414806032166,,13.921795677048454,,,,,11.037260313668911,,,13.094304566778266,,12.415504997598328,5.96716376833464,,,11.037260313668911,,5.788001980784582,,,,,,13.218025940068083,14.852215206607578,,5.788001980784582,,,7.7787134167164185,,5.265359696838637,,,,,,,,,,11.394267984578835,,,10.449414806032166,13.094304566778266,,7.7787134167164185,,,,,13.341104266407502,11.881619584333132,,,,,,,
46,,,5.297972194380703,,13.921795677048454,12.415504997598328,,5.265359696838637,11.394267984578835,,,,8.701809671168826,13.85451747936807,,5.96716376833464,,,,13.341104266407502,5.297972194380703,8.701809671168826,,7.278982756515468,,,13.218025940068083,,11.981393949882268,11.881619584333132,,13.85451747936807,7.278982756515468,,,,14.852215206607578,,10.449414806032166,,13.921795677048454,,,,,11.037260313668911,,,13.094304566778266,,12.415504997598328,5.96716376833464,,,11.037260313668911,,,,,,,,13.218025940068083,14.852215206607578,,,,,7.7787134167164185,,5.265359696838637,,,,,,,,,,11.394267984578835,,11.981393949882268,10.449414806032166,13.094304566778266,,7.7787134167164185,,,,,13.341104266407502,11.881619584333132,,,,,,,
47,,,5.297972194380703,,,12.415504997598328,,5.265359696838637,11.394267984578835,,,,8.701809671168826,13.85451747936807,,5.96716376833464,,,,13.341104266407502,5.297972194380703,8.701809671168826,,7.278982756515468,,,13.218025940068083,,11.981393949882268,11.881619584333132,,13.85451747936807,7.278982756515468,,,,14.852215206607578,,10.449414806032166,,,,,,,11.037260313668911,,,13.094304566778266,,12.415504997598328,5.96716376833464,,,11.037260313668911,,5.788001980784582,,,,,,13.218025940068083,14.852215206607578,,5.788001980784582,,,7.7787134167164185,,5.265359696838637,,,,,,,,,,11.394267984578835,,11.981393949882268,10.449414806032166,13.094304566778266,,7.7787134167164185,,,,,13.341104266407502,11.881619584333132,,,,,,,
48,,,5.297972194380703,,13.921795677048454,12.415504997598328,,5.265359696838637,,,,,8.701809671168826,13.85451747936807,,5.96716376833464,,,,13.341104266407502,5.297972194380703,8.701809671168826,,7.278982756515468,,6.248261628532093,13.218025940068083,,11.981393949882268,11.881619584333132,,13.85451747936807,7.278982756515468,,,6.022102765198487,14.852215206607578,13.664836667552699,10.449414806032166,,13.921795677048454,,,,,11.037260313668911,,,13.094304566778266,,12.415504997598328,5.96716376833464,6.248261628532093,6.022102765198487,11.037260313668911,,5.788001980784582,,,,,,13.218025940068083,14.852215206607578,,5.788001980784582,,,7.7787134167164185,,5.265359696838637,,,13.664836667552699,,,,,,,,,11.981393949882268,10.449414806032166,13.094304566778266,,7.7787134167164185,,,,,13.341104266407502,11.881619584333132,,,,,,,
49,,,5.297972194380703,,13.921795677048454,12.415504997598328,,5.265359696838637,11.394267984578835,,,,8.701809671168826,13.85451747936807,,5.96716376833464,,,,13.341104266407502,5.297972194380703,8.701809671168826,,7.278982756515468,,6.248261628532093,13.218025940068083,,11.981393949882268,11.881619584333132,,13.85451747936807,7.278982756515468,,,6.022102765198487,14.852215206607578,13.664836667552699,10.449414806032166,,13.921795677048454,,,,,11.037260313668911,,,13.094304566778266,,12.415504997598328,5.96716376833464,6.248261628532093,6.022102765198487,11.037260313668911,,5.788001980784582,,,,,,13.218025940068083,14.852215206607578,,5.788001980784582,,,7.7787134167164185,,5.265359696838637,,,13.664836667552699,,,,,,,11.394267984578835,,11.981393949882268,10.449414806032166,13.094304566778266,,7.7787134167164185,,,,,13.341104266407502,11.881619584333132,,,,,,,
50,,,5.297972194380703,,13.921795677048454,12.415504997598328,,5.265359696838637,11.394267984578835,,,,8.701809671168826,13.85451747936807,,5.96716376833464,,,,13.341104266407502,5.297972194380703,8.701809671168826,,7.278982756515468,,6.248261628532093,13.218025940068083,,11.981393949882268,11.881619584333132,,13.85451747936807,7.278982756515468,,,6.022102765198487,14.852215206607578,13.664836667552699,10.449414806032166,,13.921795677048454,,,,,11.037260313668911,,,13.094304566778266,,12.415504997598328,5.96716376833464,6.248261628532093,6.022102765198487,11.037260313668911,,5.788001980784582,,,,,,13.218025940068083,14.852215206607578,,5.788001980784582,,,7.7787134167164185,,5.265359696838637,,,13.664836667552699,,,,,,,11.394267984578835,,11.981393949882268,10.449414806032166,13.094304566778266,,7.7787134167164185,,,,,13.341104266407502,11.881619584333132,,,,,,,
51,,,5.297972194380703,,13.921795677048454,12.415504997598328,,5.265359696838637,11.394267984578835,,,,8.701809671168826,13.85451747936807,,5.96716376833464,,,,13.341104266407502,5.297972194380703,8.701809671168826,,7.278982756515468,,6.248261628532093,13.218025940068083,,11.981393949882268,11.881619584333132,,13.85451747936807,7.278982756515468,,,6.022102765198487,14.852215206607578,13.664836667552699,10.449414806032166,,13.921795677048454,,,,,,,,13.094304566778266,,12.415504997598328,5.96716376833464,6.248261628532093,6.022102765198487,,,5.788001980784582,,,,,,13.218025940068083,14.852215206607578,,5.788001980784582,,,7.7787134167164185,,5.265359696838637,,,13.664836667552699,,,,,,,11.394267984578835,,11.981393949882268,10.449414806032166,13.094304566778266,,7.7787134167164185,,,,,13.341104266407502,11.881619584333132,,,,,,,
52,,,,,13.921795677048454,12.415504997598328,,5.265359696838637,11.394267984578835,,,,8.701809671168826,13.85451747936807,,5.96716376833464,,,,13.341104266407502,,8.701809671168826,,7.278982756515468,,6.248261628532093,13.218025940068083,,11.981393949882268,11.881619584333132,,13.85451747936807,7.278982756515468,,,6.022102765198487,14.852215206607578,13.664836667552699,10.449414806032166,,13.921795677048454,,,,,11.037260313668911,,,13.094304566778266,,12.415504997598328,5.96716376833464,6.248261628532093,6.022102765198487,11.037260313668911,,5.788001980784582,,,,,,13.218025940068083,14.852215206607578,,5.788001980784582,,,7.7787134167164185,,5.265359696838637,,,13.664836667552699,,,,,,,11.394267984578835,,11.981393949882268,10.449414806032166,13.094304566778266,,7.7787134167164185,,,,,13.341104266407502,11.881619584333132,,,,,,,
53,,,5.297972194380703,,13.921795677048454,12.415504997598328,,5.265359696838637,11.394267984578835,,,,8.701809671168826,13.85451747936807,,5.96716376833464,,,,13.341104266407502,5.297972194380703,8.701809671168826,,7.278982756515468,,6.248261628532093,13.218025940068083,,11.981393949882268,11.881619584333132,,13.85451747936807,7.278982756515468,,,6.022102765198487,14.852215206607578,13.664836667552699,10.449414806032166,,13.921795677048454,,,,,11.037260313668911,,,13.094304566778266,,12.415504997598328,5.96716376833464,6.248261628532093,6.022102765198487,11.037260313668911,,5.788001980784582,,,,,,13.218025940068083,14.852215206607578,,5.788001980784582,,,7.7787134167164185,,5.265359696838637,,,13.664836667552699,,,,,,,11.394267984578835,,11.981393949882268,10.449414806032166,13.094304566778266,,7.7787134167164185,,,,,13.341104266407502,11.881619584333132,,,,,,,
54,,,5.297972194380703,,,12.415504997598328,,5.265359696838637,11.394267984578835,,,,8.701809671168826,13.85451747936807,,5.96716376833464,,,,13.341104266407502,5.297972194380703,8.701809671168826,,7.278982756515468,,6.248261628532093,13.218025940068083,,11.981393949882268,11.881619584333132,,13.85451747936807,7.278982756515468,,,6.022102765198487,14.852215206607578,13.664836667552699,10.449414806032166,,,,,,,11.037260313668911,,,13.094304566778266,,12.415504997598328,5.96716376833464,6.248261628532093,6.022102765198487,11.037260313668911,,5.788001980784582,,,,,,13.218025940068083,14.852215206607578,,5.788001980784582,,,7.7787134167164185,,5.265359696838637,,,13.664836667552699,,,,,,,11.394267984578835,,11.981393949882268,10.449414806032166,13.094304566778266,,7.7787134167164185,,,,,13.341104266407502,11.881619584333132,,,,,,,
55,,,5.297972194380703,,13.921795677048454,12.415504997598328,,5.265359696838637,11.394267984578835,,,,8.701809671168826,13.85451747936807,,5.96716376833464,,,,13.341104266407502,5.297972194380703,8.701809671168826,,7.278982756515468,,6.248261628532093,13.218025940068083,,11.981393949882268,11.881619584333132,,13.85451747936807,7.278982756515468,,,6.022102765198487,14.852215206607578,13.664836667552699,10.449414806032166,,13.921795677048454,,,,,11.037260313668911,,,13.094304566778266,,12.415504997598328,5.96716376833464,6.248261628532093,6.022102765198487,11.037260313668911,,5.788001980784582,,,,,,13.218025940068083,14.852215206607578,,5.788001980784582,,,7.7787134167164185,,5.265359696838637,,,13.664836667552699,,,,,,,11.394267984578835,,11.981393949882268,10.449414806032166,13.094304566778266,,7.7787134167164185,,,,,13.341104266407502,11.881619584333132,,,,,,,
56,,,5.297972194380703,,13.921795677048454,12.415504997598328,,5.265359696838637,11.394267984578835,,,,,13.85451747936807,,5.96716376833464,,,,13.341104266407502,5.297972194380703,,,7.278982756515468,,6.248261628532093,,,11.981393949882268,11.881619584333132,,13.85451747936807,7.278982756515468,,,6.022102765198487,14.852215206607578,13.664836667552699,10.449414806032166,,13.921795677048454,,,,,11.037260313668911,,,13.094304566778266,,12.415504997598328,5.96716376833464,6.248261628532093,6.022102765198487,11.037260313668911,,5.788001980784582,,,,,,,14.852215206607578,,5.788001980784582,,,7.7787134167164185,,5.265359696838637,,,13.664836667552699,,,,,,,11.394267984578835,,11.981393949882268,10.449414806032166,13.094304566778266,,7.7787134167164185,,,,,13.341104266407502,11.881619584333132,,,,,,,
57,,,5.297972194380703,,13.921795677048454,12.415504997598328,,5.265359696838637,11.394267984578835,,,,8.701809671168826,13.85451747936807,,5.96716376833464,,,,13.341104266407502,5.297972194380703,8.701809671168826,,7.278982756515468,,6.248261628532093,13.218025940068083,,11.981393949882268,,,13.85451747936807,7.278982756515468,,,6.022102765198487,14.852215206607578,13.664836667552699,10.449414806032166,,13.921795677048454,,,,,11.037260313668911,,,13.094304566778266,,12.415504997598328,5.96716376833464,6.248261628532093,6.022102765198487,11.037260313668911,,5.788001980784582,,,,,,13.218025940068083,14.852215206607578,,5.788001980784582,,,7.7787134167164185,,5.265359696838637,,,13.664836667552699,,,,,,,11.394267984578835,,11.981393949882268,10.449414806032166,13.094304566778266,,7.7787134167164185,,,,,13.341104266407502,,,,,,,,
58,,,5.297972194380703,,13.921795677048454,12.415504997598328,,5.265359696838637,11.394267984578835,,,,8.701809671168826,13.85451747936807,,5.96716376833464,,,,13.341104266407502,5.297972194380703,8.701809671168826,,7.278982756515468,,6.248261628532093,13.218025940068083,,11.981393949882268,11.881619584333132,,13.85451747936807,7.278982756515468,,,6.022102765198487,14.852215206607578,13.664836667552699,10.449414806032166,,13.921795677048454,,,,,11.037260313668911,,,,,12.415504997598328,5.96716376833464,6.248261628532093,6.022102765198487,11.037260313668911,,5.788001980784582,,,,,,13.218025940068083,14.852215206607578,,5.788001980784582,,,7.7787134167164185,,5.265359696838637,,,13.664836667552699,,,,,,,11.394267984578835,,11.981393949882268,10.449414806032166,,,7.7787134167164185,,,,,13.341104266407502,11.881619584333132,,,,,,,
59,,,5.297972194380703,,13.921795677048454,12.415504997598328,,5.265359696838637,11.394267984578835,,,,8.701809671168826,13.85451747936807,,5.96716376833464,,,,13.341104266407502,5.297972194380703,8.701809671168826,,7.278982756515468,,6.248261628532093,13.218025940068083,,11.981393949882268,,,13.85451747936807,7.278982756515468,,,6.022102765198487,14.852215206607578,13.664836667552699,10.449414806032166,,13.921795677048454,,,,,11.037260313668911,7.448109251514262,,,,12.415504997598328,5.96716376833464,6.248261628532093,6.022102765198487,11.037260313668911,,,,,,,,13.218025940068083,14.852215206607578,7.448109251514262,,,,7.7787134167164185,,5.265359696838637,,,13.664836667552699,,,,,,,11.394267984578835,,11.981393949882268,10.449414806032166,,,7.7787134167164185,,,,,13.341104266407502,,,,,,,,
60,,,5.297972194380703,,13.921795677048454,12.415504997598328,,5.265359696838637,11.394267984578835,,,,,13.85451747936807,,5.96716376833464,,,,13.341104266407502,5.297972194380703,,,7.278982756515468,,,13.218025940068083,,11.981393949882268,11.881619584333132,,13.85451747936807,7.278982756515468,,,6.022102765198487,14.852215206607578,13.664836667552699,10.449414806032166,,13.921795677048454,,,,,11.037260313668911,7.448109251514262,,13.094304566778266,,12.415504997598328,5.96716376833464,,6.022102765198487,11.037260313668911,,5.788001980784582,,,,,,13.218025940068083,14.852215206607578,7.448109251514262,5.788001980784582,,,7.7787134167164185,,5.265359696838637,,,13.664836667552699,,,,,,,11.394267984578835,,11.981393949882268,10.449414806032166,13.094304566778266,,7.7787134167164185,,,,,13.341104266407502,11.881619584333132,,,,,,,
61,,,5.297972194380703,,13.921795677048454,12.415504997598328,,5.265359696838637,11.394267984578835,,,,,13.85451747936807,,5.96716376833464,,,,13.341104266407502,5.297972194380703,,,7.278982756515468,,6.248261628532093,,,11.981393949882268,11.881619584333132,,13.85451747936807,7.278982756515468,,,6.022102765198487,14.852215206607578,13.664836667552699,10.449414806032166,,13.921795677048454,,,,,11.037260313668911,7.448109251514262,,,,12.415504997598328,5.96716376833464,6.248261628532093,6.022102765198487,11.037260313668911,,5.788001980784582,,,,,,,14.852215206607578,7.448109251514262,5.788001980784582,,,7.7787134167164185,,5.265359696838637,,,13.664836667552699,,,,,,,11.394267984578835,,11.981393949882268,10.449414806032166,,,7.7787134167164185,,,,,13.341104266407502,11.881619584333132,,,,,,,
62,,,5.297972194380703,,13.921795677048454,12.415504997598328,,5.265359696838637,11.394267984578835,,,,8.701809671168826,13.85451747936807,,5.96716376833464,,,,13.341104266407502,5.297972194380703,8.701809671168826,,7.278982756515468,,6.248261628532093,13.218025940068083,,,11.881619584333132,,13.85451747936807,7.278982756515468,,,6.022102765198487,,13.664836667552699,10.449414806032166,,13.921795677048454,,,,,11.037260313668911,7.448109251514262,,13.094304566778266,,12.415504997598328,5.96716376833464,6.248261628532093,6.022102765198487,11.037260313668911,,5.788001980784582,,,,,,13.218025940068083,,7.448109251514262,5.788001980784582,,,7.7787134167164185,,5.265359696838637,,,13.664836667552699,,,,,,,11.394267984578835,,,10.449414806032166,13.094304566778266,,7.7787134167164185,,,,,13.341104266407502,11.881619584333132,,,,,,,
63,,,5.297972194380703,,13.921795677048454,12.415504997598328,,5.265359696838637,,,,,8.701809671168826,13.85451747936807,,5.96716376833464,,,,13.341104266407502,5.297972194380703,8.701809671168826,,7.278982756515468,,6.248261628532093,13.218025940068083,,11.981393949882268,11.881619584333132,,13.85451747936807,7.278982756515468,,,6.022102765198487,,13.664836667552699,10.449414806032166,,13.921795677048454,,,,,,7.448109251514262,,13.094304566778266,,12.415504997598328,5.96716376833464,6.248261628532093,6.022102765198487,,,5.788001980784582,,,,,,13.218025940068083,,7.448109251514262,5.788001980784582,,,7.7787134167164185,,5.265359696838637,,,13.664836667552699,,,,,,,,,11.981393949882268,10.449414806032166,13.094304566778266,,7.7787134167164185,,,,,13.341104266407502,11.881619584333132,,,,,,,
64,,,5.297972194380703,,13.921795677048454,12.415504997598328,,5.265359696838637,11.394267984578835,,,,8.701809671168826,13.85451747936807,,5.96716376833464,,,,13.341104266407502,5.297972194380703,8.701809671168826,,7.278982756515468,,6.248261628532093,13.218025940068083,,11.981393949882268,11.881619584333132,,13.85451747936807,7.278982756515468,,,6.022102765198487,14.852215206607578,13.664836667552699,10.449414806032166,,13.921795677048454,,,,,11.037260313668911,7.448109251514262,,13.094304566778266,,12.415504997598328,5.96716376833464,6.248261628532093,6.022102765198487,11.037260313668911,,,,,,,,13.218025940068083,14.852215206607578,7.448109251514262,,,,7.7787134167164185,,5.265359696838637,,,13.664836667552699,,,,,,,11.394267984578835,,11.981393949882268,10.449414806032166,13.094304566778266,,7.7787134167164185,,,,,13.341104266407502,11.881619584333132,,,,,,,
65,,,5.297972194380703,,13.921795677048454,12.415504997598328,,5.265359696838637,11.394267984578835,,,,8.701809671168826,13.85451747936807,,5.96716376833464,,,,13.341104266407502,5.297972194380703,8.701809671168826,,7.278982756515468,,6.248261628532093,13.218025940068083,,11.981393949882268,11.881619584333132,,13.85451747936807,7.278982756515468,,,6.022102765198487,14.852215206607578,13.664836667552699,10.449414806032166,,13.921795677048454,,,,,11.037260313668911,7.448109251514262,,13.094304566778266,,12.415504997598328,5.96716376833464,6.248261628532093,6.022102765198487,11.037260313668911,,5.788001980784582,,,,,,13.218025940068083,14.852215206607578,7.448109251514262,5.788001980784582,,,7.7787134167164185,,5.265359696838637,,,13.664836667552699,,,,,,,11.394267984578835,,11.981393949882268,10.449414806032166,13.094304566778266,,7.7787134167164185,,,,,13.341104266407502,11.881619584333132,,,,,,,
66,,,5.297972194380703,,13.921795677048454,12.415504997598328,,5.265359696838637,11.394267984578835,,,,8.701809671168826,13.85451747936807,,5.96716376833464,,,,13.341104266407502,5.297972194380703,8.701809671168826,,7.278982756515468,,6.248261628532093,,,11.981393949882268,11.881619584333132,,13.85451747936807,7.278982756515468,,,6.022102765198487,14.852215206607578,13.664836667552699,10.449414806032166,,13.921795677048454,,,,,11.037260313668911,7.448109251514262,,13.094304566778266,,12.415504997598328,5.96716376833464,6.248261628532093,6.022102765198487,11.037260313668911,,5.788001980784582,,,,,,,14.852215206607578,7.448109251514262,5.788001980784582,,,7.7787134167164185,,5.265359696838637,,,13.664836667552699,,,,,,,11.394267984578835,,11.981393949882268,10.449414806032166,13.094304566778266,,7.7787134167164185,,,,,13.341104266407502,11.881619584333132,,,,,,,
67,,,5.297972194380703,,13.921795677048454,12.415504997598328,,5.265359696838637,11.394267984578835,,,,8.701809671168826,13.85451747936807,,5.96716376833464,,,,13.341104266407502,5.297972194380703,8.701809671168826,,7.278982756515468,,6.248261628532093,13.218025940068083,,11.981393949882268,,,13.85451747936807,7.278982756515468,,,6.022102765198487,14.852215206607578,13.664836667552699,10.449414806032166,,13.921795677048454,,,,,11.037260313668911,7.448109251514262,,13.094304566778266,,12.415504997598328,5.96716376833464,6.248261628532093,6.022102765198487,11.037260313668911,,5.788001980784582,,,,,,13.218025940068083,14.852215206607578,7.448109251514262,5.788001980784582,,,7.7787134167164185,,5.265359696838637,,,13.664836667552699,,,,,,,11.394267984578835,,11.981393949882268,10.449414806032166,13.094304566778266,,7.7787134167164185,,,,,13.341104266407502,,,,,,,,
68,,,5.297972194380703,,13.921795677048454,12.415504997598328,,5.265359696838637,11.394267984578835,,,,8.701809671168826,13.85451747936807,,5.96716376833464,,,,13.341104266407502,5.297972194380703,8.701809671168826,,7.278982756515468,,6.248261628532093,13.218025940068083,,11.981393949882268,11.881619584333132,,13.85451747936807,7.278982756515468,,,6.022102765198487,14.852215206607578,13.664836667552699,10.449414806032166,,13.921795677048454,,,,,11.037260313668911,7.448109251514262,,13.094304566778266,,12.415504997598328,5.96716376833464,6.248261628532093,6.022102765198487,11.037260313668911,,5.788001980784582,,,12.297317866938178,,,13.218025940068083,14.852215206607578,7.448109251514262,5.788001980784582,,,,,5.265359696838637,,,13.664836667552699,,,,,,,11.394267984578835,,11.981393949882268,10.449414806032166,13.094304566778266,,,,,,,13.341104266407502,11.881619584333132,,,12.297317866938178,,,,
69,,,5.297972194380703,,13.921795677048454,12.415504997598328,,5.265359696838637,11.394267984578835,,,,8.701809671168826,13.85451747936807,,5.96716376833464,,,,13.341104266407502,5.297972194380703,8.701809671168826,,7.278982756515468,,6.248261628532093,13.218025940068083,,11.981393949882268,11.881619584333132,,13.85451747936807,7.278982756515468,,,6.022102765198487,14.852215206607578,13.664836667552699,10.449414806032166,,13.921795677048454,,,,,11.037260313668911,7.448109251514262,,13.094304566778266,,12.415504997598328,5.96716376833464,6.248261628532093,6.022102765198487,11.037260313668911,,5.788001980784582,,,12.297317866938178,,,13.218025940068083,14.852215206607578,7.448109251514262,5.788001980784582,,,7.7787134167164185,,5.265359696838637,,,13.664836667552699,,,,,,,11.394267984578835,,11.981393949882268,10.449414806032166,13.094304566778266,,7.7787134167164185,,,,,13.341104266407502,11.881619584333132,,,12.297317866938178,,,,
70,,,5.297972194380703,,,12.415504997598328,,5.265359696838637,11.394267984578835,,,,8.701809671168826,13.85451747936807,,5.96716376833464,,,,13.341104266407502,5.297972194380703,8.701809671168826,,7.278982756515468,,6.248261628532093,13.218025940068083,,11.981393949882268,11.881619584333132,,13.85451747936807,7.278982756515468,,,6.022102765198487,14.852215206607578,13.664836667552699,10.449414806032166,,,,,,,11.037260313668911,7.448109251514262,,13.094304566778266,,12.415504997598328,5.96716376833464,6.248261628532093,6.022102765198487,11.037260313668911,,5.788001980784582,,,12.297317866938178,,,13.218025940068083,14.852215206607578,7.448109251514262,5.788001980784582,,,7.7787134167164185,,5.265359696838637,,,13.664836667552699,,,,,,,11.394267984578835,,11.981393949882268,10.449414806032166,13.094304566778266,,7.7787134167164185,,,,,13.341104266407502,11.881619584333132,,,12.297317866938178,,,,
71,,,5.297972194380703,,13.921795677048454,12.415504997598328,,5.265359696838637,11.394267984578835,,,,8.701809671168826,13.85451747936807,,5.96716376833464,,,,13.341104266407502,5.297972194380703,8.701809671168826,,7.278982756515468,,6.248261628532093,13.218025940068083,,11.981393949882268,11.881619584333132,,13.85451747936807,7.278982756515468,,,6.022102765198487,14.852215206607578,13.664836667552699,10.449414806032166,,13.921795677048454,,,,,11.037260313668911,7.448109251514262,,13.094304566778266,,12.415504997598328,5.96716376833464,6.248261628532093,6.022102765198487,11.037260313668911,,5.788001980784582,,,12.297317866938178,,,13.218025940068083,14.852215206607578,7.448109251514262,5.788001980784582,,,7.7787134167164185,,5.265359696838637,,,13.664836667552699,,,,,,,11.394267984578835,,11.981393949882268,10.449414806032166,13.094304566778266,,7.7787134167164185,,,,,13.341104266407502,11.881619584333132,,,12.297317866938178,,,,
72,,,5.297972194380703,,13.921795677048454,12.415504997598328,,5.265359696838637,11.394267984578835,,,,8.701809671168826,13.85451747936807,,5.96716376833464,,,,13.341104266407502,5.297972194380703,8.701809671168826,,7.278982756515468,,6.248261628532093,13.218025940068083,,11.981393949882268,11.881619584333132,,13.85451747936807,7.278982756515468,,,6.022102765198487,14.852215206607578,13.664836667552699,10.449414806032166,,13.921795677048454,,,,,11.037260313668911,7.448109251514262,,13.094304566778266,,12.415504997598328,5.96716376833464,6.248261628532093,6.022102765198487,11.037260313668911,,5.788001980784582,,,12.297317866938178,,,13.218025940068083,14.852215206607578,7.448109251514262,5.788001980784582,,7.109828435863265,7.7787134167164185,,5.265359696838637,,,13.664836667552699,,,7.109828435863265,,,,11.394267984578835,,11.981393949882268,10.449414806032166,13.094304566778266,,7.7787134167164185,,,,,13.341104266407502,11.881619584333132,,,12.297317866938178,,,,
73,,,5.297972194380703,,13.921795677048454,12.415504997598328,,5.265359696838637,11.394267984578835,,,,8.701809671168826,13.85451747936807,,5.96716376833464,,,,13.341104266407502,5.297972194380703,8.701809671168826,,7.278982756515468,,6.248261628532093,,,11.981393949882268,11.881619584333132,,13.85451747936807,7.278982756515468,,,6.022102765198487,14.852215206607578,13.664836667552699,10.449414806032166,,13.921795677048454,,,,,11.037260313668911,7.448109251514262,,,,12.415504997598328,5.96716376833464,6.248261628532093,6.022102765198487,11.037260313668911,,5.788001980784582,,,12.297317866938178,,,,14.852215206607578,7.448109251514262,5.788001980784582,,7.109828435863265,7.7787134167164185,,5.265359696838637,,,13.664836667552699,,,7.109828435863265,,,,11.394267984578835,,11.981393949882268,10.449414806032166,,,7.7787134167164185,,,,,13.341104266407502,11.881619584333132,,,12.297317866938178,,,,
74,,,5.297972194380703,,13.921795677048454,12.415504997598328,,5.265359696838637,11.394267984578835,,,,8.701809671168826,13.85451747936807,,5.96716376833464,,,,13.341104266407502,5.297972194380703,8.701809671168826,,7.278982756515468,,6.248261628532093,13.218025940068083,,11.981393949882268,11.881619584333132,,13.85451747936807,7.278982756515468,,,6.022102765198487,14.852215206607578,13.664836667552699,10.449414806032166,,13.921795677048454,,,,,11.037260313668911,7.448109251514262,,13.094304566778266,,12.415504997598328,5.96716376833464,6.248261628532093,6.022102765198487,11.037260313668911,,5.788001980784582,,,12.297317866938178,,,13.218025940068083,14.852215206607578,7.448109251514262,5.788001980784582,,7.109828435863265,7.7787134167164185,,5.265359696838637,,,13.664836667552699,,,7.109828435863265,,,,11.394267984578835,,11.981393949882268,10.449414806032166,13.094304566778266,,7.7787134167164185,,,,,13.341104266407502,11.881619584333132,,,12.297317866938178,,,,
75,,,5.297972194380703,,13.921795677048454,12.415504997598328,,5.265359696838637,11.394267984578835,,,,8.701809671168826,13.85451747936807,,5.96716376833464,,,,13.341104266407502,5.297972194380703,8.701809671168826,,7.278982756515468,,6.248261628532093,13.218025940068083,,11.981393949882268,11.881619584333132,,13.85451747936807,7.278982756515468,,,6.022102765198487,14.852215206607578,13.664836667552699,10.449414806032166,,13.921795677048454,,,,,11.037260313668911,7.448109251514262,,13.094304566778266,,12.415504997598328,5.96716376833464,6.248261628532093,6.022102765198487,11.037260313668911,,5.788001980784582,,,12.297317866938178,,,13.218025940068083,14.852215206607578,7.448109251514262,5.788001980784582,,7.109828435863265,7.7787134167164185,,5.265359696838637,,,13.664836667552699,,,7.109828435863265,,,,11.394267984578835,,11.981393949882268,10.449414806032166,13.094304566778266,,7.7787134167164185,,,,,13.341104266407502,11.881619584333132,,,12.297317866938178,,,,
76,,,5.297972194380703,,13.921795677048454,12.415504997598328,,5.265359696838637,,,,,8.701809671168826,13.85451747936807,,5.96716376833464,,,,13.341104266407502,5.297972194380703,8.701809671168826,,7.278982756515468,,6.248261628532093,,,11.981393949882268,11.881619584333132,,13.85451747936807,7.278982756515468,,,6.022102765198487,14.852215206607578,13.664836667552699,10.449414806032166,,13.921795677048454,,,,,11.037260313668911,7.448109251514262,,13.094304566778266,,12.415504997598328,5.96716376833464,6.248261628532093,6.022102765198487,11.037260313668911,,5.788001980784582,,,12.297317866938178,,,,14.852215206607578,7.448109251514262,5.788001980784582,,7.109828435863265,7.7787134167164185,,5.265359696838637,,,13.664836667552699,,,7.109828435863265,,,,,,11.981393949882268,10.449414806032166,13.094304566778266,,7.7787134167164185,,,,,13.341104266407502,11.881619584333132,,,12.297317866938178,,,,
77,,,5.297972194380703,,13.921795677048454,12.415504997598328,7.326608933907396,5.265359696838637,11.394267984578835,,,,8.701809671168826,13.85451747936807,,5.96716376833464,,,,13.341104266407502,5.297972194380703,8.701809671168826,,7.278982756515468,,6.248261628532093,13.218025940068083,,11.981393949882268,11.881619584333132,,13.85451747936807,7.278982756515468,,,6.022102765198487,14.852215206607578,13.664836667552699,10.449414806032166,,13.921795677048454,,,,,11.037260313668911,7.448109251514262,,13.094304566778266,,12.415504997598328,5.96716376833464,6.248261628532093,6.022102765198487,11.037260313668911,,5.788001980784582,,,12.297317866938178,7.326608933907396,,13.218025940068083,14.852215206607578,7.448109251514262,5.788001980784582,,7.109828435863265,7.7787134167164185,,5.265359696838637,,,13.664836667552699,,,7.109828435863265,,,,11.394267984578835,,11.981393949882268,10.449414806032166,13.094304566778266,,7.7787134167164185,,,,,13.341104266407502,11.881619584333132,,,12.297317866938178,,,,
78,,,5.297972194380703,,13.921795677048454,12.415504997598328,7.326608933907396,5.265359696838637,11.394267984578835,,,,8.701809671168826,13.85451747936807,,5.96716376833464,,,,13.341104266407502,5.297972194380703,8.701809671168826,,7.278982756515468,,,13.218025940068083,,11.981393949882268,11.881619584333132,,13.85451747936807,7.278982756515468,,,6.022102765198487,14.852215206607578,13.664836667552699,10.449414806032166,,13.921795677048454,,,,,11.037260313668911,7.448109251514262,,13.094304566778266,,12.415504997598328,5.96716376833464,,6.022102765198487,11.037260313668911,,5.788001980784582,,,12.297317866938178,7.326608933907396,,13.218025940068083,14.852215206607578,7.448109251514262,5.788001980784582,,7.109828435863265,7.7787134167164185,,5.265359696838637,,,13.664836667552699,,,7.109828435863265,,,,11.394267984578835,,11.981393949882268,10.449414806032166,13.094304566778266,,7.7787134167164185,,,,,13.341104266407502,11.881619584333132,,,12.297317866938178,,,,
79,,,5.297972194380703,,13.921795677048454,12.415504997598328,7.326608933907396,5.265359696838637,11.394267984578835,,,,8.701809671168826,13.85451747936807,,5.96716376833464,,,,13.341104266407502,5.297972194380703,8.701809671168826,,7.278982756515468,,6.248261628532093,13.218025940068083,,11.981393949882268,11.881619584333132,,13.85451747936807,7.278982756515468,,,6.022102765198487,14.852215206607578,13.664836667552699,10.449414806032166,,13.921795677048454,,,,,11.037260313668911,7.448109251514262,,13.094304566778266,,12.415504997598328,5.96716376833464,6.248261628532093,6.022102765198487,11.037260313668911,,5.788001980784582,,,12.297317866938178,7.326608933907396,,13.218025940068083,14.852215206607578,7.448109251514262,5.788001980784582,,7.109828435863265,7.7787134167164185,,5.265359696838637,,,13.664836667552699,,,7.109828435863265,,,,11.394267984578835,,11.981393949882268,10.449414806032166,13.094304566778266,,7.7787134167164185,,,,,13.341104266407502,11.881619584333132,,,12.297317866938178,,,,
80,,,5.297972194380703,,,12.415504997598328,7.326608933907396,5.265359696838637,11.394267984578835,,,,8.701809671168826,13.85451747936807,,5.96716376833464,,,,13.341104266407502,5.297972194380703,8.701809671168826,,7.278982756515468,,6.248261628532093,13.218025940068083,,11.981393949882268,11.881619584333132,,13.85451747936807,7.278982756515468,,,6.022102765198487,14.852215206607578,13.664836667552699,,,,,,,,11.037260313668911,7.448109251514262,,13.094304566778266,,12.415504997598328,5.96716376833464,6.248261628532093,6.022102765198487,11.037260313668911,,5.788001980784582,,,12.297317866938178,7.326608933907396,,13.218025940068083,14.852215206607578,7.448109251514262,5.788001980784582,,7.109828435863265,7.7787134167164185,,5.265359696838637,,,13.664836667552699,,,7.109828435863265,,,,11.394267984578835,,11.981393949882268,,13.094304566778266,,7.7787134167164185,,,,,13.341104266407502,11.881619584333132,,,12.297317866938178,,,,
81,,,5.297972194380703,,13.921795677048454,12.415504997598328,7.326608933907396,5.265359696838637,11.394267984578835,,,,,13.85451747936807,7.779736031100921,5.96716376833464,,,,13.341104266407502,5.297972194380703,,,7.278982756515468,,6.248261628532093,13.218025940068083,,11.981393949882268,11.881619584333132,,13.85451747936807,7.278982756515468,,,6.022102765198487,14.852215206607578,13.664836667552699,10.449414806032166,,13.921795677048454,7.779736031100921,,,,,7.448109251514262,8.794554417576478,13.094304566778266,5.714025095785483,12.415504997598328,5.96716376833464,6.248261628532093,6.022102765198487,,,5.788001980784582,,,12.297317866938178,7.326608933907396,,13.218025940068083,14.852215206607578,7.448109251514262,5.788001980784582,,7.109828435863265,7.7787134167164185,,5.265359696838637,,,13.664836667552699,8.794554417576478,,7.109828435863265,,,,11.394267984578835,,11.981393949882268,10.449414806032166,13.094304566778266,,7.7787134167164185,,,,,13.341104266407502,11.881619584333132,,5.714025095785483,12.297317866938178,,,,
82,,,5.297972194380703,,,12.415504997598328,7.326608933907396,5.265359696838637,11.394267984578835,,,,8.701809671168826,13.85451747936807,7.779736031100921,5.96716376833464,,14.366545877124942,,13.341104266407502,5.297972194380703,8.701809671168826,,7.278982756515468,,6.248261628532093,13.218025940068083,,11.981393949882268,11.881619584333132,,13.85451747936807,7.278982756515468,,,6.022102765198487,14.852215206607578,13.664836667552699,10.449414806032166,,,7.779736031100921,,,,11.037260313668911,7.448109251514262,8.794554417576478,13.094304566778266,5.714025095785483,12.415504997598328,5.96716376833464,6.248261628532093,6.022102765198487,11.037260313668911,,,,,12.297317866938178,7.326608933907396,,13.218025940068083,14.852215206607578,7.448109251514262,,,7.109828435863265,7.7787134167164185,,5.265359696838637,14.366545877124942,,13.664836667552699,8.794554417576478,,7.109828435863265,,,,11.394267984578835,,11.981393949882268,10.449414806032166,13.094304566778266,,7.7787134167164185,,,,,13.341104266407502,11.881619584333132,,5.714025095785483,12.297317866938178,,,,
83,,,5.297972194380703,,13.921795677048454,12.415504997598328,,5.265359696838637,11.394267984578835,,,,8.701809671168826,13.85451747936807,7.779736031100921,5.96716376833464,,14.366545877124942,,13.341104266407502,5.297972194380703,8.701809671168826,,7.278982756515468,,6.248261628532093,13.218025940068083,,11.981393949882268,11.881619584333132,,13.85451747936807,7.278982756515468,,,6.022102765198487,14.852215206607578,13.664836667552699,10.449414806032166,,13.921795677048454,7.779736031100921,,,,11.037260313668911,7.448109251514262,8.794554417576478,13.094304566778266,5.714025095785483,12.415504997598328,5.96716376833464,6.248261628532093,6.022102765198487,11.037260313668911,,5.788001980784582,,,12.297317866938178,,,13.218025940068083,14.852215206607578,7.448109251514262,5.788001980784582,,7.109828435863265,7.7787134167164185,,5.265359696838637,14.366545877124942,,13.664836667552699,8.794554417576478,,7.109828435863265,,,,11.394267984578835,,11.981393949882268,10.449414806032166,13.094304566778266,,7.7787134167164185,,,,,13.341104266407502,11.881619584333132,,5.714025095785483,12.297317866938178,,,,
84,,,5.297972194380703,,13.921795677048454,12.415504997598328,7.326608933907396,5.265359696838637,11.394267984578835,,,,8.701809671168826,13.85451747936807,7.779736031100921,5.96716376833464,,14.366545877124942,,13.341104266407502,5.297972194380703,8.701809671168826,,7.278982756515468,,6.248261628532093,,,,11.881619584333132,,13.85451747936807,7.278982756515468,,,6.022102765198487,14.852215206607578,13.664836667552699,10.449414806032166,5.69555148823741,13.921795677048454,7.779736031100921,,,,11.037260313668911,7.448109251514262,8.794554417576478,13.094304566778266,5.714025095785483,12.415504997598328,5.96716376833464,6.248261628532093,6.022102765198487,11.037260313668911,,5.788001980784582,,,12.297317866938178,7.326608933907396,,,14.852215206607578,7.448109251514262,5.788001980784582,,7.109828435863265,7.7787134167164185,,5.265359696838637,14.366545877124942,,13.664836667552699,8.794554417576478,,7.109828435863265,,,,11.394267984578835,,,10.449414806032166,13.094304566778266,,7.7787134167164185,,,,,13.341104266407502,11.881619584333132,5.69555148823741,5.714025095785483,12.297317866938178,,,,
85,,,5.297972194380703,,,12.415504997598328,7.326608933907396,5.265359696838637,11.394267984578835,,,,,13.85451747936807,7.779736031100921,5.96716376833464,,14.366545877124942,,13.341104266407502,5.297972194380703,,,,,6.248261628532093,13.218025940068083,,11.981393949882268,11.881619584333132,,13.85451747936807,,,,6.022102765198487,14.852215206607578,13.664836667552699,10.449414806032166,5.69555148823741,,7.779736031100921,,,,11.037260313668911,7.448109251514262,8.794554417576478,13.094304566778266,5.714025095785483,12.415504997598328,5.96716376833464,6.248261628532093,6.022102765198487,11.037260313668911,,5.788001980784582,,,12.297317866938178,7.326608933907396,,13.218025940068083,14.852215206607578,7.448109251514262,5.788001980784582,,7.109828435863265,7.7787134167164185,,5.265359696838637,14.366545877124942,,13.664836667552699,8.794554417576478,,7.109828435863265,,,,11.394267984578835,,11.981393949882268,10.449414806032166,13.094304566778266,,7.7787134167164185,,,,,13.341104266407502,11.881619584333132,5.69555148823741,5.714025095785483,12.297317866938178,,,,
86,,,5.297972194380703,,,12.415504997598328,7.326608933907396,5.265359696838637,11.394267984578835,,,,8.701809671168826,13.85451747936807,7.779736031100921,5.96716376833464,,14.366545877124942,,13.341104266407502,5.297972194380703,8.701809671168826,,7.278982756515468,,6.248261628532093,13.218025940068083,,11.981393949882268,11.881619584333132,,13.85451747936807,7.278982756515468,,,6.022102765198487,14.852215206607578,13.664836667552699,10.449414806032166,5.69555148823741,,7.779736031100921,,,,11.037260313668911,7.448109251514262,8.794554417576478,13.094304566778266,5.714025095785483,12.415504997598328,5.96716376833464,6.248261628532093,6.022102765198487,11.037260313668911,,5.788001980784582,,,12.297317866938178,7.326608933907396,,13.218025940068083,14.852215206607578,7.448109251514262,5.788001980784582,,7.109828435863265,7.7787134167164185,,5.265359696838637,14.366545877124942,,13.664836667552699,8.794554417576478,,7.109828435863265,,,,11.394267984578835,,11.981393949882268,10.449414806032166,13.094304566778266,,7.7787134167164185,,,,,13.341104266407502,11.881619584333132,5.69555148823741,5.714025095785483,12.297317866938178,,,,
87,,,5.297972194380703,,13.921795677048454,12.415504997598328,7.326608933907396,5.265359696838637,11.394267984578835,,,,8.701809671168826,13.85451747936807,7.779736031100921,5.96716376833464,,14.366545877124942,,13.341104266407502,5.297972194380703,8.701809671168826,,7.278982756515468,,6.248261628532093,13.218025940068083,,11.981393949882268,11.881619584333132,,13.85451747936807,7.278982756515468,,,6.022102765198487,14.852215206607578,13.664836667552699,10.449414806032166,5.69555148823741,13.921795677048454,7.779736031100921,,,,11.037260313668911,7.448109251514262,8.794554417576478,,5.714025095785483,12.415504997598328,5.96716376833464,6.248261628532093,6.022102765198487,11.037260313668911,,,,,12.297317866938178,7.326608933907396,,13.218025940068083,14.852215206607578,7.448109251514262,,,7.109828435863265,7.7787134167164185,,5.265359696838637,14.366545877124942,,13.664836667552699,8.794554417576478,,7.109828435863265,,,,11.394267984578835,,11.981393949882268,10.449414806032166,,,7.7787134167164185,,,,,13.341104266407502,11.881619584333132,5.69555148823741,5.714025095785483,12.297317866938178,,,,
88,,,5.297972194380703,,13.921795677048454,12.415504997598328,7.326608933907396,5.265359696838637,11.394267984578835,,,,8.701809671168826,13.85451747936807,7.779736031100921,5.96716376833464,,14.366545877124942,,13.341104266407502,5.297972194380703,8.701809671168826,,7.278982756515468,,6.248261628532093,13.218025940068083,,11.981393949882268,11.881619584333132,,13.85451747936807,7.278982756515468,,,6.022102765198487,14.852215206607578,13.664836667552699,10.449414806032166,5.69555148823741,13.921795677048454,7.779736031100921,,,,11.037260313668911,7.448109251514262,8.794554417576478,13.094304566778266,5.714025095785483,12.415504997598328,5.96716376833464,6.248261628532093,6.022102765198487,11.037260313668911,,5.788001980784582,,,12.297317866938178,7.326608933907396,,13.218025940068083,14.852215206607578,7.448109251514262,5.788001980784582,,7.109828435863265,7.7787134167164185,,5.265359696838637,14.366545877124942,,13.664836667552699,8.794554417576478,,7.109828435863265,,,,11.394267984578835,,11.981393949882268,10.449414806032166,13.094304566778266,,7.7787134167164185,,,,,13.341104266407502,11.881619584333132,5.69555148823741,5.714025095785483,12.297317866938178,,,,
89,,,5.297972194380703,,13.921795677048454,12.415504997598328,7.326608933907396,5.265359696838637,11.394267984578835,,,,8.701809671168826,13.85451747936807,7.779736031100921,5.96716376833464,11.701751743776933,14.366545877124942,,,5.297972194380703,8.701809671168826,,7.278982756515468,,6.248261628532093,,,11.981393949882268,11.881619584333132,,13.85451747936807,7.278982756515468,,,6.022102765198487,14.852215206607578,13.664836667552699,10.449414806032166,5.69555148823741,13.921795677048454,7.779736031100921,,,,11.037260313668911,7.448109251514262,8.794554417576478,13.094304566778266,5.714025095785483,12.415504997598328,5.96716376833464,6.248261628532093,6.022102765198487,11.037260313668911,,5.788001980784582,,,12.297317866938178,7.326608933907396,11.701751743776933,,14.852215206607578,7.448109251514262,5.788001980784582,,7.109828435863265,7.7787134167164185,,5.265359696838637,14.366545877124942,,13.664836667552699,8.794554417576478,,7.109828435863265,,,,11.394267984578835,,11.981393949882268,10.449414806032166,13.094304566778266,,7.7787134167164185,,,,,,11.881619584333132,5.69555148823741,5.714025095785483,12.297317866938178,,,,
90,,,5.297972194380703,,13.921795677048454,12.415504997598328,7.326608933907396,5.265359696838637,11.394267984578835,,,,8.701809671168826,13.85451747936807,7.779736031100921,5.96716376833464,11.701751743776933,14.366545877124942,,13.341104266407502,5.297972194380703,8.701809671168826,,7.278982756515468,,6.248261628532093,13.218025940068083,,11.981393949882268,,,13.85451747936807,7.278982756515468,,,6.022102765198487,14.852215206607578,13.664836667552699,,5.69555148823741,13.921795677048454,7.779736031100921,,,,11.037260313668911,,8.794554417576478,13.094304566778266,5.714025095785483,12.415504997598328,5.96716376833464,6.248261628532093,6.022102765198487,11.037260313668911,,5.788001980784582,,,12.297317866938178,7.326608933907396,11.701751743776933,13.218025940068083,14.852215206607578,,5.788001980784582,,7.109828435863265,7.7787134167164185,,5.265359696838637,14.366545877124942,,13.664836667552699,8.794554417576478,,7.109828435863265,,,,11.394267984578835,,11.981393949882268,,13.094304566778266,,7.7787134167164185,,,,,13.341104266407502,,5.69555148823741,5.714025095785483,12.297317866938178,,,,
91,,,5.297972194380703,,,12.415504997598328,7.326608933907396,5.265359696838637,11.394267984578835,,,,8.701809671168826,13.85451747936807,7.779736031100921,5.96716376833464,11.701751743776933,14.366545877124942,,13.341104266407502,5.297972194380703,8.701809671168826,,7.278982756515468,,6.248261628532093,13.218025940068083,,11.981393949882268,11.881619584333132,,13.85451747936807,7.278982756515468,,,6.022102765198487,14.852215206607578,13.664836667552699,10.449414806032166,5.69555148823741,,7.779736031100921,,,,11.037260313668911,7.448109251514262,8.794554417576478,13.094304566778266,,12.415504997598328,5.96716376833464,6.248261628532093,6.022102765198487,11.037260313668911,,5.788001980784582,,,12.297317866938178,7.326608933907396,11.701751743776933,13.218025940068083,14.852215206607578,7.448109251514262,5.788001980784582,,7.109828435863265,7.7787134167164185,,5.265359696838637,14.366545877124942,,13.664836667552699,8.794554417576478,,7.109828435863265,,,,11.394267984578835,,11.981393949882268,10.449414806032166,13.094304566778266,,7.7787134167164185,,,,,13.341104266407502,11.881619584333132,5.69555148823741,,12.297317866938178,,,,
92,,,5.297972194380703,,13.921795677048454,12.415504997598328,7.326608933907396,5.265359696838637,11.394267984578835,,,,8.701809671168826,13.85451747936807,7.779736031100921,5.96716376833464,11.701751743776933,14.366545877124942,,13.341104266407502,5.297972194380703,8.701809671168826,,7.278982756515468,,6.248261628532093,13.218025940068083,,11.981393949882268,11.881619584333132,,13.85451747936807,7.278982756515468,,,6.022102765198487,14.852215206607578,13.664836667552699,10.449414806032166,5.69555148823741,13.921795677048454,7.779736031100921,,,,11.037260313668911,7.448109251514262,8.794554417576478,13.094304566778266,5.714025095785483,12.415504997598328,5.96716376833464,6.248261628532093,6.022102765198487,11.037260313668911,,5.788001980784582,,,12.297317866938178,7.326608933907396,11.701751743776933,13.218025940068083,14.852215206607578,7.448109251514262,5.788001980784582,,7.109828435863265,7.7787134167164185,,5.265359696838637,14.366545877124942,,13.664836667552699,8.794554417576478,,7.109828435863265,,,,11.394267984578835,,11.981393949882268,10.449414806032166,13.094304566778266,,7.7787134167164185,,,,,13.341104266407502,11.881619584333132,5.69555148823741,5.714025095785483,12.297317866938178,,,,
93,,,5.297972194380703,,13.921795677048454,12.415504997598328,7.326608933907396,5.265359696838637,11.394267984578835,,,,8.701809671168826,13.85451747936807,7.779736031100921,5.96716376833464,11.701751743776933,14.366545877124942,,13.341104266407502,5.297972194380703,8.701809671168826,,7.278982756515468,6.71138648198097,6.248261628532093,13.218025940068083,,11.981393949882268,11.881619584333132,,13.85451747936807,7.278982756515468,,,6.022102765198487,14.852215206607578,13.664836667552699,10.449414806032166,5.69555148823741,13.921795677048454,7.779736031100921,6.71138648198097,,,11.037260313668911,7.448109251514262,,13.094304566778266,5.714025095785483,12.415504997598328,5.96716376833464,6.248261628532093,6.022102765198487,11.037260313668911,,5.788001980784582,,,12.297317866938178,7.326608933907396,11.701751743776933,13.218025940068083,14.852215206607578,7.448109251514262,5.788001980784582,,7.109828435863265,7.7787134167164185,,5.265359696838637,14.366545877124942,,13.664836667552699,,,7.109828435863265,,,,11.394267984578835,,11.981393949882268,10.449414806032166,13.094304566778266,,7.7787134167164185,,,,,13.341104266407502,11.881619584333132,5.69555148823741,5.714025095785483,12.297317866938178,,,,
94,,,5.297972194380703,7.232107381488228,,12.415504997598328,7.326608933907396,5.265359696838637,11.394267984578835,,,,8.701809671168826,13.85451747936807,7.779736031100921,5.96716376833464,11.701751743776933,14.366545877124942,,13.341104266407502,5.297972194380703,8.701809671168826,,7.278982756515468,6.71138648198097,6.248261628532093,13.218025940068083,,11.981393949882268,11.881619584333132,7.232107381488228,13.85451747936807,7.278982756515468,,,6.022102765198487,14.852215206607578,13.664836667552699,10.449414806032166,5.69555148823741,,7.779736031100921,6.71138648198097,,,11.037260313668911,7.448109251514262,8.794554417576478,13.094304566778266,5.714025095785483,12.415504997598328,5.96716376833464,6.248261628532093,6.022102765198487,11.037260313668911,,5.788001980784582,,,12.297317866938178,7.326608933907396,11.701751743776933,13.218025940068083,14.852215206607578,7.448109251514262,5.788001980784582,,7.109828435863265,7.7787134167164185,,5.265359696838637,14.366545877124942,,13.664836667552699,8.794554417576478,,7.109828435863265,,,,11.394267984578835,,11.981393949882268,10.449414806032166,13.094304566778266,,7.7787134167164185,,,,,13.341104266407502,11.881619584333132,5.69555148823741,5.714025095785483,12.297317866938178,,,,
95,,,5.297972194380703,7.232107381488228,13.921795677048454,12.415504997598328,7.326608933907396,5.265359696838637,11.394267984578835,,,,,13.85451747936807,7.779736031100921,5.96716376833464,11.701751743776933,14.366545877124942,,13.341104266407502,5.297972194380703,,,7.278982756515468,6.71138648198097,6.248261628532093,13.218025940068083,,11.981393949882268,11.881619584333132,7.232107381488228,13.85451747936807,7.278982756515468,,,6.022102765198487,14.852215206607578,13.664836667552699,10.449414806032166,5.69555148823741,13.921795677048454,7.779736031100921,6.71138648198097,,,11.037260313668911,7.448109251514262,8.794554417576478,13.094304566778266,5.714025095785483,12.415504997598328,5.96716376833464,6.248261628532093,6.022102765198487,11.037260313668911,,5.788001980784582,,,12.297317866938178,7.326608933907396,11.701751743776933,13.218025940068083,14.852215206607578,7.448109251514262,5.788001980784582,,7.109828435863265,7.7787134167164185,,5.265359696838637,14.366545877124942,,13.664836667552699,8.794554417576478,,7.109828435863265,,,,11.394267984578835,,11.981393949882268,10.449414806032166,13.094304566778266,,7.7787134167164185,,,,,13.341104266407502,11.881619584333132,5.69555148823741,5.714025095785483,12.297317866938178,,,,
96,,,5.297972194380703,7.232107381488228,,12.415504997598328,7.326608933907396,5.265359696838637,11.394267984578835,,,,8.701809671168826,13.85451747936807,7.779736031100921,5.96716376833464,11.701751743776933,14.366545877124942,,13.341104266407502,5.297972194380703,8.701809671168826,,7.278982756515468,6.71138648198097,6.248261628532093,13.218025940068083,,11.981393949882268,,7.232107381488228,13.85451747936807,7.278982756515468,,,6.022102765198487,14.852215206607578,13.664836667552699,10.449414806032166,5.69555148823741,,7.779736031100921,6.71138648198097,,,11.037260313668911,7.448109251514262,8.794554417576478,13.094304566778266,5.714025095785483,12.415504997598328,5.96716376833464,6.248261628532093,6.022102765198487,11.037260313668911,,5.788001980784582,,,12.297317866938178,7.326608933907396,11.701751743776933,13.218025940068083,14.852215206607578,7.448109251514262,5.788001980784582,,7.109828435863265,7.7787134167164185,,5.265359696838637,14.366545877124942,,13.664836667552699,8.794554417576478,,7.109828435863265,,,,11.394267984578835,,11.981393949882268,10.449414806032166,13.094304566778266,,7.7787134167164185,,,,,13.341104266407502,,5.69555148823741,5.714025095785483,12.297317866938178,,,,
97,,,5.297972194380703,7.232107381488228,13.921795677048454,12.415504997598328,7.326608933907396,5.265359696838637,11.394267984578835,,,,8.701809671168826,13.85451747936807,7.779736031100921,5.96716376833464,11.701751743776933,14.366545877124942,,13.341104266407502,5.297972194380703,8.701809671168826,,7.278982756515468,6.71138648198097,6.248261628532093,,,11.981393949882268,11.881619584333132,7.232107381488228,13.85451747936807,7.278982756515468,,,6.022102765198487,14.852215206607578,13.664836667552699,10.449414806032166,5.69555148823741,13.921795677048454,7.779736031100921,6.71138648198097,,,11.037260313668911,7.448109251514262,,13.094304566778266,5.714025095785483,12.415504997598328,5.96716376833464,6.248261628532093,6.022102765198487,11.037260313668911,,,,,12.297317866938178,7.326608933907396,11.701751743776933,,14.852215206607578,7.448109251514262,,,7.109828435863265,7.7787134167164185,,5.265359696838637,14.366545877124942,,13.664836667552699,,,7.109828435863265,,,,11.394267984578835,,11.981393949882268,10.449414806032166,13.094304566778266,,7.7787134167164185,,,,,13.341104266407502,11.881619584333132,5.69555148823741,5.714025095785483,12.297317866938178,,,,
98,,,5.297972194380703,7.232107381488228,13.921795677048454,12.415504997598328,7.326608933907396,5.265359696838637,11.394267984578835,,,,8.701809671168826,13.85451747936807,7.779736031100921,5.96716376833464,11.701751743776933,14.366545877124942,,13.341104266407502,5.297972194380703,8.701809671168826,,7.278982756515468,6.71138648198097,,13.218025940068083,,11.981393949882268,11.881619584333132,7.232107381488228,13.85451747936807,7.278982756515468,,,6.022102765198487,14.852215206607578,13.664836667552699,10.449414806032166,5.69555148823741,13.921795677048454,7.779736031100921,6.71138648198097,,,11.037260313668911,7.448109251514262,,13.094304566778266,5.714025095785483,12.415504997598328,5.96716376833464,,6.022102765198487,11.037260313668911,,5.788001980784582,,,12.297317866938178,7.326608933907396,11.701751743776933,13.218025940068083,14.852215206607578,7.448109251514262,5.788001980784582,,7.109828435863265,,11.846142509898744,5.265359696838637,14.366545877124942,,13.664836667552699,,,7.109828435863265,,,,11.394267984578835,,11.981393949882268,10.449414806032166,13.094304566778266,,,,,,,13.341104266407502,11.881619584333132,5.69555148823741,5.714025095785483,12.297317866938178,11.846142509898744,,,
99,,,5.297972194380703,7.232107381488228,13.921795677048454,12.415504997598328,7.326608933907396,5.265359696838637,11.394267984578835,,,,,13.85451747936807,7.779736031100921,5.96716376833464,11.701751743776933,14.366545877124942,,13.341104266407502,5.297972194380703,,,7.278982756515468,6.71138648198097,6.248261628532093,,,11.981393949882268,11.881619584333132,7.232107381488228,13.85451747936807,7.278982756515468,,,6.022102765198487,14.852215206607578,13.664836667552699,10.449414806032166,5.69555148823741,13.921795677048454,7.779736031100921,6.71138648198097,,,11.037260313668911,7.448109251514262,8.794554417576478,13.094304566778266,5.714025095785483,12.415504997598328,5.96716376833464,6.248261628532093,6.022102765198487,11.037260313668911,,5.788001980784582,,,12.297317866938178,7.326608933907396,11.701751743776933,,14.852215206607578,7.448109251514262,5.788001980784582,,7.109828435863265,7.7787134167164185,11.846142509898744,5.265359696838637,14.366545877124942,,13.664836667552699,8.794554417576478,,7.109828435863265,,,,11.394267984578835,,11.981393949882268,10.449414806032166,13.094304566778266,,7.7787134167164185,,,,,13.341104266407502,11.881619584333132,5.69555148823741,5.714025095785483,12.297317866938178,11.846142509898744,,,
