,"('J', 'J')","('J', 'A')","('J', 'I')","('J', 'G')","('J', 'C')","('J', 'H')","('J', 'E')","('J', 'B')","('J', 'D')","('J', 'F')","('A', 'J')","('A', 'A')","('A', 'I')","('A', 'G')","('A', 'C')","('A', 'H')","('A', 'E')","('A', 'B')","('A', 'D')","('A', 'F')","('I', 'J')","('I', 'A')","('I', 'I')","('I', 'G')","('I', 'C')","('I', 'H')","('I', 'E')","('I', 'B')","('I', 'D')","('I', 'F')","('G', 'J')","('G', 'A')","('G', 'I')","('G', 'G')","('G', 'C')","('G', 'H')","('G', 'E')","('G', 'B')","('G', 'D')","('G', 'F')","('C', 'J')","('C', 'A')","('C', 'I')","('C', 'G')","('C', 'C')","('C', 'H')","('C', 'E')","('C', 'B')","('C', 'D')","('C', 'F')","('H', 'J')","('H', 'A')","('H', 'I')","('H', 'G')","('H', 'C')","('H', 'H')","('H', 'E')","('H', 'B')","('H', 'D')","('H', 'F')","('E', 'J')","('E', 'A')","('E', 'I')","('E', 'G')","('E', 'C')","('E', 'H')","('E', 'E')","('E', 'B')","('E', 'D')","('E', 'F')","('B', 'J')","('B', 'A')","('B', 'I')","('B', 'G')","('B', 'C')","('B', 'H')","('B', 'E')","('B', 'B')","('B', 'D')","('B', 'F')","('D', 'J')","('D', 'A')","('D', 'I')","('D', 'G')","('D', 'C')","('D', 'H')","('D', 'E')","('D', 'B')","('D', 'D')","('D', 'F')","('F', 'J')","('F', 'A')","('F', 'I')","('F', 'G')","('F', 'C')","('F', 'H')","('F', 'E')","('F', 'B')","('F', 'D')","('F', 'F')"
0,,,,,,,,,,,,,,,,,,,,,,,,,,,,,,,,,,,,,,,,,,,,,,,,,,,,,,,,,,,,,,,,,,,,,,,,,,,,,,,,,,,,,,,,,,,,,,,,,,,,
1,,0.0,0.0,0.0,0.0,0.0,0.0,0.0,0.0,0.0,0.0,,0.0,0.0,0.0,0.0,0.0,0.0,0.0,0.0,0.0,0.0,,0.0,0.0,,0.0,0.0,0.0,0.0,0.0,0.0,0.0,,0.0,0.0,0.0,0.0,0.0,0.0,0.0,0.0,0.0,0.0,,0.0,0.0,0.0,0.0,0.0,0.0,0.0,,0.0,0.0,,0.0,0.0,0.0,0.0,0.0,0.0,0.0,0.0,0.0,0.0,,0.0,0.0,0.0,0.0,0.0,0.0,0.0,0.0,0.0,0.0,,0.0,,0.0,0.0,0.0,0.0,0.0,0.0,0.0,0.0,,0.0,0.0,0.0,0.0,0.0,0.0,0.0,0.0,,0.0,
2,,0.0,0.0,0.0,0.0,0.0,0.0,0.0,0.0,0.0,0.0,,0.0,0.0,0.0,,0.0,,0.0,0.0,0.0,0.0,,0.0,0.0,,0.0,0.0,0.0,0.0,0.0,0.0,0.0,,0.0,0.0,0.0,0.0,0.0,0.0,0.0,0.0,0.0,0.0,,0.0,0.0,0.0,0.0,0.0,0.0,,,0.0,0.0,,,0.0,0.0,0.0,0.0,0.0,0.0,0.0,0.0,,,0.0,0.0,,0.0,,0.0,0.0,0.0,0.0,0.0,,0.0,,0.0,0.0,0.0,0.0,0.0,0.0,0.0,0.0,,0.0,0.0,0.0,0.0,0.0,0.0,0.0,,,0.0,
3,,0.0,0.0,0.0,0.0,0.0,0.0,0.0,0.0,0.0,0.0,,0.0,0.0,0.0,0.0,0.0,,0.0,0.0,0.0,0.0,,0.0,0.0,0.0,0.0,0.0,0.0,0.0,0.0,0.0,0.0,,0.0,0.0,0.0,0.0,0.0,0.0,0.0,0.0,0.0,0.0,,0.0,0.0,0.0,0.0,0.0,0.0,0.0,0.0,0.0,0.0,,0.0,0.0,0.0,0.0,0.0,0.0,0.0,0.0,0.0,0.0,,0.0,0.0,0.0,0.0,,0.0,0.0,0.0,0.0,0.0,,0.0,,0.0,0.0,0.0,0.0,0.0,0.0,0.0,0.0,,0.0,0.0,0.0,0.0,0.0,0.0,0.0,0.0,,0.0,
4,,0.0,0.0,0.0,0.0,0.0,,0.0,0.0,0.0,0.0,,,10.904925124490397,0.0,0.0,0.0,,0.0,0.0,0.0,,,0.0,0.0,0.0,0.0,0.0,0.0,0.0,0.0,10.904925124490397,0.0,,0.0,0.0,0.0,0.0,0.0,0.0,0.0,0.0,0.0,0.0,,0.0,0.0,0.0,0.0,0.0,0.0,0.0,0.0,0.0,0.0,,0.0,0.0,0.0,0.0,,0.0,0.0,0.0,0.0,0.0,,0.0,0.0,0.0,0.0,,0.0,0.0,0.0,0.0,0.0,,0.0,,0.0,0.0,0.0,0.0,0.0,0.0,0.0,0.0,,0.0,0.0,0.0,0.0,0.0,0.0,0.0,0.0,,0.0,
5,,0.0,0.0,0.0,0.0,0.0,0.0,0.0,0.0,0.0,0.0,,0.0,10.904925124490397,0.0,0.0,0.0,,0.0,0.0,0.0,0.0,,0.0,0.0,0.0,0.0,0.0,,0.0,0.0,10.904925124490397,0.0,,0.0,0.0,0.0,0.0,0.0,0.0,0.0,0.0,0.0,0.0,,0.0,0.0,0.0,0.0,11.037260313668911,0.0,0.0,0.0,0.0,0.0,,0.0,0.0,0.0,0.0,0.0,0.0,0.0,0.0,0.0,0.0,,0.0,0.0,0.0,0.0,,0.0,0.0,0.0,0.0,0.0,,0.0,,0.0,0.0,,0.0,0.0,0.0,0.0,0.0,,0.0,0.0,0.0,0.0,0.0,11.037260313668911,0.0,0.0,,0.0,
6,,0.0,0.0,0.0,0.0,0.0,0.0,0.0,0.0,0.0,0.0,,0.0,10.904925124490397,0.0,0.0,0.0,,0.0,,0.0,0.0,,0.0,0.0,0.0,0.0,0.0,0.0,0.0,0.0,10.904925124490397,0.0,,0.0,0.0,0.0,0.0,0.0,0.0,0.0,0.0,0.0,0.0,,0.0,0.0,0.0,0.0,11.037260313668911,0.0,0.0,0.0,0.0,0.0,,0.0,0.0,0.0,0.0,0.0,0.0,0.0,0.0,0.0,0.0,,0.0,0.0,0.0,0.0,,0.0,0.0,0.0,0.0,0.0,,0.0,,0.0,0.0,0.0,0.0,0.0,0.0,0.0,0.0,,0.0,0.0,,0.0,0.0,11.037260313668911,0.0,0.0,,0.0,
7,,0.0,0.0,0.0,0.0,0.0,0.0,0.0,0.0,0.0,0.0,,0.0,10.904925124490397,0.0,0.0,0.0,,0.0,0.0,0.0,0.0,,0.0,0.0,0.0,0.0,0.0,0.0,0.0,0.0,10.904925124490397,0.0,,0.0,0.0,0.0,0.0,0.0,0.0,0.0,0.0,0.0,0.0,,,0.0,0.0,0.0,11.037260313668911,0.0,0.0,0.0,0.0,,,0.0,0.0,0.0,0.0,0.0,0.0,0.0,0.0,0.0,0.0,,0.0,0.0,0.0,0.0,,0.0,0.0,0.0,0.0,0.0,,0.0,,0.0,0.0,0.0,0.0,0.0,0.0,0.0,0.0,,0.0,0.0,0.0,0.0,0.0,11.037260313668911,0.0,0.0,,0.0,
8,,0.0,0.0,0.0,0.0,9.011647870223289,0.0,0.0,0.0,0.0,0.0,,0.0,10.904925124490397,0.0,0.0,0.0,,0.0,0.0,0.0,0.0,,0.0,0.0,0.0,0.0,,0.0,0.0,0.0,10.904925124490397,0.0,,0.0,0.0,0.0,0.0,0.0,0.0,0.0,0.0,0.0,0.0,,0.0,0.0,0.0,0.0,11.037260313668911,9.011647870223289,0.0,0.0,0.0,0.0,,0.0,0.0,,0.0,0.0,0.0,0.0,0.0,0.0,0.0,,0.0,0.0,0.0,0.0,,,0.0,0.0,0.0,0.0,,0.0,,0.0,0.0,0.0,0.0,0.0,,0.0,0.0,,0.0,0.0,0.0,0.0,0.0,11.037260313668911,0.0,0.0,,0.0,
9,,0.0,0.0,0.0,0.0,9.011647870223289,0.0,0.0,0.0,,0.0,,0.0,10.904925124490397,0.0,0.0,0.0,,0.0,0.0,0.0,0.0,,0.0,0.0,0.0,0.0,0.0,0.0,0.0,0.0,10.904925124490397,0.0,,0.0,0.0,0.0,0.0,,0.0,0.0,0.0,0.0,0.0,,0.0,0.0,0.0,0.0,,9.011647870223289,0.0,0.0,0.0,0.0,,0.0,,0.0,0.0,0.0,0.0,0.0,0.0,0.0,0.0,,0.0,0.0,0.0,0.0,,0.0,0.0,0.0,,0.0,,0.0,,0.0,0.0,0.0,,0.0,0.0,0.0,0.0,,0.0,,0.0,0.0,0.0,,0.0,0.0,,0.0,
10,,0.0,0.0,0.0,0.0,9.011647870223289,0.0,0.0,0.0,0.0,0.0,,0.0,10.904925124490397,0.0,0.0,0.0,,0.0,0.0,0.0,0.0,,0.0,0.0,0.0,0.0,0.0,0.0,0.0,0.0,10.904925124490397,0.0,,0.0,,0.0,0.0,0.0,0.0,0.0,0.0,0.0,0.0,,0.0,0.0,0.0,0.0,11.037260313668911,9.011647870223289,0.0,0.0,,0.0,,0.0,0.0,0.0,0.0,0.0,0.0,0.0,0.0,0.0,0.0,,0.0,0.0,0.0,0.0,,0.0,0.0,0.0,0.0,0.0,,0.0,,0.0,0.0,0.0,0.0,0.0,0.0,0.0,0.0,,0.0,0.0,0.0,0.0,0.0,11.037260313668911,0.0,0.0,,0.0,
11,,0.0,0.0,0.0,0.0,9.011647870223289,0.0,0.0,0.0,0.0,0.0,,0.0,10.904925124490397,0.0,0.0,0.0,,0.0,13.921795677048454,0.0,0.0,,0.0,0.0,0.0,,0.0,0.0,0.0,0.0,10.904925124490397,0.0,,0.0,0.0,0.0,0.0,0.0,0.0,0.0,0.0,0.0,0.0,,0.0,0.0,0.0,0.0,11.037260313668911,9.011647870223289,0.0,0.0,0.0,0.0,,0.0,0.0,0.0,0.0,0.0,0.0,,0.0,0.0,0.0,,0.0,0.0,0.0,0.0,,0.0,0.0,0.0,0.0,0.0,,0.0,,0.0,0.0,0.0,0.0,0.0,0.0,0.0,0.0,,0.0,0.0,13.921795677048454,0.0,0.0,11.037260313668911,0.0,0.0,,0.0,
12,,0.0,0.0,0.0,0.0,9.011647870223289,,0.0,0.0,0.0,0.0,,0.0,10.904925124490397,0.0,0.0,0.0,,0.0,13.921795677048454,0.0,0.0,,0.0,0.0,0.0,0.0,,0.0,0.0,0.0,10.904925124490397,0.0,,0.0,0.0,0.0,0.0,0.0,0.0,0.0,0.0,0.0,0.0,,0.0,0.0,0.0,0.0,11.037260313668911,9.011647870223289,0.0,0.0,0.0,0.0,,0.0,0.0,0.0,0.0,,0.0,0.0,0.0,0.0,0.0,,0.0,0.0,0.0,0.0,,,0.0,0.0,0.0,0.0,,0.0,,0.0,0.0,0.0,0.0,0.0,0.0,0.0,0.0,,0.0,0.0,13.921795677048454,0.0,0.0,11.037260313668911,0.0,0.0,,0.0,
13,,0.0,0.0,,0.0,9.011647870223289,0.0,0.0,0.0,0.0,0.0,,0.0,,0.0,0.0,0.0,,0.0,,0.0,0.0,,0.0,0.0,0.0,0.0,0.0,0.0,,,,0.0,,0.0,0.0,0.0,0.0,0.0,0.0,0.0,0.0,0.0,0.0,,0.0,0.0,0.0,0.0,11.037260313668911,9.011647870223289,0.0,0.0,0.0,0.0,,0.0,0.0,0.0,0.0,0.0,0.0,0.0,0.0,0.0,0.0,,0.0,0.0,0.0,0.0,,0.0,0.0,0.0,0.0,0.0,,0.0,,0.0,0.0,0.0,0.0,0.0,0.0,0.0,0.0,,0.0,0.0,,,0.0,11.037260313668911,0.0,0.0,,0.0,
14,,0.0,0.0,0.0,0.0,9.011647870223289,0.0,0.0,0.0,0.0,0.0,,0.0,10.904925124490397,0.0,0.0,0.0,,0.0,13.921795677048454,0.0,0.0,,0.0,0.0,0.0,0.0,0.0,0.0,0.0,0.0,10.904925124490397,0.0,,0.0,0.0,0.0,0.0,0.0,0.0,0.0,0.0,0.0,0.0,,0.0,0.0,0.0,0.0,11.037260313668911,9.011647870223289,0.0,0.0,0.0,0.0,,0.0,0.0,0.0,0.0,0.0,0.0,0.0,0.0,0.0,0.0,,0.0,0.0,0.0,0.0,,0.0,0.0,0.0,0.0,0.0,,0.0,,0.0,0.0,0.0,0.0,0.0,0.0,0.0,0.0,,0.0,0.0,13.921795677048454,0.0,0.0,11.037260313668911,0.0,0.0,,0.0,
15,,0.0,0.0,0.0,0.0,9.011647870223289,0.0,0.0,0.0,0.0,0.0,,0.0,10.904925124490397,0.0,0.0,0.0,,0.0,13.921795677048454,0.0,0.0,,0.0,0.0,0.0,0.0,0.0,0.0,0.0,0.0,10.904925124490397,0.0,,0.0,0.0,0.0,0.0,0.0,0.0,0.0,0.0,0.0,0.0,,0.0,0.0,0.0,0.0,11.037260313668911,9.011647870223289,0.0,0.0,0.0,0.0,,0.0,0.0,0.0,0.0,0.0,0.0,0.0,0.0,0.0,0.0,,0.0,0.0,0.0,0.0,,0.0,0.0,0.0,0.0,0.0,,0.0,,0.0,0.0,0.0,0.0,0.0,0.0,0.0,0.0,,0.0,0.0,13.921795677048454,0.0,0.0,11.037260313668911,0.0,0.0,,0.0,
16,,0.0,0.0,0.0,0.0,9.011647870223289,0.0,0.0,0.0,0.0,0.0,,0.0,10.904925124490397,0.0,0.0,0.0,,0.0,13.921795677048454,0.0,0.0,,0.0,0.0,0.0,0.0,0.0,0.0,0.0,0.0,10.904925124490397,0.0,,0.0,0.0,0.0,0.0,0.0,0.0,0.0,0.0,0.0,0.0,,0.0,0.0,0.0,0.0,11.037260313668911,9.011647870223289,0.0,0.0,0.0,0.0,,,,0.0,0.0,0.0,0.0,0.0,0.0,0.0,,,0.0,0.0,0.0,0.0,,0.0,0.0,0.0,,0.0,,0.0,,0.0,0.0,0.0,0.0,0.0,0.0,0.0,0.0,,0.0,0.0,13.921795677048454,0.0,0.0,11.037260313668911,0.0,0.0,,0.0,
17,,0.0,0.0,0.0,0.0,9.011647870223289,0.0,0.0,0.0,0.0,0.0,,0.0,10.904925124490397,0.0,0.0,0.0,,0.0,13.921795677048454,0.0,0.0,,0.0,,0.0,0.0,0.0,0.0,0.0,0.0,10.904925124490397,0.0,,0.0,0.0,0.0,0.0,0.0,0.0,0.0,0.0,,0.0,,0.0,0.0,0.0,0.0,11.037260313668911,9.011647870223289,0.0,0.0,0.0,0.0,,0.0,0.0,0.0,0.0,0.0,0.0,0.0,0.0,0.0,0.0,,0.0,0.0,0.0,0.0,,0.0,0.0,0.0,0.0,0.0,,0.0,,0.0,0.0,0.0,0.0,0.0,0.0,0.0,0.0,,0.0,0.0,13.921795677048454,0.0,0.0,11.037260313668911,0.0,0.0,,0.0,
18,,0.0,0.0,0.0,0.0,9.011647870223289,0.0,0.0,0.0,0.0,0.0,,0.0,10.904925124490397,0.0,0.0,0.0,,,13.921795677048454,0.0,0.0,,0.0,0.0,0.0,0.0,0.0,0.0,0.0,0.0,10.904925124490397,0.0,,0.0,0.0,0.0,0.0,0.0,0.0,0.0,0.0,0.0,0.0,,0.0,0.0,0.0,0.0,11.037260313668911,9.011647870223289,0.0,0.0,0.0,0.0,,0.0,0.0,0.0,0.0,0.0,0.0,0.0,0.0,0.0,0.0,,0.0,0.0,0.0,0.0,,0.0,0.0,0.0,0.0,0.0,,0.0,,0.0,,0.0,0.0,0.0,0.0,0.0,0.0,,0.0,0.0,13.921795677048454,0.0,0.0,11.037260313668911,0.0,0.0,,0.0,
19,,0.0,0.0,,0.0,9.011647870223289,,0.0,0.0,0.0,0.0,,0.0,,0.0,0.0,0.0,,0.0,13.921795677048454,0.0,0.0,,0.0,0.0,0.0,0.0,0.0,0.0,0.0,,,0.0,,0.0,0.0,0.0,,0.0,0.0,0.0,0.0,0.0,0.0,,0.0,0.0,0.0,0.0,11.037260313668911,9.011647870223289,0.0,0.0,0.0,0.0,,0.0,0.0,0.0,0.0,,0.0,0.0,0.0,0.0,0.0,,0.0,0.0,0.0,0.0,,0.0,,0.0,0.0,0.0,,0.0,,0.0,0.0,0.0,0.0,0.0,0.0,0.0,0.0,,0.0,0.0,13.921795677048454,0.0,0.0,11.037260313668911,0.0,0.0,,0.0,
20,,0.0,0.0,0.0,0.0,9.011647870223289,0.0,0.0,0.0,0.0,0.0,,0.0,10.904925124490397,0.0,0.0,0.0,,0.0,13.921795677048454,0.0,0.0,,0.0,0.0,0.0,0.0,0.0,0.0,0.0,0.0,10.904925124490397,0.0,,0.0,0.0,13.341104266407502,,0.0,0.0,0.0,0.0,0.0,0.0,,0.0,0.0,0.0,0.0,11.037260313668911,9.011647870223289,0.0,0.0,0.0,0.0,,0.0,0.0,0.0,0.0,0.0,0.0,0.0,13.341104266407502,0.0,0.0,,0.0,0.0,0.0,0.0,,0.0,,0.0,0.0,0.0,,0.0,,0.0,0.0,0.0,0.0,0.0,0.0,0.0,0.0,,0.0,0.0,13.921795677048454,0.0,0.0,11.037260313668911,0.0,0.0,,0.0,
21,,0.0,0.0,0.0,0.0,9.011647870223289,0.0,0.0,,0.0,0.0,,0.0,10.904925124490397,0.0,0.0,0.0,,0.0,13.921795677048454,0.0,0.0,,0.0,0.0,0.0,0.0,0.0,0.0,0.0,0.0,10.904925124490397,0.0,,0.0,0.0,13.341104266407502,,0.0,,0.0,0.0,0.0,0.0,,0.0,0.0,0.0,0.0,11.037260313668911,9.011647870223289,0.0,0.0,0.0,0.0,,0.0,0.0,0.0,0.0,0.0,0.0,0.0,13.341104266407502,0.0,0.0,,0.0,0.0,0.0,0.0,,0.0,,0.0,0.0,0.0,,,,,0.0,0.0,0.0,0.0,0.0,0.0,,,0.0,0.0,13.921795677048454,0.0,,11.037260313668911,0.0,0.0,,0.0,
22,,0.0,0.0,0.0,0.0,9.011647870223289,0.0,0.0,0.0,0.0,0.0,,0.0,10.904925124490397,0.0,0.0,0.0,,0.0,13.921795677048454,0.0,0.0,,0.0,0.0,0.0,0.0,0.0,0.0,0.0,0.0,10.904925124490397,0.0,,0.0,0.0,13.341104266407502,,0.0,0.0,0.0,0.0,0.0,0.0,,0.0,0.0,0.0,0.0,11.037260313668911,9.011647870223289,0.0,0.0,0.0,0.0,,0.0,0.0,0.0,0.0,0.0,0.0,0.0,13.341104266407502,0.0,0.0,,0.0,0.0,0.0,0.0,,0.0,,0.0,0.0,0.0,,0.0,,0.0,0.0,0.0,0.0,0.0,0.0,0.0,0.0,,0.0,0.0,13.921795677048454,0.0,0.0,11.037260313668911,0.0,0.0,,0.0,
23,,0.0,0.0,0.0,0.0,9.011647870223289,0.0,0.0,0.0,0.0,0.0,,0.0,10.904925124490397,0.0,0.0,0.0,,0.0,13.921795677048454,0.0,0.0,,0.0,0.0,0.0,0.0,0.0,0.0,0.0,0.0,10.904925124490397,0.0,,0.0,0.0,13.341104266407502,,0.0,0.0,0.0,0.0,0.0,0.0,,0.0,0.0,0.0,0.0,11.037260313668911,9.011647870223289,0.0,0.0,0.0,0.0,,0.0,0.0,0.0,0.0,0.0,0.0,0.0,13.341104266407502,0.0,0.0,,0.0,0.0,0.0,0.0,,0.0,,0.0,0.0,0.0,,0.0,,0.0,0.0,0.0,0.0,0.0,0.0,0.0,0.0,,0.0,0.0,13.921795677048454,0.0,0.0,11.037260313668911,0.0,0.0,,0.0,
24,,0.0,0.0,0.0,0.0,9.011647870223289,0.0,0.0,0.0,0.0,0.0,,0.0,10.904925124490397,0.0,0.0,0.0,,0.0,13.921795677048454,0.0,0.0,,0.0,0.0,0.0,0.0,0.0,0.0,0.0,0.0,10.904925124490397,0.0,,0.0,0.0,13.341104266407502,,0.0,0.0,0.0,0.0,0.0,0.0,,0.0,0.0,0.0,0.0,11.037260313668911,9.011647870223289,0.0,0.0,0.0,0.0,,0.0,0.0,0.0,0.0,0.0,0.0,0.0,13.341104266407502,0.0,0.0,,0.0,0.0,0.0,0.0,,0.0,,0.0,0.0,0.0,,0.0,,0.0,0.0,0.0,0.0,0.0,0.0,0.0,0.0,,0.0,0.0,13.921795677048454,0.0,0.0,11.037260313668911,0.0,0.0,,0.0,
25,,,0.0,,0.0,9.011647870223289,0.0,0.0,0.0,0.0,,,0.0,10.904925124490397,0.0,0.0,0.0,,0.0,13.921795677048454,0.0,0.0,,0.0,0.0,0.0,0.0,0.0,0.0,0.0,,10.904925124490397,0.0,,0.0,0.0,13.341104266407502,,0.0,0.0,0.0,0.0,0.0,0.0,,0.0,0.0,0.0,0.0,11.037260313668911,9.011647870223289,0.0,0.0,0.0,0.0,,0.0,0.0,0.0,0.0,0.0,0.0,0.0,13.341104266407502,0.0,0.0,,0.0,0.0,0.0,0.0,,0.0,,0.0,0.0,0.0,,0.0,,0.0,0.0,0.0,0.0,0.0,0.0,0.0,0.0,,,0.0,13.921795677048454,0.0,0.0,11.037260313668911,0.0,0.0,,,
26,,5.265359696838637,0.0,0.0,0.0,9.011647870223289,0.0,0.0,0.0,0.0,5.265359696838637,,0.0,10.904925124490397,0.0,0.0,0.0,,0.0,,0.0,0.0,,0.0,0.0,0.0,0.0,0.0,0.0,0.0,0.0,10.904925124490397,0.0,,0.0,0.0,13.341104266407502,,0.0,0.0,0.0,0.0,0.0,0.0,,0.0,0.0,0.0,0.0,11.037260313668911,9.011647870223289,0.0,0.0,0.0,0.0,,8.701809671168826,0.0,0.0,0.0,0.0,0.0,0.0,13.341104266407502,0.0,8.701809671168826,,0.0,0.0,0.0,0.0,,0.0,,0.0,0.0,0.0,,0.0,,0.0,0.0,0.0,0.0,0.0,0.0,0.0,0.0,,0.0,0.0,,0.0,0.0,11.037260313668911,0.0,0.0,,0.0,
27,,5.265359696838637,0.0,0.0,0.0,9.011647870223289,0.0,0.0,0.0,0.0,5.265359696838637,,0.0,10.904925124490397,0.0,5.297972194380703,0.0,,0.0,13.921795677048454,0.0,0.0,,0.0,0.0,0.0,0.0,7.7787134167164185,0.0,0.0,0.0,10.904925124490397,0.0,,0.0,0.0,13.341104266407502,,0.0,0.0,0.0,0.0,0.0,0.0,,0.0,0.0,0.0,0.0,11.037260313668911,9.011647870223289,5.297972194380703,0.0,0.0,0.0,,,0.0,0.0,0.0,0.0,0.0,0.0,13.341104266407502,0.0,,,0.0,0.0,0.0,0.0,,7.7787134167164185,,0.0,0.0,0.0,,0.0,,0.0,0.0,0.0,0.0,0.0,0.0,0.0,0.0,,0.0,0.0,13.921795677048454,0.0,0.0,11.037260313668911,0.0,0.0,,0.0,
28,,5.265359696838637,0.0,0.0,0.0,9.011647870223289,0.0,0.0,0.0,0.0,5.265359696838637,,0.0,10.904925124490397,0.0,5.297972194380703,0.0,,,13.921795677048454,0.0,0.0,,0.0,0.0,0.0,0.0,7.7787134167164185,,0.0,0.0,10.904925124490397,0.0,,0.0,11.881619584333132,13.341104266407502,,0.0,0.0,0.0,0.0,0.0,0.0,,0.0,0.0,0.0,0.0,11.037260313668911,9.011647870223289,5.297972194380703,0.0,11.881619584333132,0.0,,8.701809671168826,0.0,0.0,0.0,0.0,0.0,0.0,13.341104266407502,0.0,8.701809671168826,,0.0,0.0,0.0,0.0,,7.7787134167164185,,0.0,0.0,0.0,,10.449414806032166,,0.0,,,0.0,0.0,0.0,0.0,10.449414806032166,,0.0,0.0,13.921795677048454,0.0,0.0,11.037260313668911,0.0,0.0,,0.0,
29,,5.265359696838637,0.0,,0.0,9.011647870223289,0.0,0.0,0.0,0.0,5.265359696838637,,0.0,10.904925124490397,0.0,5.297972194380703,0.0,,0.0,,0.0,0.0,,0.0,0.0,,0.0,7.7787134167164185,14.852215206607578,0.0,,10.904925124490397,0.0,,0.0,11.881619584333132,13.341104266407502,,0.0,0.0,0.0,0.0,0.0,0.0,,0.0,0.0,0.0,0.0,11.037260313668911,9.011647870223289,5.297972194380703,,11.881619584333132,0.0,,8.701809671168826,0.0,0.0,0.0,0.0,0.0,0.0,13.341104266407502,0.0,8.701809671168826,,0.0,0.0,0.0,0.0,,7.7787134167164185,,0.0,0.0,0.0,,,,0.0,0.0,14.852215206607578,0.0,0.0,0.0,0.0,,,0.0,0.0,,0.0,0.0,11.037260313668911,0.0,0.0,,0.0,
30,,5.265359696838637,0.0,,0.0,9.011647870223289,0.0,0.0,0.0,0.0,5.265359696838637,,0.0,,0.0,5.297972194380703,0.0,,0.0,13.921795677048454,0.0,0.0,,0.0,0.0,0.0,0.0,7.7787134167164185,14.852215206607578,0.0,,,0.0,,0.0,11.881619584333132,13.341104266407502,,0.0,0.0,0.0,0.0,0.0,0.0,,0.0,0.0,0.0,0.0,11.037260313668911,9.011647870223289,5.297972194380703,0.0,11.881619584333132,0.0,,8.701809671168826,0.0,0.0,0.0,0.0,0.0,0.0,13.341104266407502,0.0,8.701809671168826,,0.0,0.0,0.0,0.0,,7.7787134167164185,,0.0,0.0,0.0,,10.449414806032166,,0.0,0.0,14.852215206607578,0.0,0.0,0.0,0.0,10.449414806032166,,0.0,0.0,13.921795677048454,0.0,0.0,11.037260313668911,0.0,0.0,,0.0,
31,,5.265359696838637,0.0,,0.0,9.011647870223289,0.0,0.0,,0.0,5.265359696838637,,0.0,10.904925124490397,12.415504997598328,5.297972194380703,0.0,,0.0,13.921795677048454,0.0,0.0,,0.0,0.0,0.0,0.0,7.7787134167164185,14.852215206607578,0.0,,10.904925124490397,0.0,,0.0,11.881619584333132,13.341104266407502,,0.0,0.0,0.0,12.415504997598328,0.0,0.0,,0.0,0.0,0.0,0.0,11.037260313668911,9.011647870223289,5.297972194380703,0.0,11.881619584333132,0.0,,8.701809671168826,0.0,0.0,0.0,0.0,0.0,0.0,13.341104266407502,0.0,8.701809671168826,,0.0,0.0,0.0,0.0,,7.7787134167164185,,0.0,0.0,0.0,,10.449414806032166,,,0.0,14.852215206607578,0.0,0.0,0.0,0.0,10.449414806032166,,0.0,0.0,13.921795677048454,0.0,0.0,11.037260313668911,0.0,0.0,,0.0,
32,,5.265359696838637,0.0,,0.0,9.011647870223289,0.0,0.0,0.0,0.0,5.265359696838637,,0.0,10.904925124490397,12.415504997598328,5.297972194380703,0.0,,0.0,13.921795677048454,0.0,0.0,,0.0,,0.0,0.0,7.7787134167164185,14.852215206607578,0.0,,10.904925124490397,0.0,,0.0,11.881619584333132,13.341104266407502,,0.0,0.0,0.0,12.415504997598328,,0.0,,0.0,0.0,0.0,0.0,11.037260313668911,9.011647870223289,5.297972194380703,0.0,11.881619584333132,0.0,,8.701809671168826,0.0,0.0,0.0,0.0,0.0,0.0,13.341104266407502,0.0,8.701809671168826,,0.0,0.0,0.0,0.0,,7.7787134167164185,,0.0,0.0,0.0,,10.449414806032166,,0.0,0.0,14.852215206607578,0.0,0.0,0.0,0.0,10.449414806032166,,0.0,0.0,13.921795677048454,0.0,0.0,11.037260313668911,0.0,0.0,,0.0,
33,,5.265359696838637,0.0,,0.0,9.011647870223289,0.0,,0.0,0.0,5.265359696838637,,0.0,10.904925124490397,12.415504997598328,5.297972194380703,0.0,,0.0,13.921795677048454,0.0,0.0,,0.0,0.0,0.0,0.0,7.7787134167164185,14.852215206607578,0.0,,10.904925124490397,0.0,,0.0,,13.341104266407502,,0.0,0.0,0.0,12.415504997598328,0.0,0.0,,0.0,0.0,,0.0,11.037260313668911,9.011647870223289,5.297972194380703,0.0,,0.0,,8.701809671168826,0.0,0.0,0.0,0.0,0.0,0.0,13.341104266407502,0.0,8.701809671168826,,0.0,0.0,0.0,,,7.7787134167164185,,,0.0,0.0,,10.449414806032166,,0.0,0.0,14.852215206607578,0.0,0.0,0.0,0.0,10.449414806032166,,,0.0,13.921795677048454,0.0,0.0,11.037260313668911,0.0,0.0,,,
34,,5.265359696838637,0.0,,0.0,9.011647870223289,0.0,0.0,0.0,0.0,5.265359696838637,,0.0,10.904925124490397,12.415504997598328,,0.0,,0.0,13.921795677048454,0.0,0.0,,0.0,0.0,0.0,0.0,7.7787134167164185,14.852215206607578,0.0,,10.904925124490397,0.0,,0.0,11.881619584333132,13.341104266407502,,0.0,0.0,0.0,12.415504997598328,0.0,0.0,,0.0,0.0,0.0,0.0,11.037260313668911,9.011647870223289,,0.0,11.881619584333132,0.0,,8.701809671168826,0.0,0.0,0.0,0.0,0.0,0.0,13.341104266407502,0.0,8.701809671168826,,0.0,0.0,0.0,0.0,,7.7787134167164185,,0.0,0.0,0.0,,10.449414806032166,,0.0,0.0,14.852215206607578,0.0,0.0,0.0,0.0,10.449414806032166,,0.0,0.0,13.921795677048454,0.0,0.0,11.037260313668911,0.0,0.0,,0.0,
35,,5.265359696838637,0.0,,0.0,9.011647870223289,0.0,0.0,0.0,0.0,5.265359696838637,,0.0,10.904925124490397,12.415504997598328,5.297972194380703,0.0,,0.0,13.921795677048454,0.0,0.0,,0.0,0.0,0.0,0.0,7.7787134167164185,14.852215206607578,0.0,,10.904925124490397,0.0,,0.0,,13.341104266407502,,0.0,0.0,0.0,12.415504997598328,0.0,0.0,,0.0,0.0,0.0,0.0,11.037260313668911,9.011647870223289,5.297972194380703,0.0,,0.0,,8.701809671168826,0.0,0.0,0.0,0.0,0.0,0.0,13.341104266407502,0.0,8.701809671168826,,9.492090462838537,0.0,,0.0,,7.7787134167164185,,0.0,0.0,9.492090462838537,,10.449414806032166,,0.0,0.0,14.852215206607578,0.0,0.0,0.0,0.0,10.449414806032166,,0.0,0.0,13.921795677048454,0.0,0.0,11.037260313668911,0.0,,,0.0,
36,,5.265359696838637,0.0,,0.0,9.011647870223289,0.0,0.0,0.0,0.0,5.265359696838637,,0.0,10.904925124490397,12.415504997598328,5.297972194380703,0.0,,0.0,13.921795677048454,0.0,0.0,,0.0,0.0,0.0,0.0,7.7787134167164185,14.852215206607578,0.0,,10.904925124490397,0.0,,0.0,11.881619584333132,13.341104266407502,,0.0,0.0,0.0,12.415504997598328,0.0,0.0,,0.0,0.0,0.0,0.0,11.037260313668911,9.011647870223289,5.297972194380703,0.0,11.881619584333132,0.0,,8.701809671168826,0.0,0.0,0.0,0.0,0.0,0.0,13.341104266407502,0.0,8.701809671168826,,9.492090462838537,0.0,0.0,0.0,,7.7787134167164185,,0.0,0.0,9.492090462838537,,10.449414806032166,,0.0,0.0,14.852215206607578,0.0,0.0,0.0,0.0,10.449414806032166,,0.0,0.0,13.921795677048454,0.0,0.0,11.037260313668911,0.0,0.0,,0.0,
37,,5.265359696838637,0.0,,0.0,9.011647870223289,0.0,0.0,0.0,,5.265359696838637,,0.0,10.904925124490397,12.415504997598328,5.297972194380703,0.0,,0.0,13.921795677048454,0.0,0.0,,0.0,5.788001980784582,0.0,0.0,7.7787134167164185,14.852215206607578,0.0,,10.904925124490397,0.0,,0.0,11.881619584333132,13.341104266407502,,0.0,0.0,0.0,12.415504997598328,5.788001980784582,0.0,,0.0,0.0,0.0,0.0,,9.011647870223289,5.297972194380703,0.0,11.881619584333132,0.0,,8.701809671168826,0.0,7.278982756515468,0.0,0.0,0.0,0.0,13.341104266407502,0.0,8.701809671168826,,9.492090462838537,0.0,0.0,0.0,,7.7787134167164185,,0.0,0.0,9.492090462838537,,10.449414806032166,,0.0,0.0,14.852215206607578,0.0,0.0,7.278982756515468,0.0,10.449414806032166,,0.0,,13.921795677048454,0.0,0.0,,0.0,0.0,,0.0,
38,,5.265359696838637,0.0,,0.0,9.011647870223289,0.0,0.0,0.0,0.0,5.265359696838637,,0.0,,12.415504997598328,5.297972194380703,0.0,,0.0,13.921795677048454,0.0,0.0,,0.0,5.788001980784582,0.0,0.0,7.7787134167164185,14.852215206607578,0.0,,,0.0,,0.0,11.881619584333132,13.341104266407502,,0.0,0.0,0.0,12.415504997598328,5.788001980784582,0.0,,0.0,0.0,0.0,0.0,11.037260313668911,9.011647870223289,5.297972194380703,0.0,11.881619584333132,0.0,,8.701809671168826,,7.278982756515468,0.0,0.0,0.0,0.0,13.341104266407502,0.0,8.701809671168826,,9.492090462838537,0.0,0.0,0.0,,7.7787134167164185,,0.0,,9.492090462838537,,10.449414806032166,,0.0,0.0,14.852215206607578,0.0,0.0,7.278982756515468,0.0,10.449414806032166,,0.0,0.0,13.921795677048454,0.0,0.0,11.037260313668911,0.0,0.0,,0.0,
39,,5.265359696838637,0.0,,0.0,9.011647870223289,0.0,0.0,0.0,0.0,5.265359696838637,,0.0,10.904925124490397,12.415504997598328,5.297972194380703,0.0,,0.0,13.921795677048454,0.0,0.0,,0.0,5.788001980784582,0.0,0.0,7.7787134167164185,14.852215206607578,0.0,,10.904925124490397,0.0,,0.0,11.881619584333132,13.341104266407502,,0.0,0.0,0.0,12.415504997598328,5.788001980784582,0.0,,0.0,0.0,0.0,0.0,11.037260313668911,9.011647870223289,5.297972194380703,0.0,11.881619584333132,0.0,,8.701809671168826,0.0,7.278982756515468,0.0,0.0,0.0,0.0,13.341104266407502,0.0,8.701809671168826,,9.492090462838537,0.0,0.0,0.0,,7.7787134167164185,,0.0,0.0,9.492090462838537,,10.449414806032166,,0.0,0.0,14.852215206607578,0.0,0.0,7.278982756515468,0.0,10.449414806032166,,0.0,0.0,13.921795677048454,0.0,0.0,11.037260313668911,0.0,0.0,,0.0,
40,,5.265359696838637,0.0,,,9.011647870223289,,0.0,0.0,0.0,5.265359696838637,,0.0,10.904925124490397,12.415504997598328,5.297972194380703,0.0,,0.0,13.921795677048454,0.0,0.0,,0.0,5.788001980784582,13.218025940068083,0.0,7.7787134167164185,,0.0,,10.904925124490397,0.0,,0.0,11.881619584333132,13.341104266407502,,0.0,0.0,,12.415504997598328,5.788001980784582,0.0,,0.0,0.0,,0.0,,9.011647870223289,5.297972194380703,13.218025940068083,11.881619584333132,0.0,,8.701809671168826,0.0,7.278982756515468,0.0,,0.0,0.0,13.341104266407502,0.0,8.701809671168826,,9.492090462838537,0.0,0.0,0.0,,7.7787134167164185,,,0.0,9.492090462838537,,10.449414806032166,,0.0,0.0,,0.0,0.0,7.278982756515468,0.0,10.449414806032166,,0.0,0.0,13.921795677048454,0.0,0.0,,0.0,0.0,,0.0,
41,,5.265359696838637,0.0,,0.0,9.011647870223289,,0.0,0.0,0.0,5.265359696838637,,0.0,10.904925124490397,12.415504997598328,5.297972194380703,0.0,,0.0,13.921795677048454,0.0,0.0,,0.0,5.788001980784582,13.218025940068083,0.0,7.7787134167164185,14.852215206607578,0.0,,10.904925124490397,0.0,,0.0,11.881619584333132,13.341104266407502,,0.0,0.0,0.0,12.415504997598328,5.788001980784582,0.0,,,0.0,0.0,0.0,11.037260313668911,9.011647870223289,5.297972194380703,13.218025940068083,11.881619584333132,,,8.701809671168826,,7.278982756515468,0.0,,0.0,0.0,13.341104266407502,0.0,8.701809671168826,,9.492090462838537,0.0,0.0,0.0,,7.7787134167164185,,0.0,,9.492090462838537,,,,0.0,0.0,14.852215206607578,0.0,0.0,7.278982756515468,0.0,,,0.0,0.0,13.921795677048454,0.0,0.0,11.037260313668911,0.0,0.0,,0.0,
42,,5.265359696838637,0.0,,0.0,9.011647870223289,,0.0,0.0,0.0,5.265359696838637,,0.0,10.904925124490397,12.415504997598328,5.297972194380703,0.0,,0.0,13.921795677048454,0.0,0.0,,0.0,5.788001980784582,13.218025940068083,0.0,7.7787134167164185,14.852215206607578,0.0,,10.904925124490397,0.0,,0.0,11.881619584333132,13.341104266407502,,0.0,0.0,0.0,12.415504997598328,5.788001980784582,0.0,,,0.0,0.0,0.0,11.037260313668911,9.011647870223289,5.297972194380703,13.218025940068083,11.881619584333132,,,8.701809671168826,0.0,7.278982756515468,0.0,,0.0,0.0,13.341104266407502,0.0,8.701809671168826,,9.492090462838537,0.0,0.0,0.0,,7.7787134167164185,,0.0,0.0,9.492090462838537,,10.449414806032166,,0.0,0.0,14.852215206607578,0.0,0.0,7.278982756515468,0.0,10.449414806032166,,0.0,0.0,13.921795677048454,0.0,0.0,11.037260313668911,0.0,0.0,,0.0,
43,,5.265359696838637,0.0,,0.0,9.011647870223289,0.0,,0.0,0.0,5.265359696838637,,0.0,10.904925124490397,12.415504997598328,5.297972194380703,0.0,,0.0,13.921795677048454,0.0,0.0,,0.0,5.788001980784582,13.218025940068083,0.0,7.7787134167164185,14.852215206607578,0.0,,10.904925124490397,0.0,,0.0,11.881619584333132,13.341104266407502,,0.0,,0.0,12.415504997598328,5.788001980784582,0.0,,0.0,0.0,,0.0,11.037260313668911,9.011647870223289,5.297972194380703,13.218025940068083,11.881619584333132,0.0,,8.701809671168826,11.981393949882268,7.278982756515468,0.0,0.0,0.0,0.0,13.341104266407502,0.0,8.701809671168826,,9.492090462838537,0.0,0.0,,,7.7787134167164185,,,11.981393949882268,9.492090462838537,,10.449414806032166,,0.0,0.0,14.852215206607578,0.0,0.0,7.278982756515468,0.0,10.449414806032166,,0.0,0.0,13.921795677048454,0.0,,11.037260313668911,0.0,0.0,,0.0,
44,,5.265359696838637,0.0,,0.0,9.011647870223289,0.0,,0.0,0.0,5.265359696838637,,0.0,10.904925124490397,12.415504997598328,5.297972194380703,0.0,,0.0,,0.0,0.0,,,5.788001980784582,13.218025940068083,0.0,7.7787134167164185,14.852215206607578,0.0,,10.904925124490397,,,0.0,11.881619584333132,13.341104266407502,,0.0,0.0,0.0,12.415504997598328,5.788001980784582,0.0,,0.0,5.96716376833464,0.0,0.0,11.037260313668911,9.011647870223289,5.297972194380703,13.218025940068083,11.881619584333132,0.0,,,11.981393949882268,7.278982756515468,0.0,0.0,0.0,0.0,13.341104266407502,5.96716376833464,,,9.492090462838537,0.0,0.0,,,7.7787134167164185,,0.0,11.981393949882268,9.492090462838537,,10.449414806032166,,0.0,0.0,14.852215206607578,0.0,0.0,7.278982756515468,0.0,10.449414806032166,,0.0,0.0,,0.0,0.0,11.037260313668911,0.0,0.0,,0.0,
45,,5.265359696838637,0.0,,0.0,9.011647870223289,,,0.0,0.0,5.265359696838637,,0.0,,12.415504997598328,5.297972194380703,0.0,,0.0,13.921795677048454,0.0,0.0,,0.0,5.788001980784582,13.218025940068083,0.0,7.7787134167164185,14.852215206607578,0.0,,,0.0,,0.0,11.881619584333132,13.341104266407502,,0.0,0.0,0.0,12.415504997598328,5.788001980784582,0.0,,0.0,5.96716376833464,0.0,0.0,11.037260313668911,9.011647870223289,5.297972194380703,13.218025940068083,11.881619584333132,0.0,,8.701809671168826,11.981393949882268,7.278982756515468,0.0,,0.0,0.0,13.341104266407502,5.96716376833464,8.701809671168826,,9.492090462838537,0.0,0.0,,,7.7787134167164185,,0.0,11.981393949882268,9.492090462838537,,10.449414806032166,,0.0,0.0,14.852215206607578,0.0,0.0,7.278982756515468,0.0,10.449414806032166,,0.0,0.0,13.921795677048454,0.0,0.0,11.037260313668911,0.0,0.0,,0.0,
46,,5.265359696838637,0.0,,0.0,9.011647870223289,0.0,,0.0,0.0,5.265359696838637,,0.0,10.904925124490397,12.415504997598328,5.297972194380703,0.0,,0.0,13.921795677048454,0.0,0.0,,0.0,5.788001980784582,13.218025940068083,0.0,7.7787134167164185,14.852215206607578,0.0,,10.904925124490397,0.0,,0.0,11.881619584333132,13.341104266407502,,0.0,0.0,0.0,12.415504997598328,5.788001980784582,0.0,,0.0,5.96716376833464,0.0,0.0,11.037260313668911,9.011647870223289,5.297972194380703,13.218025940068083,11.881619584333132,0.0,,8.701809671168826,11.981393949882268,7.278982756515468,0.0,0.0,0.0,0.0,13.341104266407502,5.96716376833464,8.701809671168826,,9.492090462838537,13.85451747936807,0.0,,,7.7787134167164185,,0.0,11.981393949882268,9.492090462838537,,10.449414806032166,,0.0,0.0,14.852215206607578,0.0,0.0,7.278982756515468,13.85451747936807,10.449414806032166,,,0.0,13.921795677048454,0.0,0.0,11.037260313668911,0.0,0.0,,,
47,,5.265359696838637,0.0,,0.0,9.011647870223289,,,0.0,,5.265359696838637,,0.0,10.904925124490397,12.415504997598328,5.297972194380703,0.0,,0.0,13.921795677048454,0.0,0.0,,0.0,5.788001980784582,13.218025940068083,0.0,7.7787134167164185,14.852215206607578,0.0,,10.904925124490397,0.0,,0.0,11.881619584333132,,,0.0,0.0,0.0,12.415504997598328,5.788001980784582,0.0,,0.0,5.96716376833464,0.0,0.0,,9.011647870223289,5.297972194380703,13.218025940068083,11.881619584333132,0.0,,8.701809671168826,11.981393949882268,7.278982756515468,0.0,,0.0,0.0,,5.96716376833464,8.701809671168826,,9.492090462838537,13.85451747936807,0.0,,,7.7787134167164185,,0.0,11.981393949882268,9.492090462838537,,,,0.0,0.0,14.852215206607578,0.0,0.0,7.278982756515468,13.85451747936807,,,0.0,,13.921795677048454,0.0,0.0,,0.0,0.0,,0.0,
48,,5.265359696838637,0.0,,0.0,9.011647870223289,0.0,,13.664836667552699,0.0,5.265359696838637,,0.0,10.904925124490397,12.415504997598328,5.297972194380703,0.0,,0.0,13.921795677048454,0.0,0.0,,0.0,5.788001980784582,13.218025940068083,0.0,7.7787134167164185,14.852215206607578,0.0,,10.904925124490397,0.0,,0.0,11.881619584333132,13.341104266407502,,0.0,0.0,0.0,12.415504997598328,5.788001980784582,0.0,,6.248261628532093,5.96716376833464,0.0,6.022102765198487,11.037260313668911,9.011647870223289,5.297972194380703,13.218025940068083,11.881619584333132,6.248261628532093,,8.701809671168826,11.981393949882268,7.278982756515468,0.0,0.0,0.0,0.0,13.341104266407502,5.96716376833464,8.701809671168826,,9.492090462838537,13.85451747936807,0.0,,,7.7787134167164185,,0.0,11.981393949882268,9.492090462838537,,10.449414806032166,,13.664836667552699,0.0,14.852215206607578,0.0,6.022102765198487,7.278982756515468,13.85451747936807,10.449414806032166,,0.0,0.0,13.921795677048454,0.0,0.0,11.037260313668911,0.0,0.0,,0.0,
49,,5.265359696838637,0.0,,0.0,9.011647870223289,0.0,,13.664836667552699,0.0,5.265359696838637,,0.0,10.904925124490397,12.415504997598328,5.297972194380703,0.0,,0.0,,0.0,0.0,,0.0,5.788001980784582,13.218025940068083,0.0,7.7787134167164185,14.852215206607578,,,10.904925124490397,0.0,,0.0,11.881619584333132,13.341104266407502,,0.0,0.0,0.0,12.415504997598328,5.788001980784582,0.0,,6.248261628532093,5.96716376833464,0.0,6.022102765198487,11.037260313668911,9.011647870223289,5.297972194380703,13.218025940068083,11.881619584333132,6.248261628532093,,,11.981393949882268,7.278982756515468,0.0,0.0,0.0,0.0,13.341104266407502,5.96716376833464,,,9.492090462838537,13.85451747936807,0.0,,,7.7787134167164185,,0.0,11.981393949882268,9.492090462838537,,10.449414806032166,,13.664836667552699,0.0,14.852215206607578,0.0,6.022102765198487,7.278982756515468,13.85451747936807,10.449414806032166,,0.0,0.0,,,0.0,11.037260313668911,0.0,0.0,,0.0,
50,,5.265359696838637,0.0,,0.0,9.011647870223289,0.0,,13.664836667552699,0.0,5.265359696838637,,0.0,10.904925124490397,12.415504997598328,5.297972194380703,0.0,,0.0,13.921795677048454,0.0,0.0,,0.0,5.788001980784582,13.218025940068083,0.0,7.7787134167164185,14.852215206607578,0.0,,10.904925124490397,0.0,,0.0,11.881619584333132,13.341104266407502,,0.0,0.0,0.0,12.415504997598328,5.788001980784582,0.0,,,5.96716376833464,0.0,6.022102765198487,11.037260313668911,9.011647870223289,5.297972194380703,13.218025940068083,11.881619584333132,,,8.701809671168826,11.981393949882268,7.278982756515468,0.0,0.0,0.0,0.0,13.341104266407502,5.96716376833464,8.701809671168826,,9.492090462838537,13.85451747936807,0.0,,,7.7787134167164185,,0.0,11.981393949882268,9.492090462838537,,10.449414806032166,,13.664836667552699,0.0,14.852215206607578,0.0,6.022102765198487,7.278982756515468,13.85451747936807,10.449414806032166,,0.0,0.0,13.921795677048454,0.0,0.0,11.037260313668911,0.0,0.0,,0.0,
51,,5.265359696838637,0.0,,0.0,9.011647870223289,0.0,,13.664836667552699,0.0,5.265359696838637,,0.0,10.904925124490397,12.415504997598328,5.297972194380703,0.0,,0.0,13.921795677048454,0.0,0.0,,0.0,5.788001980784582,13.218025940068083,0.0,7.7787134167164185,14.852215206607578,0.0,,10.904925124490397,0.0,,0.0,11.881619584333132,13.341104266407502,,0.0,0.0,0.0,12.415504997598328,5.788001980784582,0.0,,6.248261628532093,5.96716376833464,0.0,6.022102765198487,11.037260313668911,9.011647870223289,5.297972194380703,13.218025940068083,11.881619584333132,6.248261628532093,,8.701809671168826,11.981393949882268,7.278982756515468,0.0,0.0,0.0,0.0,13.341104266407502,5.96716376833464,8.701809671168826,,9.492090462838537,13.85451747936807,0.0,,,7.7787134167164185,,0.0,11.981393949882268,9.492090462838537,,10.449414806032166,,13.664836667552699,0.0,14.852215206607578,0.0,6.022102765198487,7.278982756515468,13.85451747936807,10.449414806032166,,0.0,0.0,13.921795677048454,0.0,0.0,11.037260313668911,0.0,0.0,,0.0,
52,,5.265359696838637,0.0,,0.0,9.011647870223289,0.0,,13.664836667552699,0.0,5.265359696838637,,0.0,10.904925124490397,12.415504997598328,5.297972194380703,0.0,,0.0,13.921795677048454,0.0,0.0,,,5.788001980784582,13.218025940068083,0.0,7.7787134167164185,14.852215206607578,0.0,,10.904925124490397,,,0.0,11.881619584333132,13.341104266407502,,0.0,0.0,0.0,12.415504997598328,5.788001980784582,0.0,,6.248261628532093,5.96716376833464,0.0,6.022102765198487,11.037260313668911,9.011647870223289,5.297972194380703,13.218025940068083,11.881619584333132,6.248261628532093,,8.701809671168826,,7.278982756515468,0.0,0.0,0.0,0.0,13.341104266407502,5.96716376833464,8.701809671168826,,9.492090462838537,13.85451747936807,0.0,,,7.7787134167164185,,0.0,,9.492090462838537,,10.449414806032166,,13.664836667552699,0.0,14.852215206607578,0.0,6.022102765198487,7.278982756515468,13.85451747936807,10.449414806032166,,,0.0,13.921795677048454,0.0,0.0,11.037260313668911,0.0,0.0,,,
53,,5.265359696838637,0.0,,0.0,9.011647870223289,0.0,,13.664836667552699,0.0,5.265359696838637,,0.0,10.904925124490397,12.415504997598328,5.297972194380703,0.0,,0.0,13.921795677048454,0.0,0.0,,0.0,5.788001980784582,13.218025940068083,0.0,7.7787134167164185,,0.0,,10.904925124490397,0.0,,0.0,11.881619584333132,13.341104266407502,,0.0,0.0,0.0,12.415504997598328,5.788001980784582,0.0,,6.248261628532093,5.96716376833464,0.0,6.022102765198487,11.037260313668911,9.011647870223289,5.297972194380703,13.218025940068083,11.881619584333132,6.248261628532093,,8.701809671168826,11.981393949882268,7.278982756515468,0.0,0.0,0.0,0.0,13.341104266407502,5.96716376833464,8.701809671168826,,9.492090462838537,13.85451747936807,0.0,,,7.7787134167164185,,0.0,11.981393949882268,9.492090462838537,,10.449414806032166,,13.664836667552699,0.0,,0.0,6.022102765198487,7.278982756515468,13.85451747936807,10.449414806032166,,0.0,0.0,13.921795677048454,0.0,0.0,11.037260313668911,0.0,0.0,,0.0,
54,,5.265359696838637,0.0,,0.0,9.011647870223289,0.0,,13.664836667552699,0.0,5.265359696838637,,0.0,10.904925124490397,12.415504997598328,5.297972194380703,0.0,,0.0,13.921795677048454,0.0,0.0,,0.0,5.788001980784582,13.218025940068083,0.0,7.7787134167164185,14.852215206607578,0.0,,10.904925124490397,0.0,,0.0,11.881619584333132,13.341104266407502,,0.0,0.0,0.0,12.415504997598328,5.788001980784582,0.0,,6.248261628532093,5.96716376833464,0.0,6.022102765198487,11.037260313668911,9.011647870223289,5.297972194380703,13.218025940068083,11.881619584333132,6.248261628532093,,,11.981393949882268,7.278982756515468,0.0,0.0,0.0,0.0,13.341104266407502,5.96716376833464,,,9.492090462838537,13.85451747936807,0.0,,,7.7787134167164185,,0.0,11.981393949882268,9.492090462838537,,10.449414806032166,,13.664836667552699,0.0,14.852215206607578,0.0,6.022102765198487,7.278982756515468,13.85451747936807,10.449414806032166,,0.0,0.0,13.921795677048454,0.0,0.0,11.037260313668911,0.0,0.0,,0.0,
55,,5.265359696838637,0.0,,0.0,9.011647870223289,0.0,,13.664836667552699,0.0,5.265359696838637,,0.0,10.904925124490397,12.415504997598328,5.297972194380703,0.0,,0.0,13.921795677048454,0.0,0.0,,0.0,,13.218025940068083,0.0,7.7787134167164185,14.852215206607578,0.0,,10.904925124490397,0.0,,0.0,11.881619584333132,13.341104266407502,,0.0,,0.0,12.415504997598328,,0.0,,6.248261628532093,5.96716376833464,0.0,6.022102765198487,11.037260313668911,9.011647870223289,5.297972194380703,13.218025940068083,11.881619584333132,6.248261628532093,,8.701809671168826,11.981393949882268,7.278982756515468,0.0,0.0,0.0,0.0,13.341104266407502,5.96716376833464,8.701809671168826,,9.492090462838537,13.85451747936807,0.0,,,7.7787134167164185,,0.0,11.981393949882268,9.492090462838537,,10.449414806032166,,13.664836667552699,0.0,14.852215206607578,0.0,6.022102765198487,7.278982756515468,13.85451747936807,10.449414806032166,,0.0,0.0,13.921795677048454,0.0,,11.037260313668911,0.0,0.0,,0.0,
56,,5.265359696838637,0.0,,0.0,9.011647870223289,,,13.664836667552699,0.0,5.265359696838637,,0.0,10.904925124490397,12.415504997598328,5.297972194380703,0.0,,0.0,13.921795677048454,0.0,0.0,,0.0,5.788001980784582,13.218025940068083,0.0,7.7787134167164185,14.852215206607578,0.0,,10.904925124490397,0.0,,0.0,11.881619584333132,13.341104266407502,,0.0,0.0,0.0,12.415504997598328,5.788001980784582,0.0,,6.248261628532093,5.96716376833464,0.0,6.022102765198487,11.037260313668911,9.011647870223289,5.297972194380703,13.218025940068083,11.881619584333132,6.248261628532093,,8.701809671168826,11.981393949882268,7.278982756515468,0.0,,0.0,0.0,13.341104266407502,5.96716376833464,8.701809671168826,,9.492090462838537,13.85451747936807,0.0,,,7.7787134167164185,,0.0,11.981393949882268,9.492090462838537,,10.449414806032166,,13.664836667552699,0.0,14.852215206607578,0.0,6.022102765198487,7.278982756515468,13.85451747936807,10.449414806032166,,,0.0,13.921795677048454,0.0,0.0,11.037260313668911,0.0,0.0,,,
57,,5.265359696838637,0.0,,0.0,9.011647870223289,0.0,,13.664836667552699,0.0,5.265359696838637,,0.0,10.904925124490397,12.415504997598328,5.297972194380703,0.0,,0.0,13.921795677048454,0.0,0.0,,0.0,5.788001980784582,13.218025940068083,0.0,7.7787134167164185,14.852215206607578,0.0,,10.904925124490397,0.0,,0.0,11.881619584333132,,,0.0,0.0,0.0,12.415504997598328,5.788001980784582,0.0,,6.248261628532093,5.96716376833464,0.0,6.022102765198487,11.037260313668911,9.011647870223289,5.297972194380703,13.218025940068083,11.881619584333132,6.248261628532093,,8.701809671168826,11.981393949882268,7.278982756515468,0.0,0.0,0.0,0.0,,5.96716376833464,8.701809671168826,,9.492090462838537,13.85451747936807,0.0,,,7.7787134167164185,,0.0,11.981393949882268,9.492090462838537,,10.449414806032166,,13.664836667552699,0.0,14.852215206607578,0.0,6.022102765198487,7.278982756515468,13.85451747936807,10.449414806032166,,0.0,0.0,13.921795677048454,0.0,0.0,11.037260313668911,0.0,0.0,,0.0,
58,,5.265359696838637,0.0,,0.0,9.011647870223289,0.0,,13.664836667552699,0.0,5.265359696838637,,0.0,10.904925124490397,12.415504997598328,5.297972194380703,0.0,,0.0,13.921795677048454,0.0,0.0,,0.0,5.788001980784582,13.218025940068083,0.0,7.7787134167164185,14.852215206607578,0.0,,10.904925124490397,0.0,,0.0,11.881619584333132,13.341104266407502,,0.0,0.0,0.0,12.415504997598328,5.788001980784582,0.0,,,5.96716376833464,0.0,6.022102765198487,11.037260313668911,9.011647870223289,5.297972194380703,13.218025940068083,11.881619584333132,,,,11.981393949882268,7.278982756515468,0.0,0.0,0.0,0.0,13.341104266407502,5.96716376833464,,,9.492090462838537,13.85451747936807,0.0,,,7.7787134167164185,,0.0,11.981393949882268,9.492090462838537,,10.449414806032166,,13.664836667552699,0.0,14.852215206607578,0.0,6.022102765198487,7.278982756515468,13.85451747936807,10.449414806032166,,0.0,0.0,13.921795677048454,0.0,0.0,11.037260313668911,0.0,0.0,,0.0,
59,,5.265359696838637,0.0,,0.0,9.011647870223289,,,13.664836667552699,0.0,5.265359696838637,,0.0,10.904925124490397,12.415504997598328,5.297972194380703,0.0,,0.0,13.921795677048454,0.0,0.0,,0.0,5.788001980784582,13.218025940068083,0.0,7.7787134167164185,14.852215206607578,7.448109251514262,,10.904925124490397,0.0,,0.0,11.881619584333132,13.341104266407502,,0.0,0.0,0.0,12.415504997598328,5.788001980784582,0.0,,6.248261628532093,5.96716376833464,0.0,6.022102765198487,11.037260313668911,9.011647870223289,5.297972194380703,13.218025940068083,11.881619584333132,6.248261628532093,,,11.981393949882268,7.278982756515468,0.0,,0.0,0.0,13.341104266407502,5.96716376833464,,,9.492090462838537,13.85451747936807,0.0,,,7.7787134167164185,,0.0,11.981393949882268,9.492090462838537,,10.449414806032166,,13.664836667552699,0.0,14.852215206607578,0.0,6.022102765198487,7.278982756515468,13.85451747936807,10.449414806032166,,0.0,0.0,13.921795677048454,7.448109251514262,0.0,11.037260313668911,0.0,0.0,,0.0,
60,,5.265359696838637,0.0,,0.0,9.011647870223289,0.0,,13.664836667552699,0.0,5.265359696838637,,0.0,10.904925124490397,12.415504997598328,5.297972194380703,0.0,,0.0,13.921795677048454,0.0,0.0,,0.0,5.788001980784582,13.218025940068083,0.0,,14.852215206607578,7.448109251514262,,10.904925124490397,0.0,,0.0,11.881619584333132,13.341104266407502,,0.0,0.0,0.0,12.415504997598328,5.788001980784582,0.0,,6.248261628532093,5.96716376833464,0.0,6.022102765198487,11.037260313668911,9.011647870223289,5.297972194380703,13.218025940068083,11.881619584333132,6.248261628532093,,8.701809671168826,11.981393949882268,7.278982756515468,0.0,0.0,0.0,0.0,13.341104266407502,5.96716376833464,8.701809671168826,,9.492090462838537,13.85451747936807,0.0,,,,,0.0,11.981393949882268,9.492090462838537,,10.449414806032166,,13.664836667552699,0.0,14.852215206607578,0.0,6.022102765198487,7.278982756515468,13.85451747936807,10.449414806032166,,0.0,0.0,13.921795677048454,7.448109251514262,0.0,11.037260313668911,0.0,0.0,,0.0,
61,,5.265359696838637,0.0,,0.0,9.011647870223289,0.0,,13.664836667552699,0.0,5.265359696838637,,0.0,10.904925124490397,12.415504997598328,5.297972194380703,0.0,,0.0,13.921795677048454,0.0,0.0,,0.0,5.788001980784582,13.218025940068083,0.0,7.7787134167164185,14.852215206607578,7.448109251514262,,10.904925124490397,0.0,,0.0,11.881619584333132,13.341104266407502,,0.0,0.0,0.0,12.415504997598328,5.788001980784582,0.0,,6.248261628532093,5.96716376833464,,6.022102765198487,11.037260313668911,9.011647870223289,5.297972194380703,13.218025940068083,11.881619584333132,6.248261628532093,,8.701809671168826,11.981393949882268,7.278982756515468,0.0,0.0,0.0,0.0,13.341104266407502,5.96716376833464,8.701809671168826,,9.492090462838537,13.85451747936807,0.0,,,7.7787134167164185,,,11.981393949882268,9.492090462838537,,10.449414806032166,,13.664836667552699,0.0,14.852215206607578,0.0,6.022102765198487,7.278982756515468,13.85451747936807,10.449414806032166,,0.0,0.0,13.921795677048454,7.448109251514262,0.0,11.037260313668911,0.0,0.0,,0.0,
62,,5.265359696838637,0.0,,0.0,9.011647870223289,0.0,,13.664836667552699,0.0,5.265359696838637,,0.0,10.904925124490397,12.415504997598328,5.297972194380703,0.0,,0.0,13.921795677048454,0.0,0.0,,0.0,,,0.0,7.7787134167164185,14.852215206607578,7.448109251514262,,10.904925124490397,0.0,,0.0,11.881619584333132,13.341104266407502,,0.0,,0.0,12.415504997598328,,0.0,,6.248261628532093,5.96716376833464,0.0,6.022102765198487,11.037260313668911,9.011647870223289,5.297972194380703,,11.881619584333132,6.248261628532093,,,11.981393949882268,7.278982756515468,0.0,0.0,0.0,0.0,13.341104266407502,5.96716376833464,,,9.492090462838537,13.85451747936807,0.0,,,7.7787134167164185,,0.0,11.981393949882268,9.492090462838537,,10.449414806032166,,13.664836667552699,0.0,14.852215206607578,0.0,6.022102765198487,7.278982756515468,13.85451747936807,10.449414806032166,,0.0,0.0,13.921795677048454,7.448109251514262,,11.037260313668911,0.0,0.0,,0.0,
63,,5.265359696838637,0.0,,0.0,9.011647870223289,0.0,,13.664836667552699,0.0,5.265359696838637,,0.0,10.904925124490397,12.415504997598328,5.297972194380703,0.0,,0.0,13.921795677048454,0.0,0.0,,0.0,5.788001980784582,13.218025940068083,0.0,7.7787134167164185,14.852215206607578,7.448109251514262,,10.904925124490397,0.0,,0.0,11.881619584333132,13.341104266407502,,0.0,0.0,0.0,12.415504997598328,5.788001980784582,0.0,,6.248261628532093,5.96716376833464,0.0,6.022102765198487,11.037260313668911,9.011647870223289,5.297972194380703,13.218025940068083,11.881619584333132,6.248261628532093,,8.701809671168826,11.981393949882268,7.278982756515468,0.0,0.0,0.0,0.0,13.341104266407502,5.96716376833464,8.701809671168826,,9.492090462838537,13.85451747936807,0.0,,,7.7787134167164185,,0.0,11.981393949882268,9.492090462838537,,10.449414806032166,,13.664836667552699,0.0,14.852215206607578,0.0,6.022102765198487,7.278982756515468,13.85451747936807,10.449414806032166,,0.0,0.0,13.921795677048454,7.448109251514262,0.0,11.037260313668911,0.0,0.0,,0.0,
64,,5.265359696838637,0.0,,0.0,,0.0,,13.664836667552699,0.0,5.265359696838637,,0.0,10.904925124490397,12.415504997598328,5.297972194380703,0.0,,0.0,13.921795677048454,0.0,0.0,,0.0,5.788001980784582,13.218025940068083,0.0,7.7787134167164185,14.852215206607578,7.448109251514262,,10.904925124490397,0.0,,0.0,11.881619584333132,13.341104266407502,,0.0,0.0,0.0,12.415504997598328,5.788001980784582,0.0,,6.248261628532093,5.96716376833464,0.0,6.022102765198487,11.037260313668911,,5.297972194380703,13.218025940068083,11.881619584333132,6.248261628532093,,8.701809671168826,11.981393949882268,7.278982756515468,0.0,0.0,0.0,0.0,13.341104266407502,5.96716376833464,8.701809671168826,,9.492090462838537,13.85451747936807,0.0,,,7.7787134167164185,,0.0,11.981393949882268,9.492090462838537,,10.449414806032166,,13.664836667552699,0.0,14.852215206607578,0.0,6.022102765198487,7.278982756515468,13.85451747936807,10.449414806032166,,0.0,0.0,13.921795677048454,7.448109251514262,0.0,11.037260313668911,0.0,0.0,,0.0,
65,,5.265359696838637,0.0,,,9.011647870223289,0.0,,13.664836667552699,0.0,5.265359696838637,,0.0,10.904925124490397,12.415504997598328,5.297972194380703,0.0,,0.0,13.921795677048454,0.0,0.0,,0.0,5.788001980784582,13.218025940068083,0.0,7.7787134167164185,14.852215206607578,7.448109251514262,,10.904925124490397,0.0,,0.0,11.881619584333132,13.341104266407502,,0.0,,,12.415504997598328,5.788001980784582,0.0,,6.248261628532093,5.96716376833464,,6.022102765198487,,9.011647870223289,5.297972194380703,13.218025940068083,11.881619584333132,6.248261628532093,,8.701809671168826,11.981393949882268,7.278982756515468,0.0,0.0,0.0,0.0,13.341104266407502,5.96716376833464,8.701809671168826,,9.492090462838537,13.85451747936807,,,,7.7787134167164185,,,11.981393949882268,9.492090462838537,,10.449414806032166,,13.664836667552699,0.0,14.852215206607578,0.0,6.022102765198487,7.278982756515468,13.85451747936807,10.449414806032166,,0.0,0.0,13.921795677048454,7.448109251514262,,,0.0,,,0.0,
66,,5.265359696838637,0.0,,,9.011647870223289,0.0,,13.664836667552699,0.0,5.265359696838637,,0.0,10.904925124490397,12.415504997598328,5.297972194380703,0.0,,,13.921795677048454,0.0,0.0,,0.0,5.788001980784582,13.218025940068083,0.0,7.7787134167164185,14.852215206607578,7.448109251514262,,10.904925124490397,0.0,,0.0,11.881619584333132,13.341104266407502,,0.0,0.0,,12.415504997598328,5.788001980784582,0.0,,6.248261628532093,5.96716376833464,,6.022102765198487,,9.011647870223289,5.297972194380703,13.218025940068083,11.881619584333132,6.248261628532093,,8.701809671168826,11.981393949882268,7.278982756515468,0.0,0.0,0.0,0.0,13.341104266407502,5.96716376833464,8.701809671168826,,9.492090462838537,13.85451747936807,0.0,,,7.7787134167164185,,,11.981393949882268,9.492090462838537,,10.449414806032166,,13.664836667552699,,14.852215206607578,0.0,6.022102765198487,7.278982756515468,13.85451747936807,10.449414806032166,,0.0,0.0,13.921795677048454,7.448109251514262,0.0,,0.0,0.0,,0.0,
67,,5.265359696838637,0.0,,0.0,9.011647870223289,0.0,,13.664836667552699,0.0,5.265359696838637,,0.0,10.904925124490397,12.415504997598328,5.297972194380703,0.0,,0.0,13.921795677048454,0.0,0.0,,0.0,5.788001980784582,,0.0,7.7787134167164185,14.852215206607578,7.448109251514262,,10.904925124490397,0.0,,0.0,11.881619584333132,13.341104266407502,,0.0,0.0,0.0,12.415504997598328,5.788001980784582,0.0,,6.248261628532093,5.96716376833464,0.0,6.022102765198487,11.037260313668911,9.011647870223289,5.297972194380703,,11.881619584333132,6.248261628532093,,8.701809671168826,11.981393949882268,7.278982756515468,0.0,0.0,0.0,0.0,13.341104266407502,5.96716376833464,8.701809671168826,,9.492090462838537,13.85451747936807,0.0,,,7.7787134167164185,,0.0,11.981393949882268,9.492090462838537,,10.449414806032166,,13.664836667552699,0.0,14.852215206607578,0.0,6.022102765198487,7.278982756515468,13.85451747936807,10.449414806032166,,,0.0,13.921795677048454,7.448109251514262,0.0,11.037260313668911,0.0,0.0,,,
68,,5.265359696838637,0.0,,0.0,9.011647870223289,,,13.664836667552699,0.0,5.265359696838637,,0.0,10.904925124490397,12.415504997598328,5.297972194380703,0.0,,0.0,13.921795677048454,0.0,0.0,,0.0,5.788001980784582,,0.0,7.7787134167164185,14.852215206607578,7.448109251514262,,10.904925124490397,0.0,,12.297317866938178,11.881619584333132,13.341104266407502,,0.0,0.0,0.0,12.415504997598328,5.788001980784582,12.297317866938178,,6.248261628532093,5.96716376833464,0.0,6.022102765198487,11.037260313668911,9.011647870223289,5.297972194380703,,11.881619584333132,6.248261628532093,,8.701809671168826,11.981393949882268,7.278982756515468,0.0,,0.0,0.0,13.341104266407502,5.96716376833464,8.701809671168826,,9.492090462838537,13.85451747936807,0.0,,,7.7787134167164185,,0.0,11.981393949882268,9.492090462838537,,10.449414806032166,,13.664836667552699,0.0,14.852215206607578,0.0,6.022102765198487,7.278982756515468,13.85451747936807,10.449414806032166,,0.0,0.0,13.921795677048454,7.448109251514262,0.0,11.037260313668911,0.0,0.0,,0.0,
69,,5.265359696838637,0.0,,0.0,9.011647870223289,0.0,,13.664836667552699,0.0,5.265359696838637,,0.0,10.904925124490397,12.415504997598328,5.297972194380703,0.0,,0.0,13.921795677048454,0.0,0.0,,0.0,5.788001980784582,13.218025940068083,0.0,7.7787134167164185,14.852215206607578,7.448109251514262,,10.904925124490397,0.0,,,11.881619584333132,13.341104266407502,,0.0,0.0,0.0,12.415504997598328,5.788001980784582,,,,5.96716376833464,0.0,6.022102765198487,11.037260313668911,9.011647870223289,5.297972194380703,13.218025940068083,11.881619584333132,,,8.701809671168826,11.981393949882268,7.278982756515468,0.0,0.0,0.0,0.0,13.341104266407502,5.96716376833464,8.701809671168826,,9.492090462838537,13.85451747936807,0.0,,,7.7787134167164185,,0.0,11.981393949882268,9.492090462838537,,10.449414806032166,,13.664836667552699,0.0,14.852215206607578,0.0,6.022102765198487,7.278982756515468,13.85451747936807,10.449414806032166,,0.0,0.0,13.921795677048454,7.448109251514262,0.0,11.037260313668911,0.0,0.0,,0.0,
70,,5.265359696838637,0.0,,0.0,9.011647870223289,0.0,,13.664836667552699,,5.265359696838637,,0.0,10.904925124490397,12.415504997598328,5.297972194380703,0.0,,0.0,13.921795677048454,0.0,0.0,,0.0,5.788001980784582,13.218025940068083,0.0,7.7787134167164185,14.852215206607578,7.448109251514262,,10.904925124490397,0.0,,12.297317866938178,11.881619584333132,13.341104266407502,,0.0,0.0,0.0,12.415504997598328,5.788001980784582,12.297317866938178,,6.248261628532093,5.96716376833464,0.0,6.022102765198487,,9.011647870223289,5.297972194380703,13.218025940068083,11.881619584333132,6.248261628532093,,8.701809671168826,11.981393949882268,7.278982756515468,0.0,0.0,0.0,0.0,13.341104266407502,5.96716376833464,8.701809671168826,,9.492090462838537,13.85451747936807,0.0,,,7.7787134167164185,,0.0,11.981393949882268,9.492090462838537,,10.449414806032166,,13.664836667552699,0.0,14.852215206607578,0.0,6.022102765198487,7.278982756515468,13.85451747936807,10.449414806032166,,,,13.921795677048454,7.448109251514262,0.0,,0.0,0.0,,,
71,,5.265359696838637,0.0,,0.0,9.011647870223289,0.0,,13.664836667552699,0.0,5.265359696838637,,0.0,10.904925124490397,12.415504997598328,5.297972194380703,0.0,,0.0,13.921795677048454,0.0,0.0,,0.0,,13.218025940068083,0.0,7.7787134167164185,14.852215206607578,7.448109251514262,,10.904925124490397,0.0,,12.297317866938178,11.881619584333132,13.341104266407502,,0.0,0.0,0.0,12.415504997598328,,12.297317866938178,,6.248261628532093,5.96716376833464,0.0,6.022102765198487,11.037260313668911,9.011647870223289,5.297972194380703,13.218025940068083,11.881619584333132,6.248261628532093,,8.701809671168826,11.981393949882268,7.278982756515468,0.0,0.0,0.0,0.0,13.341104266407502,5.96716376833464,8.701809671168826,,9.492090462838537,13.85451747936807,0.0,,,7.7787134167164185,,0.0,11.981393949882268,9.492090462838537,,10.449414806032166,,13.664836667552699,0.0,14.852215206607578,0.0,6.022102765198487,7.278982756515468,13.85451747936807,10.449414806032166,,0.0,0.0,13.921795677048454,7.448109251514262,0.0,11.037260313668911,0.0,0.0,,0.0,
72,,5.265359696838637,7.109828435863265,,0.0,9.011647870223289,0.0,,13.664836667552699,0.0,5.265359696838637,,0.0,10.904925124490397,12.415504997598328,5.297972194380703,0.0,,,13.921795677048454,7.109828435863265,0.0,,0.0,5.788001980784582,13.218025940068083,0.0,7.7787134167164185,14.852215206607578,7.448109251514262,,10.904925124490397,0.0,,12.297317866938178,11.881619584333132,13.341104266407502,,0.0,0.0,0.0,12.415504997598328,5.788001980784582,12.297317866938178,,6.248261628532093,5.96716376833464,0.0,6.022102765198487,11.037260313668911,9.011647870223289,5.297972194380703,13.218025940068083,11.881619584333132,6.248261628532093,,8.701809671168826,,7.278982756515468,0.0,0.0,0.0,0.0,13.341104266407502,5.96716376833464,8.701809671168826,,9.492090462838537,13.85451747936807,0.0,,,7.7787134167164185,,0.0,,9.492090462838537,,10.449414806032166,,13.664836667552699,,14.852215206607578,0.0,6.022102765198487,7.278982756515468,13.85451747936807,10.449414806032166,,0.0,0.0,13.921795677048454,7.448109251514262,0.0,11.037260313668911,0.0,0.0,,0.0,
73,,5.265359696838637,7.109828435863265,,0.0,9.011647870223289,0.0,,13.664836667552699,0.0,5.265359696838637,,0.0,10.904925124490397,12.415504997598328,5.297972194380703,0.0,,0.0,13.921795677048454,7.109828435863265,0.0,,0.0,5.788001980784582,13.218025940068083,0.0,7.7787134167164185,14.852215206607578,7.448109251514262,,10.904925124490397,0.0,,12.297317866938178,11.881619584333132,13.341104266407502,,0.0,0.0,0.0,12.415504997598328,5.788001980784582,12.297317866938178,,6.248261628532093,5.96716376833464,0.0,6.022102765198487,11.037260313668911,9.011647870223289,5.297972194380703,13.218025940068083,11.881619584333132,6.248261628532093,,8.701809671168826,,7.278982756515468,0.0,0.0,0.0,0.0,13.341104266407502,5.96716376833464,8.701809671168826,,9.492090462838537,13.85451747936807,0.0,,,7.7787134167164185,,0.0,,9.492090462838537,,10.449414806032166,,13.664836667552699,0.0,14.852215206607578,0.0,6.022102765198487,7.278982756515468,13.85451747936807,10.449414806032166,,0.0,0.0,13.921795677048454,7.448109251514262,0.0,11.037260313668911,0.0,0.0,,0.0,
74,,5.265359696838637,7.109828435863265,,0.0,9.011647870223289,0.0,,13.664836667552699,0.0,5.265359696838637,,0.0,10.904925124490397,12.415504997598328,5.297972194380703,0.0,,0.0,13.921795677048454,7.109828435863265,0.0,,0.0,5.788001980784582,13.218025940068083,0.0,7.7787134167164185,14.852215206607578,7.448109251514262,,10.904925124490397,0.0,,12.297317866938178,11.881619584333132,13.341104266407502,,0.0,0.0,0.0,12.415504997598328,5.788001980784582,12.297317866938178,,6.248261628532093,5.96716376833464,0.0,6.022102765198487,11.037260313668911,9.011647870223289,5.297972194380703,13.218025940068083,11.881619584333132,6.248261628532093,,8.701809671168826,11.981393949882268,,0.0,0.0,0.0,0.0,13.341104266407502,5.96716376833464,8.701809671168826,,9.492090462838537,13.85451747936807,0.0,,,7.7787134167164185,,0.0,11.981393949882268,9.492090462838537,,10.449414806032166,,13.664836667552699,0.0,14.852215206607578,0.0,6.022102765198487,,13.85451747936807,10.449414806032166,,0.0,0.0,13.921795677048454,7.448109251514262,0.0,11.037260313668911,0.0,0.0,,0.0,
75,,5.265359696838637,7.109828435863265,,0.0,9.011647870223289,0.0,,13.664836667552699,0.0,5.265359696838637,,0.0,,12.415504997598328,5.297972194380703,0.0,,0.0,13.921795677048454,7.109828435863265,0.0,,0.0,5.788001980784582,13.218025940068083,0.0,7.7787134167164185,14.852215206607578,7.448109251514262,,,0.0,,12.297317866938178,11.881619584333132,13.341104266407502,,0.0,0.0,0.0,12.415504997598328,5.788001980784582,12.297317866938178,,6.248261628532093,5.96716376833464,0.0,6.022102765198487,11.037260313668911,9.011647870223289,5.297972194380703,13.218025940068083,11.881619584333132,6.248261628532093,,8.701809671168826,11.981393949882268,7.278982756515468,0.0,0.0,0.0,0.0,13.341104266407502,5.96716376833464,8.701809671168826,,9.492090462838537,13.85451747936807,0.0,,,7.7787134167164185,,0.0,11.981393949882268,9.492090462838537,,10.449414806032166,,13.664836667552699,0.0,14.852215206607578,0.0,6.022102765198487,7.278982756515468,13.85451747936807,10.449414806032166,,0.0,0.0,13.921795677048454,7.448109251514262,0.0,11.037260313668911,0.0,0.0,,0.0,
76,,5.265359696838637,7.109828435863265,,0.0,9.011647870223289,0.0,,13.664836667552699,0.0,5.265359696838637,,0.0,10.904925124490397,12.415504997598328,5.297972194380703,0.0,,0.0,13.921795677048454,7.109828435863265,0.0,,0.0,5.788001980784582,13.218025940068083,0.0,7.7787134167164185,14.852215206607578,7.448109251514262,,10.904925124490397,0.0,,12.297317866938178,11.881619584333132,13.341104266407502,,0.0,0.0,0.0,12.415504997598328,5.788001980784582,12.297317866938178,,6.248261628532093,5.96716376833464,0.0,6.022102765198487,11.037260313668911,9.011647870223289,5.297972194380703,13.218025940068083,11.881619584333132,6.248261628532093,,8.701809671168826,11.981393949882268,7.278982756515468,0.0,0.0,0.0,0.0,13.341104266407502,5.96716376833464,8.701809671168826,,9.492090462838537,13.85451747936807,0.0,,,7.7787134167164185,,0.0,11.981393949882268,9.492090462838537,,10.449414806032166,,13.664836667552699,0.0,14.852215206607578,0.0,6.022102765198487,7.278982756515468,13.85451747936807,10.449414806032166,,,0.0,13.921795677048454,7.448109251514262,0.0,11.037260313668911,0.0,0.0,,,
77,,5.265359696838637,7.109828435863265,,0.0,,0.0,,13.664836667552699,0.0,5.265359696838637,,7.326608933907396,10.904925124490397,12.415504997598328,5.297972194380703,0.0,,0.0,13.921795677048454,7.109828435863265,7.326608933907396,,0.0,5.788001980784582,13.218025940068083,0.0,7.7787134167164185,14.852215206607578,7.448109251514262,,10.904925124490397,0.0,,12.297317866938178,11.881619584333132,13.341104266407502,,0.0,0.0,0.0,12.415504997598328,5.788001980784582,12.297317866938178,,6.248261628532093,5.96716376833464,0.0,6.022102765198487,11.037260313668911,,5.297972194380703,13.218025940068083,11.881619584333132,6.248261628532093,,8.701809671168826,11.981393949882268,7.278982756515468,0.0,0.0,0.0,0.0,13.341104266407502,5.96716376833464,8.701809671168826,,9.492090462838537,13.85451747936807,0.0,,,7.7787134167164185,,0.0,11.981393949882268,9.492090462838537,,10.449414806032166,,13.664836667552699,0.0,14.852215206607578,0.0,6.022102765198487,7.278982756515468,13.85451747936807,10.449414806032166,,0.0,0.0,13.921795677048454,7.448109251514262,0.0,11.037260313668911,0.0,0.0,,0.0,
78,,5.265359696838637,7.109828435863265,,0.0,9.011647870223289,0.0,,13.664836667552699,0.0,5.265359696838637,,7.326608933907396,10.904925124490397,12.415504997598328,5.297972194380703,0.0,,0.0,13.921795677048454,7.109828435863265,7.326608933907396,,0.0,5.788001980784582,13.218025940068083,0.0,7.7787134167164185,14.852215206607578,7.448109251514262,,10.904925124490397,0.0,,12.297317866938178,11.881619584333132,13.341104266407502,,0.0,0.0,0.0,12.415504997598328,5.788001980784582,12.297317866938178,,6.248261628532093,5.96716376833464,0.0,6.022102765198487,11.037260313668911,9.011647870223289,5.297972194380703,13.218025940068083,11.881619584333132,6.248261628532093,,8.701809671168826,11.981393949882268,7.278982756515468,0.0,0.0,0.0,0.0,13.341104266407502,5.96716376833464,8.701809671168826,,9.492090462838537,13.85451747936807,0.0,,,7.7787134167164185,,0.0,11.981393949882268,9.492090462838537,,10.449414806032166,,13.664836667552699,0.0,14.852215206607578,0.0,6.022102765198487,7.278982756515468,13.85451747936807,10.449414806032166,,0.0,0.0,13.921795677048454,7.448109251514262,0.0,11.037260313668911,0.0,0.0,,0.0,
79,,5.265359696838637,7.109828435863265,,,9.011647870223289,0.0,,13.664836667552699,0.0,5.265359696838637,,7.326608933907396,10.904925124490397,12.415504997598328,5.297972194380703,0.0,,0.0,13.921795677048454,7.109828435863265,7.326608933907396,,0.0,5.788001980784582,13.218025940068083,0.0,7.7787134167164185,14.852215206607578,7.448109251514262,,10.904925124490397,0.0,,12.297317866938178,11.881619584333132,13.341104266407502,,0.0,0.0,,12.415504997598328,5.788001980784582,12.297317866938178,,6.248261628532093,5.96716376833464,0.0,6.022102765198487,11.037260313668911,9.011647870223289,5.297972194380703,13.218025940068083,11.881619584333132,6.248261628532093,,8.701809671168826,11.981393949882268,7.278982756515468,0.0,0.0,0.0,0.0,13.341104266407502,5.96716376833464,8.701809671168826,,9.492090462838537,13.85451747936807,0.0,,,7.7787134167164185,,0.0,11.981393949882268,9.492090462838537,,10.449414806032166,,13.664836667552699,0.0,14.852215206607578,0.0,6.022102765198487,7.278982756515468,13.85451747936807,10.449414806032166,,0.0,0.0,13.921795677048454,7.448109251514262,0.0,11.037260313668911,0.0,0.0,,0.0,
80,,5.265359696838637,7.109828435863265,,,9.011647870223289,0.0,,13.664836667552699,0.0,5.265359696838637,,7.326608933907396,,12.415504997598328,5.297972194380703,0.0,,0.0,13.921795677048454,7.109828435863265,7.326608933907396,,0.0,5.788001980784582,13.218025940068083,0.0,7.7787134167164185,14.852215206607578,7.448109251514262,,,0.0,,12.297317866938178,11.881619584333132,13.341104266407502,,0.0,0.0,,12.415504997598328,5.788001980784582,12.297317866938178,,6.248261628532093,5.96716376833464,0.0,6.022102765198487,11.037260313668911,9.011647870223289,5.297972194380703,13.218025940068083,11.881619584333132,6.248261628532093,,8.701809671168826,11.981393949882268,7.278982756515468,0.0,0.0,0.0,0.0,13.341104266407502,5.96716376833464,8.701809671168826,,9.492090462838537,13.85451747936807,0.0,,,7.7787134167164185,,0.0,11.981393949882268,9.492090462838537,,10.449414806032166,,13.664836667552699,0.0,14.852215206607578,0.0,6.022102765198487,7.278982756515468,13.85451747936807,10.449414806032166,,0.0,0.0,13.921795677048454,7.448109251514262,0.0,11.037260313668911,0.0,0.0,,0.0,
81,,5.265359696838637,7.109828435863265,,,9.011647870223289,,,13.664836667552699,,5.265359696838637,,7.326608933907396,10.904925124490397,12.415504997598328,5.297972194380703,0.0,,,13.921795677048454,7.109828435863265,7.326608933907396,,0.0,5.788001980784582,13.218025940068083,0.0,7.7787134167164185,14.852215206607578,7.448109251514262,,10.904925124490397,0.0,,12.297317866938178,11.881619584333132,13.341104266407502,,0.0,5.714025095785483,,12.415504997598328,5.788001980784582,12.297317866938178,,6.248261628532093,5.96716376833464,0.0,6.022102765198487,11.037260313668911,9.011647870223289,5.297972194380703,13.218025940068083,11.881619584333132,6.248261628532093,,8.701809671168826,11.981393949882268,7.278982756515468,0.0,,0.0,0.0,13.341104266407502,5.96716376833464,8.701809671168826,,9.492090462838537,13.85451747936807,7.779736031100921,,,7.7787134167164185,,0.0,11.981393949882268,9.492090462838537,,10.449414806032166,,13.664836667552699,,14.852215206607578,0.0,6.022102765198487,7.278982756515468,13.85451747936807,10.449414806032166,,0.0,,13.921795677048454,7.448109251514262,5.714025095785483,11.037260313668911,0.0,7.779736031100921,,0.0,
82,,5.265359696838637,7.109828435863265,,,9.011647870223289,14.366545877124942,,13.664836667552699,,5.265359696838637,,7.326608933907396,10.904925124490397,12.415504997598328,5.297972194380703,0.0,,0.0,13.921795677048454,7.109828435863265,7.326608933907396,,0.0,,13.218025940068083,0.0,7.7787134167164185,14.852215206607578,7.448109251514262,,10.904925124490397,0.0,,12.297317866938178,11.881619584333132,13.341104266407502,,0.0,5.714025095785483,,12.415504997598328,,12.297317866938178,,6.248261628532093,5.96716376833464,0.0,6.022102765198487,11.037260313668911,9.011647870223289,5.297972194380703,13.218025940068083,11.881619584333132,6.248261628532093,,8.701809671168826,11.981393949882268,7.278982756515468,0.0,14.366545877124942,0.0,0.0,13.341104266407502,5.96716376833464,8.701809671168826,,9.492090462838537,13.85451747936807,7.779736031100921,,,7.7787134167164185,,0.0,11.981393949882268,9.492090462838537,,10.449414806032166,,13.664836667552699,0.0,14.852215206607578,0.0,6.022102765198487,7.278982756515468,13.85451747936807,10.449414806032166,,0.0,,13.921795677048454,7.448109251514262,5.714025095785483,11.037260313668911,0.0,7.779736031100921,,0.0,
83,,5.265359696838637,7.109828435863265,,,9.011647870223289,14.366545877124942,,,,5.265359696838637,,7.326608933907396,10.904925124490397,12.415504997598328,5.297972194380703,0.0,,0.0,13.921795677048454,7.109828435863265,7.326608933907396,,0.0,5.788001980784582,13.218025940068083,0.0,7.7787134167164185,14.852215206607578,7.448109251514262,,10.904925124490397,0.0,,12.297317866938178,11.881619584333132,13.341104266407502,,0.0,5.714025095785483,,12.415504997598328,5.788001980784582,12.297317866938178,,6.248261628532093,5.96716376833464,0.0,6.022102765198487,11.037260313668911,9.011647870223289,5.297972194380703,13.218025940068083,11.881619584333132,6.248261628532093,,8.701809671168826,11.981393949882268,7.278982756515468,0.0,14.366545877124942,0.0,0.0,13.341104266407502,5.96716376833464,8.701809671168826,,9.492090462838537,13.85451747936807,7.779736031100921,,,7.7787134167164185,,0.0,11.981393949882268,9.492090462838537,,10.449414806032166,,,0.0,14.852215206607578,0.0,6.022102765198487,7.278982756515468,13.85451747936807,10.449414806032166,,0.0,,13.921795677048454,7.448109251514262,5.714025095785483,11.037260313668911,0.0,7.779736031100921,,0.0,
84,,5.265359696838637,7.109828435863265,,,9.011647870223289,14.366545877124942,,13.664836667552699,,5.265359696838637,,7.326608933907396,10.904925124490397,12.415504997598328,5.297972194380703,0.0,,0.0,13.921795677048454,7.109828435863265,7.326608933907396,,0.0,5.788001980784582,13.218025940068083,0.0,7.7787134167164185,14.852215206607578,7.448109251514262,,10.904925124490397,0.0,,12.297317866938178,11.881619584333132,13.341104266407502,,5.69555148823741,5.714025095785483,,12.415504997598328,5.788001980784582,12.297317866938178,,6.248261628532093,5.96716376833464,0.0,6.022102765198487,11.037260313668911,9.011647870223289,5.297972194380703,13.218025940068083,11.881619584333132,6.248261628532093,,8.701809671168826,11.981393949882268,7.278982756515468,0.0,14.366545877124942,0.0,0.0,13.341104266407502,5.96716376833464,8.701809671168826,,9.492090462838537,13.85451747936807,7.779736031100921,,,7.7787134167164185,,0.0,11.981393949882268,9.492090462838537,,10.449414806032166,,13.664836667552699,0.0,14.852215206607578,5.69555148823741,6.022102765198487,7.278982756515468,13.85451747936807,10.449414806032166,,0.0,,13.921795677048454,7.448109251514262,5.714025095785483,11.037260313668911,0.0,7.779736031100921,,0.0,
85,,5.265359696838637,7.109828435863265,,,9.011647870223289,14.366545877124942,,13.664836667552699,,5.265359696838637,,7.326608933907396,10.904925124490397,12.415504997598328,5.297972194380703,0.0,,,13.921795677048454,7.109828435863265,7.326608933907396,,0.0,5.788001980784582,13.218025940068083,0.0,7.7787134167164185,14.852215206607578,7.448109251514262,,10.904925124490397,0.0,,12.297317866938178,11.881619584333132,13.341104266407502,,5.69555148823741,,,12.415504997598328,5.788001980784582,12.297317866938178,,6.248261628532093,5.96716376833464,0.0,6.022102765198487,,9.011647870223289,5.297972194380703,13.218025940068083,11.881619584333132,6.248261628532093,,8.701809671168826,11.981393949882268,7.278982756515468,0.0,14.366545877124942,0.0,0.0,13.341104266407502,5.96716376833464,8.701809671168826,,9.492090462838537,13.85451747936807,7.779736031100921,,,7.7787134167164185,,0.0,11.981393949882268,9.492090462838537,,10.449414806032166,,13.664836667552699,,14.852215206607578,5.69555148823741,6.022102765198487,7.278982756515468,13.85451747936807,10.449414806032166,,0.0,,13.921795677048454,7.448109251514262,,,0.0,7.779736031100921,,0.0,
86,,5.265359696838637,7.109828435863265,,,9.011647870223289,14.366545877124942,,13.664836667552699,,5.265359696838637,,7.326608933907396,10.904925124490397,12.415504997598328,5.297972194380703,0.0,,0.0,,7.109828435863265,7.326608933907396,,0.0,5.788001980784582,13.218025940068083,0.0,7.7787134167164185,14.852215206607578,7.448109251514262,,10.904925124490397,0.0,,12.297317866938178,11.881619584333132,13.341104266407502,,5.69555148823741,5.714025095785483,,12.415504997598328,5.788001980784582,12.297317866938178,,6.248261628532093,5.96716376833464,0.0,6.022102765198487,,9.011647870223289,5.297972194380703,13.218025940068083,11.881619584333132,6.248261628532093,,8.701809671168826,11.981393949882268,7.278982756515468,0.0,14.366545877124942,0.0,0.0,13.341104266407502,5.96716376833464,8.701809671168826,,9.492090462838537,13.85451747936807,7.779736031100921,,,7.7787134167164185,,0.0,11.981393949882268,9.492090462838537,,10.449414806032166,,13.664836667552699,0.0,14.852215206607578,5.69555148823741,6.022102765198487,7.278982756515468,13.85451747936807,10.449414806032166,,0.0,,,7.448109251514262,5.714025095785483,,0.0,7.779736031100921,,0.0,
87,,5.265359696838637,7.109828435863265,,,9.011647870223289,14.366545877124942,,13.664836667552699,,5.265359696838637,,7.326608933907396,10.904925124490397,12.415504997598328,5.297972194380703,0.0,,0.0,13.921795677048454,7.109828435863265,7.326608933907396,,0.0,5.788001980784582,13.218025940068083,0.0,7.7787134167164185,,7.448109251514262,,10.904925124490397,0.0,,12.297317866938178,11.881619584333132,,,5.69555148823741,5.714025095785483,,12.415504997598328,5.788001980784582,12.297317866938178,,6.248261628532093,5.96716376833464,0.0,6.022102765198487,11.037260313668911,9.011647870223289,5.297972194380703,13.218025940068083,11.881619584333132,6.248261628532093,,8.701809671168826,11.981393949882268,7.278982756515468,0.0,14.366545877124942,0.0,0.0,,5.96716376833464,8.701809671168826,,9.492090462838537,13.85451747936807,7.779736031100921,,,7.7787134167164185,,0.0,11.981393949882268,9.492090462838537,,10.449414806032166,,13.664836667552699,0.0,,5.69555148823741,6.022102765198487,7.278982756515468,13.85451747936807,10.449414806032166,,0.0,,13.921795677048454,7.448109251514262,5.714025095785483,11.037260313668911,0.0,7.779736031100921,,0.0,
88,,5.265359696838637,7.109828435863265,,,9.011647870223289,14.366545877124942,,13.664836667552699,,5.265359696838637,,7.326608933907396,10.904925124490397,12.415504997598328,5.297972194380703,0.0,,0.0,13.921795677048454,7.109828435863265,7.326608933907396,,0.0,5.788001980784582,13.218025940068083,0.0,7.7787134167164185,14.852215206607578,7.448109251514262,,10.904925124490397,0.0,,12.297317866938178,11.881619584333132,13.341104266407502,,5.69555148823741,5.714025095785483,,12.415504997598328,5.788001980784582,12.297317866938178,,6.248261628532093,5.96716376833464,0.0,6.022102765198487,11.037260313668911,9.011647870223289,5.297972194380703,13.218025940068083,11.881619584333132,6.248261628532093,,8.701809671168826,11.981393949882268,7.278982756515468,0.0,14.366545877124942,0.0,0.0,13.341104266407502,5.96716376833464,8.701809671168826,,9.492090462838537,13.85451747936807,7.779736031100921,,,7.7787134167164185,,0.0,11.981393949882268,9.492090462838537,,10.449414806032166,,13.664836667552699,0.0,14.852215206607578,5.69555148823741,6.022102765198487,7.278982756515468,13.85451747936807,10.449414806032166,,0.0,,13.921795677048454,7.448109251514262,5.714025095785483,11.037260313668911,0.0,7.779736031100921,,0.0,
89,,5.265359696838637,7.109828435863265,,,9.011647870223289,14.366545877124942,,13.664836667552699,8.794554417576478,5.265359696838637,,7.326608933907396,10.904925124490397,12.415504997598328,5.297972194380703,0.0,,0.0,13.921795677048454,7.109828435863265,7.326608933907396,,0.0,5.788001980784582,13.218025940068083,11.701751743776933,7.7787134167164185,14.852215206607578,7.448109251514262,,10.904925124490397,0.0,,12.297317866938178,11.881619584333132,13.341104266407502,,5.69555148823741,5.714025095785483,,12.415504997598328,5.788001980784582,12.297317866938178,,6.248261628532093,5.96716376833464,12.160196129224035,6.022102765198487,,9.011647870223289,5.297972194380703,13.218025940068083,11.881619584333132,6.248261628532093,,8.701809671168826,11.981393949882268,7.278982756515468,0.0,14.366545877124942,0.0,11.701751743776933,13.341104266407502,5.96716376833464,8.701809671168826,,9.492090462838537,13.85451747936807,7.779736031100921,,,7.7787134167164185,,12.160196129224035,11.981393949882268,9.492090462838537,,10.449414806032166,,13.664836667552699,0.0,14.852215206607578,5.69555148823741,6.022102765198487,7.278982756515468,13.85451747936807,10.449414806032166,,0.0,8.794554417576478,13.921795677048454,7.448109251514262,5.714025095785483,,0.0,7.779736031100921,,0.0,
90,,5.265359696838637,7.109828435863265,,,9.011647870223289,14.366545877124942,,13.664836667552699,8.794554417576478,5.265359696838637,,7.326608933907396,10.904925124490397,12.415504997598328,5.297972194380703,0.0,,0.0,13.921795677048454,7.109828435863265,7.326608933907396,,0.0,5.788001980784582,13.218025940068083,11.701751743776933,7.7787134167164185,14.852215206607578,7.448109251514262,,10.904925124490397,0.0,,12.297317866938178,,13.341104266407502,,5.69555148823741,5.714025095785483,,12.415504997598328,5.788001980784582,12.297317866938178,,6.248261628532093,5.96716376833464,12.160196129224035,6.022102765198487,,9.011647870223289,5.297972194380703,13.218025940068083,,6.248261628532093,,8.701809671168826,11.981393949882268,7.278982756515468,0.0,14.366545877124942,0.0,11.701751743776933,13.341104266407502,5.96716376833464,8.701809671168826,,9.492090462838537,13.85451747936807,7.779736031100921,,,7.7787134167164185,,12.160196129224035,11.981393949882268,9.492090462838537,,10.449414806032166,,13.664836667552699,0.0,14.852215206607578,5.69555148823741,6.022102765198487,7.278982756515468,13.85451747936807,10.449414806032166,,,8.794554417576478,13.921795677048454,7.448109251514262,5.714025095785483,,0.0,7.779736031100921,,,
91,,5.265359696838637,7.109828435863265,,,9.011647870223289,14.366545877124942,,13.664836667552699,,5.265359696838637,,7.326608933907396,10.904925124490397,12.415504997598328,5.297972194380703,0.0,,0.0,13.921795677048454,7.109828435863265,7.326608933907396,,0.0,5.788001980784582,13.218025940068083,11.701751743776933,7.7787134167164185,14.852215206607578,7.448109251514262,,10.904925124490397,0.0,,12.297317866938178,11.881619584333132,13.341104266407502,,5.69555148823741,5.714025095785483,,12.415504997598328,5.788001980784582,12.297317866938178,,6.248261628532093,5.96716376833464,12.160196129224035,6.022102765198487,,9.011647870223289,5.297972194380703,13.218025940068083,11.881619584333132,6.248261628532093,,8.701809671168826,11.981393949882268,7.278982756515468,0.0,14.366545877124942,0.0,11.701751743776933,13.341104266407502,5.96716376833464,8.701809671168826,,9.492090462838537,13.85451747936807,7.779736031100921,,,7.7787134167164185,,12.160196129224035,11.981393949882268,9.492090462838537,,10.449414806032166,,13.664836667552699,0.0,14.852215206607578,5.69555148823741,6.022102765198487,7.278982756515468,13.85451747936807,10.449414806032166,,,,13.921795677048454,7.448109251514262,5.714025095785483,,0.0,7.779736031100921,,,
92,,5.265359696838637,7.109828435863265,,,9.011647870223289,14.366545877124942,,13.664836667552699,8.794554417576478,5.265359696838637,,7.326608933907396,10.904925124490397,12.415504997598328,5.297972194380703,0.0,,0.0,13.921795677048454,7.109828435863265,7.326608933907396,,0.0,,13.218025940068083,11.701751743776933,7.7787134167164185,14.852215206607578,7.448109251514262,,10.904925124490397,0.0,,,11.881619584333132,13.341104266407502,,5.69555148823741,5.714025095785483,,12.415504997598328,,,,6.248261628532093,5.96716376833464,12.160196129224035,6.022102765198487,,9.011647870223289,5.297972194380703,13.218025940068083,11.881619584333132,6.248261628532093,,8.701809671168826,11.981393949882268,7.278982756515468,0.0,14.366545877124942,0.0,11.701751743776933,13.341104266407502,5.96716376833464,8.701809671168826,,9.492090462838537,13.85451747936807,7.779736031100921,,,7.7787134167164185,,12.160196129224035,11.981393949882268,9.492090462838537,,10.449414806032166,,13.664836667552699,0.0,14.852215206607578,5.69555148823741,6.022102765198487,7.278982756515468,13.85451747936807,10.449414806032166,,,8.794554417576478,13.921795677048454,7.448109251514262,5.714025095785483,,0.0,7.779736031100921,,,
93,,5.265359696838637,7.109828435863265,,,9.011647870223289,14.366545877124942,,13.664836667552699,8.794554417576478,5.265359696838637,,7.326608933907396,10.904925124490397,12.415504997598328,5.297972194380703,0.0,,0.0,13.921795677048454,7.109828435863265,7.326608933907396,,0.0,5.788001980784582,13.218025940068083,11.701751743776933,7.7787134167164185,14.852215206607578,7.448109251514262,,10.904925124490397,0.0,,12.297317866938178,11.881619584333132,13.341104266407502,,5.69555148823741,5.714025095785483,,12.415504997598328,5.788001980784582,12.297317866938178,,6.248261628532093,5.96716376833464,12.160196129224035,6.022102765198487,,9.011647870223289,5.297972194380703,13.218025940068083,11.881619584333132,6.248261628532093,,8.701809671168826,11.981393949882268,7.278982756515468,6.71138648198097,14.366545877124942,0.0,11.701751743776933,13.341104266407502,5.96716376833464,8.701809671168826,,9.492090462838537,13.85451747936807,7.779736031100921,,,7.7787134167164185,,12.160196129224035,11.981393949882268,9.492090462838537,,10.449414806032166,,13.664836667552699,0.0,14.852215206607578,5.69555148823741,6.022102765198487,7.278982756515468,13.85451747936807,10.449414806032166,,,8.794554417576478,13.921795677048454,7.448109251514262,5.714025095785483,,6.71138648198097,7.779736031100921,,,
94,,5.265359696838637,7.109828435863265,,,9.011647870223289,14.366545877124942,,13.664836667552699,8.794554417576478,5.265359696838637,,7.326608933907396,,12.415504997598328,5.297972194380703,6.024951761715075,,7.232107381488228,13.921795677048454,7.109828435863265,7.326608933907396,,0.0,5.788001980784582,13.218025940068083,11.701751743776933,7.7787134167164185,14.852215206607578,7.448109251514262,,,0.0,,12.297317866938178,11.881619584333132,13.341104266407502,,5.69555148823741,5.714025095785483,,12.415504997598328,5.788001980784582,12.297317866938178,,6.248261628532093,5.96716376833464,12.160196129224035,6.022102765198487,,9.011647870223289,5.297972194380703,13.218025940068083,11.881619584333132,6.248261628532093,,8.701809671168826,11.981393949882268,7.278982756515468,6.71138648198097,14.366545877124942,6.024951761715075,11.701751743776933,13.341104266407502,5.96716376833464,8.701809671168826,,9.492090462838537,13.85451747936807,7.779736031100921,,,7.7787134167164185,,12.160196129224035,11.981393949882268,9.492090462838537,,10.449414806032166,,13.664836667552699,7.232107381488228,14.852215206607578,5.69555148823741,6.022102765198487,7.278982756515468,13.85451747936807,10.449414806032166,,,8.794554417576478,13.921795677048454,7.448109251514262,5.714025095785483,,6.71138648198097,7.779736031100921,,,
95,,5.265359696838637,7.109828435863265,,,9.011647870223289,14.366545877124942,,13.664836667552699,8.794554417576478,5.265359696838637,,7.326608933907396,10.904925124490397,12.415504997598328,5.297972194380703,6.024951761715075,,7.232107381488228,13.921795677048454,7.109828435863265,7.326608933907396,,0.0,5.788001980784582,13.218025940068083,11.701751743776933,7.7787134167164185,14.852215206607578,7.448109251514262,,10.904925124490397,0.0,,12.297317866938178,11.881619584333132,13.341104266407502,,5.69555148823741,5.714025095785483,,12.415504997598328,5.788001980784582,12.297317866938178,,6.248261628532093,5.96716376833464,12.160196129224035,6.022102765198487,,9.011647870223289,5.297972194380703,13.218025940068083,11.881619584333132,6.248261628532093,,8.701809671168826,11.981393949882268,7.278982756515468,6.71138648198097,14.366545877124942,6.024951761715075,11.701751743776933,13.341104266407502,5.96716376833464,8.701809671168826,,9.492090462838537,13.85451747936807,7.779736031100921,,,7.7787134167164185,,12.160196129224035,11.981393949882268,9.492090462838537,,10.449414806032166,,13.664836667552699,7.232107381488228,14.852215206607578,5.69555148823741,6.022102765198487,7.278982756515468,13.85451747936807,10.449414806032166,,,8.794554417576478,13.921795677048454,7.448109251514262,5.714025095785483,,6.71138648198097,7.779736031100921,,,
96,,5.265359696838637,7.109828435863265,,,9.011647870223289,14.366545877124942,,13.664836667552699,8.794554417576478,5.265359696838637,,7.326608933907396,10.904925124490397,12.415504997598328,5.297972194380703,6.024951761715075,,7.232107381488228,13.921795677048454,7.109828435863265,7.326608933907396,,0.0,,13.218025940068083,11.701751743776933,7.7787134167164185,14.852215206607578,7.448109251514262,,10.904925124490397,0.0,,12.297317866938178,,13.341104266407502,,5.69555148823741,5.714025095785483,,12.415504997598328,,12.297317866938178,,6.248261628532093,5.96716376833464,12.160196129224035,6.022102765198487,,9.011647870223289,5.297972194380703,13.218025940068083,,6.248261628532093,,8.701809671168826,11.981393949882268,7.278982756515468,6.71138648198097,14.366545877124942,6.024951761715075,11.701751743776933,13.341104266407502,5.96716376833464,8.701809671168826,,9.492090462838537,13.85451747936807,7.779736031100921,,,7.7787134167164185,,12.160196129224035,11.981393949882268,9.492090462838537,,10.449414806032166,,13.664836667552699,7.232107381488228,14.852215206607578,5.69555148823741,6.022102765198487,7.278982756515468,13.85451747936807,10.449414806032166,,,8.794554417576478,13.921795677048454,7.448109251514262,5.714025095785483,,6.71138648198097,7.779736031100921,,,
97,,,7.109828435863265,,,9.011647870223289,14.366545877124942,,13.664836667552699,8.794554417576478,,,7.326608933907396,10.904925124490397,12.415504997598328,5.297972194380703,6.024951761715075,,7.232107381488228,13.921795677048454,7.109828435863265,7.326608933907396,,0.0,5.788001980784582,13.218025940068083,11.701751743776933,7.7787134167164185,14.852215206607578,7.448109251514262,,10.904925124490397,0.0,,12.297317866938178,11.881619584333132,13.341104266407502,,5.69555148823741,5.714025095785483,,12.415504997598328,5.788001980784582,12.297317866938178,,6.248261628532093,5.96716376833464,12.160196129224035,6.022102765198487,,9.011647870223289,5.297972194380703,13.218025940068083,11.881619584333132,6.248261628532093,,8.701809671168826,11.981393949882268,7.278982756515468,6.71138648198097,14.366545877124942,6.024951761715075,11.701751743776933,13.341104266407502,5.96716376833464,8.701809671168826,,9.492090462838537,13.85451747936807,7.779736031100921,,,7.7787134167164185,,12.160196129224035,11.981393949882268,9.492090462838537,,10.449414806032166,,13.664836667552699,7.232107381488228,14.852215206607578,5.69555148823741,6.022102765198487,7.278982756515468,13.85451747936807,10.449414806032166,,,8.794554417576478,13.921795677048454,7.448109251514262,5.714025095785483,,6.71138648198097,7.779736031100921,,,
98,,5.265359696838637,7.109828435863265,,,9.011647870223289,14.366545877124942,,13.664836667552699,8.794554417576478,5.265359696838637,,7.326608933907396,10.904925124490397,12.415504997598328,5.297972194380703,6.024951761715075,,7.232107381488228,13.921795677048454,7.109828435863265,7.326608933907396,,11.846142509898744,5.788001980784582,13.218025940068083,11.701751743776933,7.7787134167164185,14.852215206607578,7.448109251514262,,10.904925124490397,11.846142509898744,,12.297317866938178,11.881619584333132,13.341104266407502,,5.69555148823741,5.714025095785483,,12.415504997598328,5.788001980784582,12.297317866938178,,6.248261628532093,5.96716376833464,12.160196129224035,6.022102765198487,,9.011647870223289,5.297972194380703,13.218025940068083,11.881619584333132,6.248261628532093,,8.701809671168826,11.981393949882268,7.278982756515468,6.71138648198097,14.366545877124942,6.024951761715075,11.701751743776933,13.341104266407502,5.96716376833464,8.701809671168826,,9.492090462838537,13.85451747936807,7.779736031100921,,,7.7787134167164185,,12.160196129224035,11.981393949882268,9.492090462838537,,,,13.664836667552699,7.232107381488228,14.852215206607578,5.69555148823741,6.022102765198487,7.278982756515468,13.85451747936807,,,,8.794554417576478,13.921795677048454,7.448109251514262,5.714025095785483,,6.71138648198097,7.779736031100921,,,
99,,5.265359696838637,7.109828435863265,,,9.011647870223289,14.366545877124942,,13.664836667552699,8.794554417576478,5.265359696838637,,7.326608933907396,10.904925124490397,12.415504997598328,5.297972194380703,6.024951761715075,,,13.921795677048454,7.109828435863265,7.326608933907396,,11.846142509898744,5.788001980784582,13.218025940068083,11.701751743776933,7.7787134167164185,14.852215206607578,7.448109251514262,,10.904925124490397,11.846142509898744,,,11.881619584333132,13.341104266407502,,5.69555148823741,5.714025095785483,,12.415504997598328,5.788001980784582,,,6.248261628532093,5.96716376833464,12.160196129224035,6.022102765198487,,9.011647870223289,5.297972194380703,13.218025940068083,11.881619584333132,6.248261628532093,,8.701809671168826,11.981393949882268,7.278982756515468,6.71138648198097,14.366545877124942,6.024951761715075,11.701751743776933,13.341104266407502,5.96716376833464,8.701809671168826,,,13.85451747936807,7.779736031100921,,,7.7787134167164185,,12.160196129224035,11.981393949882268,,,10.449414806032166,,13.664836667552699,,14.852215206607578,5.69555148823741,6.022102765198487,7.278982756515468,13.85451747936807,10.449414806032166,,,8.794554417576478,13.921795677048454,7.448109251514262,5.714025095785483,,6.71138648198097,7.779736031100921,,,
