,"('D', 'D')","('D', 'E')","('D', 'G')","('D', 'J')","('D', 'B')","('D', 'F')","('D', 'C')","('D', 'H')","('D', 'I')","('D', 'A')","('E', 'D')","('E', 'E')","('E', 'G')","('E', 'J')","('E', 'B')","('E', 'F')","('E', 'C')","('E', 'H')","('E', 'I')","('E', 'A')","('G', 'D')","('G', 'E')","('G', 'G')","('G', 'J')","('G', 'B')","('G', 'F')","('G', 'C')","('G', 'H')","('G', 'I')","('G', 'A')","('J', 'D')","('J', 'E')","('J', 'G')","('J', 'J')","('J', 'B')","('J', 'F')","('J', 'C')","('J', 'H')","('J', 'I')","('J', 'A')","('B', 'D')","('B', 'E')","('B', 'G')","('B', 'J')","('B', 'B')","('B', 'F')","('B', 'C')","('B', 'H')","('B', 'I')","('B', 'A')","('F', 'D')","('F', 'E')","('F', 'G')","('F', 'J')","('F', 'B')","('F', 'F')","('F', 'C')","('F', 'H')","('F', 'I')","('F', 'A')","('C', 'D')","('C', 'E')","('C', 'G')","('C', 'J')","('C', 'B')","('C', 'F')","('C', 'C')","('C', 'H')","('C', 'I')","('C', 'A')","('H', 'D')","('H', 'E')","('H', 'G')","('H', 'J')","('H', 'B')","('H', 'F')","('H', 'C')","('H', 'H')","('H', 'I')","('H', 'A')","('I', 'D')","('I', 'E')","('I', 'G')","('I', 'J')","('I', 'B')","('I', 'F')","('I', 'C')","('I', 'H')","('I', 'I')","('I', 'A')","('A', 'D')","('A', 'E')","('A', 'G')","('A', 'J')","('A', 'B')","('A', 'F')","('A', 'C')","('A', 'H')","('A', 'I')","('A', 'A')"
0,,,,,,,,,,,,,,,,,,,,,,,,,,,,,,,,,,,,,,,,,,,,,,,,,,,,,,,,,,,,,,,,,,,,,,,,,,,,,,,,,,,,,,,,,,,,,,,,,,,,
1,,0.0,0.0,0.0,0.0,0.0,0.0,0.0,0.0,0.0,0.0,,0.0,0.0,0.0,0.0,0.0,0.0,0.0,0.0,0.0,0.0,,0.0,0.0,0.0,0.0,0.0,0.0,0.0,0.0,0.0,0.0,,0.0,0.0,0.0,0.0,0.0,0.0,0.0,0.0,0.0,0.0,,,0.0,0.0,0.0,0.0,0.0,0.0,0.0,0.0,,,0.0,0.0,0.0,0.0,0.0,0.0,0.0,0.0,0.0,0.0,,0.0,0.0,0.0,0.0,0.0,0.0,0.0,0.0,0.0,0.0,,,0.0,0.0,0.0,0.0,0.0,0.0,0.0,0.0,,,0.0,0.0,0.0,0.0,0.0,0.0,0.0,0.0,0.0,0.0,
2,,0.0,0.0,0.0,0.0,0.0,0.0,0.0,0.0,0.0,0.0,,0.0,0.0,0.0,,0.0,,0.0,0.0,0.0,0.0,,0.0,0.0,0.0,0.0,0.0,0.0,0.0,0.0,0.0,0.0,,0.0,0.0,0.0,0.0,0.0,0.0,0.0,0.0,0.0,0.0,,,0.0,0.0,0.0,,0.0,,0.0,0.0,,,0.0,0.0,0.0,0.0,0.0,0.0,0.0,0.0,0.0,0.0,,0.0,0.0,0.0,0.0,,0.0,0.0,0.0,0.0,0.0,,,,0.0,0.0,0.0,0.0,0.0,0.0,0.0,,,0.0,0.0,0.0,0.0,0.0,,0.0,0.0,,0.0,
3,,0.0,0.0,0.0,0.0,0.0,0.0,0.0,0.0,0.0,0.0,,0.0,0.0,0.0,0.0,0.0,0.0,0.0,0.0,0.0,0.0,,0.0,0.0,0.0,0.0,0.0,0.0,0.0,0.0,0.0,0.0,,0.0,0.0,0.0,0.0,0.0,0.0,0.0,0.0,0.0,0.0,,,0.0,0.0,0.0,,0.0,0.0,0.0,0.0,,,0.0,0.0,0.0,0.0,0.0,0.0,0.0,0.0,0.0,0.0,,0.0,0.0,0.0,0.0,0.0,0.0,0.0,0.0,0.0,0.0,,0.0,0.0,0.0,0.0,0.0,0.0,0.0,0.0,0.0,0.0,,0.0,0.0,0.0,0.0,0.0,,0.0,0.0,0.0,0.0,
4,,0.0,0.0,0.0,0.0,0.0,0.0,0.0,0.0,0.0,0.0,,0.0,,0.0,0.0,0.0,0.0,0.0,0.0,0.0,0.0,,0.0,0.0,0.0,0.0,0.0,0.0,10.904925124490397,0.0,,0.0,,0.0,0.0,0.0,0.0,0.0,0.0,0.0,0.0,0.0,0.0,,,0.0,0.0,0.0,,0.0,0.0,0.0,0.0,,,0.0,0.0,0.0,0.0,0.0,0.0,0.0,0.0,0.0,0.0,,0.0,0.0,0.0,0.0,0.0,0.0,0.0,0.0,0.0,0.0,,0.0,0.0,0.0,0.0,0.0,0.0,0.0,0.0,0.0,0.0,,,0.0,0.0,10.904925124490397,0.0,,0.0,0.0,0.0,,
5,,0.0,0.0,0.0,0.0,0.0,0.0,0.0,,0.0,0.0,,0.0,0.0,0.0,0.0,0.0,0.0,0.0,0.0,0.0,0.0,,0.0,0.0,0.0,0.0,0.0,0.0,10.904925124490397,0.0,0.0,0.0,,0.0,0.0,0.0,0.0,0.0,0.0,0.0,0.0,0.0,0.0,,,0.0,0.0,0.0,,0.0,0.0,0.0,0.0,,,,0.0,0.0,0.0,0.0,0.0,0.0,0.0,0.0,,,0.0,0.0,0.0,0.0,0.0,0.0,0.0,0.0,0.0,0.0,,0.0,0.0,,0.0,0.0,0.0,0.0,0.0,0.0,0.0,,0.0,0.0,0.0,10.904925124490397,0.0,,0.0,0.0,0.0,0.0,
6,,0.0,0.0,0.0,0.0,0.0,0.0,0.0,0.0,0.0,0.0,,0.0,0.0,0.0,0.0,0.0,0.0,0.0,0.0,0.0,0.0,,0.0,0.0,0.0,0.0,0.0,0.0,10.904925124490397,0.0,0.0,0.0,,0.0,0.0,0.0,0.0,0.0,0.0,0.0,0.0,0.0,0.0,,,0.0,0.0,0.0,,0.0,0.0,0.0,0.0,,,,0.0,0.0,,0.0,0.0,0.0,0.0,0.0,,,0.0,0.0,0.0,0.0,0.0,0.0,0.0,0.0,0.0,0.0,,0.0,0.0,0.0,0.0,0.0,0.0,0.0,0.0,0.0,0.0,,0.0,0.0,0.0,10.904925124490397,0.0,,,0.0,0.0,0.0,
7,,0.0,0.0,0.0,0.0,0.0,0.0,0.0,0.0,0.0,0.0,,0.0,0.0,0.0,0.0,0.0,0.0,0.0,0.0,0.0,0.0,,0.0,0.0,0.0,0.0,0.0,0.0,10.904925124490397,0.0,0.0,0.0,,0.0,0.0,0.0,0.0,0.0,0.0,0.0,0.0,0.0,0.0,,,0.0,0.0,0.0,,0.0,0.0,0.0,0.0,,,,0.0,0.0,0.0,0.0,0.0,0.0,0.0,0.0,,,,0.0,0.0,0.0,0.0,0.0,0.0,0.0,0.0,,,0.0,0.0,0.0,0.0,0.0,0.0,0.0,0.0,0.0,0.0,,0.0,0.0,0.0,10.904925124490397,0.0,,0.0,0.0,0.0,0.0,
8,,0.0,0.0,0.0,0.0,0.0,0.0,,0.0,0.0,0.0,,0.0,0.0,0.0,0.0,0.0,0.0,0.0,0.0,0.0,0.0,,0.0,0.0,0.0,0.0,0.0,0.0,10.904925124490397,0.0,0.0,0.0,,0.0,0.0,0.0,9.011647870223289,0.0,0.0,0.0,0.0,0.0,0.0,,,0.0,0.0,,,0.0,0.0,0.0,0.0,,,,0.0,0.0,0.0,0.0,0.0,0.0,0.0,0.0,,,0.0,0.0,0.0,,0.0,0.0,9.011647870223289,0.0,0.0,0.0,,0.0,0.0,0.0,0.0,0.0,0.0,,0.0,0.0,0.0,,0.0,0.0,0.0,10.904925124490397,0.0,,0.0,0.0,0.0,0.0,
9,,0.0,,0.0,0.0,0.0,0.0,0.0,0.0,0.0,0.0,,0.0,0.0,0.0,0.0,0.0,0.0,0.0,0.0,,0.0,,,0.0,0.0,0.0,0.0,0.0,10.904925124490397,0.0,0.0,,,0.0,,0.0,9.011647870223289,0.0,0.0,0.0,0.0,0.0,0.0,,,0.0,,0.0,,0.0,0.0,0.0,,,,,0.0,0.0,0.0,0.0,0.0,0.0,0.0,0.0,,,0.0,0.0,0.0,0.0,0.0,0.0,9.011647870223289,,0.0,0.0,,0.0,0.0,0.0,0.0,0.0,0.0,0.0,0.0,0.0,0.0,,0.0,0.0,0.0,10.904925124490397,0.0,,0.0,0.0,0.0,0.0,
10,,0.0,0.0,0.0,0.0,0.0,0.0,0.0,0.0,0.0,0.0,,0.0,0.0,0.0,0.0,0.0,0.0,0.0,0.0,0.0,0.0,,0.0,0.0,0.0,0.0,,0.0,10.904925124490397,0.0,0.0,0.0,,0.0,0.0,0.0,9.011647870223289,0.0,0.0,0.0,0.0,0.0,0.0,,,0.0,0.0,0.0,,0.0,0.0,0.0,0.0,,,,0.0,0.0,0.0,0.0,0.0,0.0,0.0,0.0,,,0.0,0.0,0.0,0.0,0.0,,9.011647870223289,0.0,0.0,0.0,,0.0,0.0,0.0,0.0,0.0,0.0,0.0,0.0,0.0,0.0,,0.0,0.0,0.0,10.904925124490397,0.0,,0.0,0.0,0.0,0.0,
11,,0.0,0.0,0.0,0.0,0.0,0.0,0.0,0.0,0.0,0.0,,0.0,0.0,0.0,0.0,0.0,0.0,,0.0,0.0,0.0,,0.0,0.0,0.0,0.0,0.0,0.0,10.904925124490397,0.0,0.0,0.0,,0.0,0.0,0.0,9.011647870223289,0.0,0.0,0.0,0.0,0.0,0.0,,,0.0,0.0,0.0,,0.0,0.0,0.0,0.0,,,,0.0,0.0,13.921795677048454,0.0,0.0,0.0,0.0,0.0,,,0.0,0.0,0.0,0.0,0.0,0.0,9.011647870223289,0.0,0.0,0.0,,0.0,0.0,0.0,,0.0,0.0,0.0,0.0,0.0,0.0,,0.0,0.0,0.0,10.904925124490397,0.0,,13.921795677048454,0.0,0.0,0.0,
12,,0.0,0.0,0.0,0.0,0.0,0.0,0.0,0.0,0.0,0.0,,0.0,,0.0,0.0,0.0,0.0,0.0,0.0,0.0,0.0,,0.0,0.0,0.0,0.0,0.0,0.0,10.904925124490397,0.0,,0.0,,0.0,0.0,0.0,9.011647870223289,0.0,0.0,0.0,0.0,0.0,0.0,,,0.0,0.0,,,0.0,0.0,0.0,0.0,,,,0.0,0.0,13.921795677048454,0.0,0.0,0.0,0.0,0.0,,,0.0,0.0,0.0,0.0,0.0,0.0,9.011647870223289,0.0,0.0,0.0,,0.0,0.0,0.0,0.0,0.0,0.0,,0.0,0.0,0.0,,0.0,0.0,0.0,10.904925124490397,0.0,,13.921795677048454,0.0,0.0,0.0,
13,,0.0,0.0,0.0,0.0,0.0,0.0,0.0,0.0,0.0,0.0,,0.0,0.0,0.0,0.0,0.0,0.0,0.0,0.0,0.0,0.0,,0.0,0.0,0.0,0.0,0.0,0.0,,0.0,0.0,0.0,,0.0,0.0,0.0,9.011647870223289,0.0,0.0,0.0,0.0,0.0,0.0,,,0.0,0.0,0.0,,0.0,0.0,0.0,0.0,,,,0.0,,,0.0,0.0,0.0,0.0,0.0,,,0.0,0.0,0.0,0.0,0.0,0.0,9.011647870223289,0.0,0.0,0.0,,0.0,0.0,0.0,0.0,0.0,0.0,0.0,,0.0,0.0,,0.0,0.0,0.0,,0.0,,,0.0,0.0,0.0,
14,,0.0,0.0,0.0,0.0,0.0,0.0,0.0,0.0,0.0,0.0,,0.0,0.0,0.0,0.0,0.0,0.0,0.0,0.0,0.0,0.0,,0.0,0.0,0.0,0.0,0.0,0.0,10.904925124490397,0.0,0.0,0.0,,0.0,0.0,0.0,9.011647870223289,0.0,0.0,0.0,0.0,0.0,0.0,,,0.0,0.0,0.0,,0.0,0.0,0.0,0.0,,,,0.0,0.0,13.921795677048454,0.0,0.0,0.0,0.0,0.0,,,0.0,0.0,0.0,0.0,0.0,0.0,9.011647870223289,0.0,0.0,0.0,,0.0,0.0,0.0,0.0,0.0,0.0,0.0,0.0,0.0,0.0,,0.0,0.0,0.0,10.904925124490397,0.0,,13.921795677048454,0.0,0.0,0.0,
15,,0.0,0.0,0.0,0.0,0.0,0.0,0.0,0.0,0.0,0.0,,0.0,0.0,0.0,0.0,0.0,0.0,0.0,0.0,0.0,0.0,,0.0,0.0,0.0,0.0,0.0,0.0,10.904925124490397,0.0,0.0,0.0,,0.0,0.0,0.0,9.011647870223289,0.0,0.0,0.0,0.0,0.0,0.0,,,0.0,0.0,0.0,,0.0,0.0,0.0,0.0,,,,0.0,0.0,13.921795677048454,0.0,0.0,0.0,0.0,0.0,,,0.0,0.0,0.0,0.0,0.0,0.0,9.011647870223289,0.0,0.0,0.0,,0.0,0.0,0.0,0.0,0.0,0.0,0.0,0.0,0.0,0.0,,0.0,0.0,0.0,10.904925124490397,0.0,,13.921795677048454,0.0,0.0,0.0,
16,,0.0,0.0,0.0,0.0,0.0,0.0,0.0,0.0,0.0,0.0,,0.0,0.0,0.0,0.0,0.0,,0.0,0.0,0.0,0.0,,0.0,0.0,0.0,0.0,0.0,0.0,10.904925124490397,0.0,0.0,0.0,,0.0,0.0,0.0,9.011647870223289,0.0,0.0,0.0,0.0,0.0,0.0,,,0.0,,0.0,,0.0,0.0,0.0,0.0,,,,0.0,0.0,13.921795677048454,0.0,0.0,0.0,0.0,0.0,,,0.0,0.0,0.0,0.0,,0.0,9.011647870223289,,0.0,0.0,,0.0,0.0,0.0,0.0,0.0,0.0,0.0,0.0,0.0,0.0,,0.0,0.0,0.0,10.904925124490397,0.0,,13.921795677048454,0.0,0.0,0.0,
17,,0.0,0.0,0.0,0.0,0.0,0.0,0.0,0.0,0.0,0.0,,0.0,0.0,0.0,0.0,0.0,0.0,0.0,0.0,0.0,0.0,,0.0,0.0,0.0,0.0,0.0,0.0,10.904925124490397,0.0,0.0,0.0,,0.0,0.0,0.0,9.011647870223289,0.0,0.0,0.0,0.0,0.0,0.0,,,0.0,0.0,0.0,,0.0,0.0,0.0,0.0,,,,0.0,0.0,13.921795677048454,0.0,0.0,0.0,0.0,0.0,,,0.0,,0.0,0.0,0.0,0.0,9.011647870223289,0.0,0.0,0.0,,0.0,0.0,0.0,0.0,0.0,0.0,0.0,0.0,,0.0,,0.0,0.0,0.0,10.904925124490397,0.0,,13.921795677048454,0.0,0.0,0.0,
18,,0.0,0.0,0.0,0.0,0.0,0.0,0.0,0.0,,0.0,,0.0,0.0,0.0,0.0,0.0,0.0,0.0,0.0,0.0,0.0,,0.0,0.0,0.0,0.0,0.0,0.0,10.904925124490397,0.0,0.0,0.0,,0.0,0.0,0.0,9.011647870223289,0.0,0.0,0.0,0.0,0.0,0.0,,,0.0,0.0,0.0,,0.0,0.0,0.0,0.0,,,,0.0,0.0,13.921795677048454,0.0,0.0,0.0,0.0,0.0,,,0.0,0.0,0.0,0.0,0.0,0.0,9.011647870223289,0.0,0.0,0.0,,0.0,0.0,0.0,0.0,0.0,0.0,0.0,0.0,0.0,0.0,,0.0,,0.0,10.904925124490397,0.0,,13.921795677048454,0.0,0.0,0.0,
19,,0.0,0.0,0.0,0.0,0.0,0.0,0.0,0.0,0.0,0.0,,0.0,,0.0,0.0,0.0,0.0,0.0,0.0,0.0,0.0,,0.0,,0.0,0.0,0.0,0.0,,0.0,,0.0,,0.0,0.0,0.0,9.011647870223289,0.0,0.0,0.0,0.0,,0.0,,,0.0,0.0,0.0,,0.0,0.0,0.0,0.0,,,,0.0,0.0,13.921795677048454,0.0,0.0,0.0,0.0,0.0,,,0.0,0.0,0.0,0.0,0.0,0.0,9.011647870223289,0.0,0.0,0.0,,0.0,0.0,0.0,0.0,0.0,0.0,0.0,0.0,0.0,0.0,,0.0,0.0,0.0,,0.0,,13.921795677048454,0.0,0.0,0.0,
20,,0.0,0.0,0.0,0.0,0.0,0.0,0.0,0.0,0.0,0.0,,13.341104266407502,0.0,0.0,0.0,0.0,0.0,0.0,0.0,0.0,13.341104266407502,,0.0,,0.0,0.0,0.0,0.0,10.904925124490397,0.0,0.0,0.0,,0.0,0.0,0.0,9.011647870223289,0.0,0.0,0.0,0.0,,0.0,,,0.0,0.0,0.0,,0.0,0.0,0.0,0.0,,,,0.0,0.0,13.921795677048454,0.0,0.0,0.0,0.0,0.0,,,0.0,0.0,0.0,0.0,0.0,0.0,9.011647870223289,0.0,0.0,0.0,,0.0,0.0,0.0,0.0,0.0,0.0,0.0,0.0,0.0,0.0,,0.0,0.0,0.0,10.904925124490397,0.0,,13.921795677048454,0.0,0.0,0.0,
21,,0.0,0.0,,,0.0,0.0,0.0,0.0,0.0,0.0,,13.341104266407502,0.0,0.0,0.0,0.0,0.0,0.0,0.0,0.0,13.341104266407502,,,,,0.0,0.0,0.0,10.904925124490397,,0.0,,,0.0,0.0,0.0,9.011647870223289,0.0,0.0,,0.0,,0.0,,,,0.0,0.0,,0.0,0.0,,0.0,,,,0.0,0.0,13.921795677048454,0.0,0.0,0.0,0.0,,,,0.0,0.0,0.0,0.0,0.0,0.0,9.011647870223289,0.0,0.0,0.0,,0.0,0.0,0.0,0.0,0.0,0.0,0.0,0.0,0.0,0.0,,0.0,0.0,0.0,10.904925124490397,0.0,,13.921795677048454,0.0,0.0,0.0,
22,,0.0,0.0,0.0,0.0,0.0,0.0,0.0,0.0,0.0,0.0,,13.341104266407502,0.0,0.0,0.0,0.0,0.0,0.0,0.0,0.0,13.341104266407502,,0.0,,0.0,0.0,0.0,0.0,10.904925124490397,0.0,0.0,0.0,,0.0,0.0,0.0,9.011647870223289,0.0,0.0,0.0,0.0,,0.0,,,0.0,0.0,0.0,,0.0,0.0,0.0,0.0,,,,0.0,0.0,13.921795677048454,0.0,0.0,0.0,0.0,0.0,,,0.0,0.0,0.0,0.0,0.0,0.0,9.011647870223289,0.0,0.0,0.0,,0.0,0.0,0.0,0.0,0.0,0.0,0.0,0.0,0.0,0.0,,0.0,0.0,0.0,10.904925124490397,0.0,,13.921795677048454,0.0,0.0,0.0,
23,,0.0,0.0,0.0,0.0,0.0,0.0,0.0,0.0,0.0,0.0,,13.341104266407502,0.0,0.0,0.0,0.0,0.0,0.0,0.0,0.0,13.341104266407502,,0.0,,0.0,0.0,0.0,0.0,10.904925124490397,0.0,0.0,0.0,,0.0,0.0,0.0,9.011647870223289,0.0,0.0,0.0,0.0,,0.0,,,0.0,0.0,0.0,,0.0,0.0,0.0,0.0,,,,0.0,0.0,13.921795677048454,0.0,0.0,0.0,0.0,0.0,,,0.0,0.0,0.0,0.0,0.0,0.0,9.011647870223289,0.0,0.0,0.0,,0.0,0.0,0.0,0.0,0.0,0.0,0.0,0.0,0.0,0.0,,0.0,0.0,0.0,10.904925124490397,0.0,,13.921795677048454,0.0,0.0,0.0,
24,,0.0,0.0,0.0,0.0,0.0,0.0,0.0,0.0,0.0,0.0,,13.341104266407502,0.0,0.0,0.0,0.0,0.0,0.0,0.0,0.0,13.341104266407502,,0.0,,0.0,0.0,0.0,0.0,10.904925124490397,0.0,0.0,0.0,,0.0,0.0,0.0,9.011647870223289,0.0,0.0,0.0,0.0,,0.0,,,0.0,0.0,0.0,,0.0,0.0,0.0,0.0,,,,0.0,0.0,13.921795677048454,0.0,0.0,0.0,0.0,0.0,,,0.0,0.0,0.0,0.0,0.0,0.0,9.011647870223289,0.0,0.0,0.0,,0.0,0.0,0.0,0.0,0.0,0.0,0.0,0.0,0.0,0.0,,0.0,0.0,0.0,10.904925124490397,0.0,,13.921795677048454,0.0,0.0,0.0,
25,,0.0,0.0,0.0,0.0,,0.0,0.0,0.0,0.0,0.0,,13.341104266407502,0.0,0.0,0.0,0.0,0.0,0.0,0.0,0.0,13.341104266407502,,0.0,,0.0,0.0,0.0,0.0,10.904925124490397,0.0,0.0,0.0,,0.0,0.0,0.0,9.011647870223289,0.0,,0.0,0.0,,0.0,,,0.0,0.0,0.0,,,0.0,0.0,0.0,,,,0.0,0.0,13.921795677048454,0.0,0.0,0.0,0.0,0.0,,,0.0,0.0,0.0,0.0,0.0,0.0,9.011647870223289,0.0,0.0,0.0,,0.0,0.0,0.0,0.0,0.0,0.0,0.0,0.0,0.0,0.0,,0.0,0.0,0.0,10.904925124490397,,,13.921795677048454,0.0,0.0,0.0,
26,,0.0,0.0,0.0,0.0,0.0,0.0,0.0,0.0,0.0,0.0,,13.341104266407502,0.0,0.0,0.0,0.0,8.701809671168826,0.0,0.0,0.0,13.341104266407502,,0.0,,0.0,0.0,0.0,0.0,10.904925124490397,0.0,0.0,0.0,,0.0,0.0,0.0,9.011647870223289,0.0,5.265359696838637,0.0,0.0,,0.0,,,0.0,0.0,0.0,,0.0,0.0,0.0,0.0,,,,0.0,0.0,,0.0,0.0,0.0,0.0,0.0,,,0.0,0.0,0.0,0.0,8.701809671168826,0.0,9.011647870223289,0.0,0.0,0.0,,0.0,0.0,0.0,0.0,0.0,0.0,0.0,0.0,0.0,0.0,,0.0,0.0,0.0,10.904925124490397,5.265359696838637,,,0.0,0.0,0.0,
27,,0.0,0.0,0.0,0.0,0.0,0.0,0.0,0.0,0.0,0.0,,13.341104266407502,0.0,0.0,0.0,0.0,,0.0,0.0,0.0,13.341104266407502,,0.0,,0.0,0.0,0.0,0.0,10.904925124490397,0.0,0.0,0.0,,0.0,0.0,0.0,9.011647870223289,0.0,5.265359696838637,0.0,0.0,,0.0,,,0.0,0.0,7.7787134167164185,,0.0,0.0,0.0,0.0,,,,0.0,0.0,13.921795677048454,0.0,0.0,0.0,0.0,0.0,,,0.0,0.0,0.0,0.0,,0.0,9.011647870223289,0.0,0.0,0.0,,0.0,5.297972194380703,0.0,0.0,0.0,0.0,7.7787134167164185,0.0,0.0,0.0,,0.0,0.0,0.0,10.904925124490397,5.265359696838637,,13.921795677048454,0.0,5.297972194380703,0.0,
28,,0.0,0.0,0.0,10.449414806032166,0.0,0.0,0.0,,,0.0,,13.341104266407502,0.0,0.0,0.0,0.0,8.701809671168826,0.0,0.0,0.0,13.341104266407502,,0.0,,0.0,0.0,11.881619584333132,0.0,10.904925124490397,0.0,0.0,0.0,,0.0,0.0,0.0,9.011647870223289,0.0,5.265359696838637,10.449414806032166,0.0,,0.0,,,0.0,0.0,7.7787134167164185,,0.0,0.0,0.0,0.0,,,,0.0,0.0,13.921795677048454,0.0,0.0,0.0,0.0,0.0,,,0.0,0.0,0.0,0.0,8.701809671168826,11.881619584333132,9.011647870223289,0.0,0.0,0.0,,0.0,5.297972194380703,,0.0,0.0,0.0,7.7787134167164185,0.0,0.0,0.0,,0.0,,0.0,10.904925124490397,5.265359696838637,,13.921795677048454,0.0,5.297972194380703,0.0,
29,,0.0,0.0,0.0,,0.0,0.0,0.0,14.852215206607578,0.0,0.0,,13.341104266407502,0.0,0.0,0.0,0.0,8.701809671168826,0.0,0.0,0.0,13.341104266407502,,,,0.0,0.0,11.881619584333132,0.0,10.904925124490397,0.0,0.0,,,0.0,0.0,0.0,9.011647870223289,0.0,5.265359696838637,,0.0,,0.0,,,,0.0,7.7787134167164185,,0.0,0.0,0.0,0.0,,,,0.0,0.0,,0.0,0.0,0.0,0.0,,,,0.0,0.0,0.0,0.0,8.701809671168826,11.881619584333132,9.011647870223289,0.0,0.0,0.0,,,5.297972194380703,14.852215206607578,0.0,0.0,0.0,7.7787134167164185,0.0,0.0,,,0.0,0.0,0.0,10.904925124490397,5.265359696838637,,,0.0,5.297972194380703,0.0,
30,,0.0,0.0,0.0,10.449414806032166,0.0,0.0,0.0,14.852215206607578,0.0,0.0,,13.341104266407502,0.0,0.0,0.0,0.0,8.701809671168826,0.0,0.0,0.0,13.341104266407502,,,,0.0,0.0,11.881619584333132,0.0,,0.0,0.0,,,0.0,0.0,0.0,9.011647870223289,0.0,5.265359696838637,10.449414806032166,0.0,,0.0,,,0.0,0.0,7.7787134167164185,,0.0,0.0,0.0,0.0,,,,0.0,0.0,13.921795677048454,0.0,0.0,0.0,0.0,0.0,,,0.0,0.0,0.0,0.0,8.701809671168826,11.881619584333132,9.011647870223289,0.0,0.0,0.0,,0.0,5.297972194380703,14.852215206607578,0.0,0.0,0.0,7.7787134167164185,0.0,0.0,0.0,,0.0,0.0,0.0,,5.265359696838637,,13.921795677048454,0.0,5.297972194380703,0.0,
31,,0.0,0.0,,10.449414806032166,0.0,0.0,0.0,14.852215206607578,0.0,0.0,,13.341104266407502,0.0,0.0,0.0,0.0,8.701809671168826,0.0,0.0,0.0,13.341104266407502,,,,0.0,0.0,11.881619584333132,0.0,10.904925124490397,,0.0,,,0.0,0.0,0.0,9.011647870223289,0.0,5.265359696838637,10.449414806032166,0.0,,0.0,,,0.0,0.0,7.7787134167164185,,0.0,0.0,0.0,0.0,,,,0.0,0.0,13.921795677048454,0.0,0.0,0.0,0.0,0.0,,,0.0,0.0,12.415504997598328,0.0,8.701809671168826,11.881619584333132,9.011647870223289,0.0,0.0,0.0,,0.0,5.297972194380703,14.852215206607578,0.0,0.0,0.0,7.7787134167164185,0.0,0.0,0.0,,0.0,0.0,0.0,10.904925124490397,5.265359696838637,,13.921795677048454,12.415504997598328,5.297972194380703,0.0,
32,,0.0,0.0,0.0,10.449414806032166,0.0,0.0,0.0,14.852215206607578,0.0,0.0,,13.341104266407502,0.0,0.0,0.0,0.0,8.701809671168826,0.0,0.0,0.0,13.341104266407502,,,,0.0,0.0,11.881619584333132,0.0,10.904925124490397,0.0,0.0,,,0.0,0.0,0.0,9.011647870223289,0.0,5.265359696838637,10.449414806032166,0.0,,0.0,,,0.0,0.0,7.7787134167164185,,0.0,0.0,0.0,0.0,,,,0.0,0.0,13.921795677048454,0.0,0.0,0.0,0.0,0.0,,,0.0,,12.415504997598328,0.0,8.701809671168826,11.881619584333132,9.011647870223289,0.0,0.0,0.0,,0.0,5.297972194380703,14.852215206607578,0.0,0.0,0.0,7.7787134167164185,0.0,,0.0,,0.0,0.0,0.0,10.904925124490397,5.265359696838637,,13.921795677048454,12.415504997598328,5.297972194380703,0.0,
33,,0.0,0.0,0.0,10.449414806032166,,0.0,0.0,14.852215206607578,0.0,0.0,,13.341104266407502,0.0,0.0,0.0,0.0,8.701809671168826,0.0,0.0,0.0,13.341104266407502,,,,0.0,0.0,,0.0,10.904925124490397,0.0,0.0,,,,0.0,0.0,9.011647870223289,0.0,5.265359696838637,10.449414806032166,0.0,,,,,0.0,0.0,7.7787134167164185,,,0.0,0.0,0.0,,,,0.0,0.0,13.921795677048454,0.0,0.0,0.0,0.0,0.0,,,0.0,0.0,12.415504997598328,0.0,8.701809671168826,,9.011647870223289,0.0,0.0,0.0,,0.0,5.297972194380703,14.852215206607578,0.0,0.0,0.0,7.7787134167164185,0.0,0.0,0.0,,0.0,0.0,0.0,10.904925124490397,5.265359696838637,,13.921795677048454,12.415504997598328,5.297972194380703,0.0,
34,,0.0,0.0,0.0,10.449414806032166,0.0,0.0,0.0,14.852215206607578,0.0,0.0,,13.341104266407502,0.0,0.0,0.0,0.0,8.701809671168826,0.0,0.0,0.0,13.341104266407502,,,,0.0,0.0,11.881619584333132,0.0,10.904925124490397,0.0,0.0,,,0.0,0.0,0.0,9.011647870223289,0.0,5.265359696838637,10.449414806032166,0.0,,0.0,,,0.0,0.0,7.7787134167164185,,0.0,0.0,0.0,0.0,,,,0.0,0.0,13.921795677048454,0.0,0.0,0.0,0.0,0.0,,,0.0,0.0,12.415504997598328,0.0,8.701809671168826,11.881619584333132,9.011647870223289,0.0,0.0,0.0,,0.0,,14.852215206607578,0.0,0.0,0.0,7.7787134167164185,0.0,0.0,0.0,,0.0,0.0,0.0,10.904925124490397,5.265359696838637,,13.921795677048454,12.415504997598328,,0.0,
35,,0.0,0.0,0.0,10.449414806032166,0.0,0.0,0.0,14.852215206607578,0.0,0.0,,13.341104266407502,0.0,9.492090462838537,,0.0,8.701809671168826,0.0,0.0,0.0,13.341104266407502,,,,0.0,0.0,,0.0,10.904925124490397,0.0,0.0,,,0.0,0.0,0.0,9.011647870223289,0.0,5.265359696838637,10.449414806032166,9.492090462838537,,0.0,,,0.0,0.0,7.7787134167164185,,0.0,,0.0,0.0,,,,0.0,0.0,13.921795677048454,0.0,0.0,0.0,0.0,0.0,,,0.0,0.0,12.415504997598328,0.0,8.701809671168826,,9.011647870223289,0.0,0.0,0.0,,0.0,5.297972194380703,14.852215206607578,0.0,0.0,0.0,7.7787134167164185,0.0,0.0,0.0,,0.0,0.0,0.0,10.904925124490397,5.265359696838637,,13.921795677048454,12.415504997598328,5.297972194380703,0.0,
36,,0.0,0.0,0.0,10.449414806032166,0.0,0.0,0.0,14.852215206607578,0.0,0.0,,13.341104266407502,0.0,9.492090462838537,0.0,0.0,8.701809671168826,0.0,0.0,0.0,13.341104266407502,,,,0.0,0.0,11.881619584333132,0.0,10.904925124490397,0.0,0.0,,,0.0,0.0,0.0,9.011647870223289,0.0,5.265359696838637,10.449414806032166,9.492090462838537,,0.0,,,0.0,0.0,7.7787134167164185,,0.0,0.0,0.0,0.0,,,,0.0,0.0,13.921795677048454,0.0,0.0,0.0,0.0,0.0,,,0.0,0.0,12.415504997598328,0.0,8.701809671168826,11.881619584333132,9.011647870223289,0.0,0.0,0.0,,0.0,5.297972194380703,14.852215206607578,0.0,0.0,0.0,7.7787134167164185,0.0,0.0,0.0,,0.0,0.0,0.0,10.904925124490397,5.265359696838637,,13.921795677048454,12.415504997598328,5.297972194380703,0.0,
37,,0.0,0.0,0.0,10.449414806032166,0.0,0.0,7.278982756515468,14.852215206607578,0.0,0.0,,13.341104266407502,0.0,9.492090462838537,0.0,0.0,8.701809671168826,0.0,0.0,0.0,13.341104266407502,,,,0.0,0.0,11.881619584333132,0.0,10.904925124490397,0.0,0.0,,,0.0,,0.0,9.011647870223289,0.0,5.265359696838637,10.449414806032166,9.492090462838537,,0.0,,,0.0,0.0,7.7787134167164185,,0.0,0.0,0.0,,,,,0.0,0.0,13.921795677048454,0.0,0.0,0.0,0.0,0.0,,,0.0,5.788001980784582,12.415504997598328,7.278982756515468,8.701809671168826,11.881619584333132,9.011647870223289,0.0,0.0,0.0,,0.0,5.297972194380703,14.852215206607578,0.0,0.0,0.0,7.7787134167164185,0.0,5.788001980784582,0.0,,0.0,0.0,0.0,10.904925124490397,5.265359696838637,,13.921795677048454,12.415504997598328,5.297972194380703,0.0,
38,,0.0,0.0,0.0,10.449414806032166,0.0,0.0,7.278982756515468,14.852215206607578,0.0,0.0,,13.341104266407502,0.0,9.492090462838537,0.0,0.0,8.701809671168826,0.0,0.0,0.0,13.341104266407502,,,,0.0,0.0,11.881619584333132,0.0,,0.0,0.0,,,0.0,0.0,0.0,9.011647870223289,0.0,5.265359696838637,10.449414806032166,9.492090462838537,,0.0,,,0.0,,7.7787134167164185,,0.0,0.0,0.0,0.0,,,,0.0,0.0,13.921795677048454,0.0,0.0,0.0,0.0,0.0,,,0.0,5.788001980784582,12.415504997598328,7.278982756515468,8.701809671168826,11.881619584333132,9.011647870223289,,0.0,0.0,,0.0,5.297972194380703,14.852215206607578,0.0,0.0,0.0,7.7787134167164185,0.0,5.788001980784582,0.0,,0.0,0.0,0.0,,5.265359696838637,,13.921795677048454,12.415504997598328,5.297972194380703,0.0,
39,,0.0,0.0,0.0,10.449414806032166,0.0,0.0,7.278982756515468,14.852215206607578,0.0,0.0,,13.341104266407502,0.0,9.492090462838537,0.0,0.0,8.701809671168826,0.0,0.0,0.0,13.341104266407502,,,,0.0,0.0,11.881619584333132,0.0,10.904925124490397,0.0,0.0,,,0.0,0.0,0.0,9.011647870223289,0.0,5.265359696838637,10.449414806032166,9.492090462838537,,0.0,,,0.0,0.0,7.7787134167164185,,0.0,0.0,0.0,0.0,,,,0.0,0.0,13.921795677048454,0.0,0.0,0.0,0.0,0.0,,,0.0,5.788001980784582,12.415504997598328,7.278982756515468,8.701809671168826,11.881619584333132,9.011647870223289,0.0,0.0,0.0,,0.0,5.297972194380703,14.852215206607578,0.0,0.0,0.0,7.7787134167164185,0.0,5.788001980784582,0.0,,0.0,0.0,0.0,10.904925124490397,5.265359696838637,,13.921795677048454,12.415504997598328,5.297972194380703,0.0,
40,,0.0,0.0,0.0,10.449414806032166,0.0,0.0,7.278982756515468,,0.0,0.0,,13.341104266407502,,9.492090462838537,0.0,0.0,8.701809671168826,0.0,0.0,0.0,13.341104266407502,,,,0.0,0.0,11.881619584333132,0.0,10.904925124490397,0.0,,,,0.0,0.0,,9.011647870223289,0.0,5.265359696838637,10.449414806032166,9.492090462838537,,0.0,,,0.0,0.0,7.7787134167164185,,0.0,0.0,0.0,0.0,,,,0.0,0.0,13.921795677048454,0.0,0.0,0.0,,0.0,,,0.0,5.788001980784582,12.415504997598328,7.278982756515468,8.701809671168826,11.881619584333132,9.011647870223289,0.0,0.0,0.0,,13.218025940068083,5.297972194380703,,0.0,0.0,0.0,7.7787134167164185,0.0,5.788001980784582,13.218025940068083,,0.0,0.0,0.0,10.904925124490397,5.265359696838637,,13.921795677048454,12.415504997598328,5.297972194380703,0.0,
41,,0.0,0.0,0.0,,0.0,0.0,7.278982756515468,14.852215206607578,0.0,0.0,,13.341104266407502,,9.492090462838537,0.0,0.0,8.701809671168826,0.0,0.0,0.0,13.341104266407502,,,,0.0,0.0,11.881619584333132,0.0,10.904925124490397,0.0,,,,0.0,0.0,0.0,9.011647870223289,0.0,5.265359696838637,,9.492090462838537,,0.0,,,,,7.7787134167164185,,0.0,0.0,0.0,0.0,,,,0.0,0.0,13.921795677048454,0.0,0.0,0.0,0.0,,,,,5.788001980784582,12.415504997598328,7.278982756515468,8.701809671168826,11.881619584333132,9.011647870223289,,0.0,,,13.218025940068083,5.297972194380703,14.852215206607578,0.0,0.0,0.0,7.7787134167164185,0.0,5.788001980784582,13.218025940068083,,0.0,0.0,0.0,10.904925124490397,5.265359696838637,,13.921795677048454,12.415504997598328,5.297972194380703,0.0,
42,,0.0,0.0,0.0,10.449414806032166,0.0,0.0,7.278982756515468,14.852215206607578,0.0,0.0,,13.341104266407502,,9.492090462838537,0.0,0.0,8.701809671168826,0.0,0.0,0.0,13.341104266407502,,,,0.0,0.0,11.881619584333132,0.0,10.904925124490397,0.0,,,,0.0,0.0,0.0,9.011647870223289,0.0,5.265359696838637,10.449414806032166,9.492090462838537,,0.0,,,0.0,0.0,7.7787134167164185,,0.0,0.0,0.0,0.0,,,,0.0,0.0,13.921795677048454,0.0,0.0,0.0,0.0,0.0,,,,5.788001980784582,12.415504997598328,7.278982756515468,8.701809671168826,11.881619584333132,9.011647870223289,0.0,0.0,,,13.218025940068083,5.297972194380703,14.852215206607578,0.0,0.0,0.0,7.7787134167164185,0.0,5.788001980784582,13.218025940068083,,0.0,0.0,0.0,10.904925124490397,5.265359696838637,,13.921795677048454,12.415504997598328,5.297972194380703,0.0,
43,,0.0,0.0,0.0,10.449414806032166,0.0,0.0,7.278982756515468,14.852215206607578,0.0,0.0,,13.341104266407502,0.0,9.492090462838537,0.0,0.0,8.701809671168826,0.0,0.0,0.0,13.341104266407502,,,,,0.0,11.881619584333132,0.0,10.904925124490397,0.0,0.0,,,,0.0,0.0,9.011647870223289,0.0,5.265359696838637,10.449414806032166,9.492090462838537,,,,,0.0,11.981393949882268,7.7787134167164185,,0.0,0.0,,0.0,,,,0.0,0.0,13.921795677048454,0.0,0.0,0.0,0.0,0.0,,,0.0,5.788001980784582,12.415504997598328,7.278982756515468,8.701809671168826,11.881619584333132,9.011647870223289,11.981393949882268,0.0,0.0,,13.218025940068083,5.297972194380703,14.852215206607578,0.0,0.0,0.0,7.7787134167164185,0.0,5.788001980784582,13.218025940068083,,0.0,0.0,0.0,10.904925124490397,5.265359696838637,,13.921795677048454,12.415504997598328,5.297972194380703,0.0,
44,,0.0,0.0,0.0,10.449414806032166,0.0,0.0,7.278982756515468,14.852215206607578,0.0,0.0,,13.341104266407502,0.0,9.492090462838537,0.0,5.96716376833464,,0.0,0.0,0.0,13.341104266407502,,,,0.0,0.0,11.881619584333132,,10.904925124490397,0.0,0.0,,,,0.0,0.0,9.011647870223289,0.0,5.265359696838637,10.449414806032166,9.492090462838537,,,,,0.0,11.981393949882268,7.7787134167164185,,0.0,0.0,0.0,0.0,,,,0.0,0.0,,0.0,5.96716376833464,0.0,0.0,0.0,,,0.0,5.788001980784582,12.415504997598328,7.278982756515468,,11.881619584333132,9.011647870223289,11.981393949882268,0.0,0.0,,13.218025940068083,5.297972194380703,14.852215206607578,0.0,,0.0,7.7787134167164185,0.0,5.788001980784582,13.218025940068083,,0.0,0.0,0.0,10.904925124490397,5.265359696838637,,,12.415504997598328,5.297972194380703,0.0,
45,,0.0,0.0,0.0,10.449414806032166,0.0,0.0,7.278982756515468,14.852215206607578,0.0,0.0,,13.341104266407502,,9.492090462838537,0.0,5.96716376833464,8.701809671168826,0.0,0.0,0.0,13.341104266407502,,,,0.0,0.0,11.881619584333132,0.0,,0.0,,,,,0.0,0.0,9.011647870223289,0.0,5.265359696838637,10.449414806032166,9.492090462838537,,,,,0.0,11.981393949882268,7.7787134167164185,,0.0,0.0,0.0,0.0,,,,0.0,0.0,13.921795677048454,0.0,5.96716376833464,0.0,0.0,0.0,,,0.0,5.788001980784582,12.415504997598328,7.278982756515468,8.701809671168826,11.881619584333132,9.011647870223289,11.981393949882268,0.0,0.0,,13.218025940068083,5.297972194380703,14.852215206607578,0.0,0.0,0.0,7.7787134167164185,0.0,5.788001980784582,13.218025940068083,,0.0,0.0,0.0,,5.265359696838637,,13.921795677048454,12.415504997598328,5.297972194380703,0.0,
46,,13.85451747936807,0.0,0.0,10.449414806032166,,0.0,7.278982756515468,14.852215206607578,0.0,13.85451747936807,,13.341104266407502,0.0,9.492090462838537,0.0,5.96716376833464,8.701809671168826,0.0,0.0,0.0,13.341104266407502,,,,0.0,0.0,11.881619584333132,0.0,10.904925124490397,0.0,0.0,,,,0.0,0.0,9.011647870223289,0.0,5.265359696838637,10.449414806032166,9.492090462838537,,,,,0.0,11.981393949882268,7.7787134167164185,,,0.0,0.0,0.0,,,,0.0,0.0,13.921795677048454,0.0,5.96716376833464,0.0,0.0,0.0,,,0.0,5.788001980784582,12.415504997598328,7.278982756515468,8.701809671168826,11.881619584333132,9.011647870223289,11.981393949882268,0.0,0.0,,13.218025940068083,5.297972194380703,14.852215206607578,0.0,0.0,0.0,7.7787134167164185,0.0,5.788001980784582,13.218025940068083,,0.0,0.0,0.0,10.904925124490397,5.265359696838637,,13.921795677048454,12.415504997598328,5.297972194380703,0.0,
47,,13.85451747936807,0.0,0.0,,0.0,0.0,7.278982756515468,14.852215206607578,0.0,13.85451747936807,,,,9.492090462838537,0.0,5.96716376833464,8.701809671168826,0.0,0.0,0.0,,,,,0.0,0.0,11.881619584333132,0.0,10.904925124490397,0.0,,,,,,0.0,9.011647870223289,0.0,5.265359696838637,,9.492090462838537,,,,,,11.981393949882268,7.7787134167164185,,0.0,0.0,0.0,,,,,0.0,0.0,13.921795677048454,0.0,5.96716376833464,0.0,0.0,,,,0.0,5.788001980784582,12.415504997598328,7.278982756515468,8.701809671168826,11.881619584333132,9.011647870223289,11.981393949882268,0.0,0.0,,13.218025940068083,5.297972194380703,14.852215206607578,0.0,0.0,0.0,7.7787134167164185,0.0,5.788001980784582,13.218025940068083,,0.0,0.0,0.0,10.904925124490397,5.265359696838637,,13.921795677048454,12.415504997598328,5.297972194380703,0.0,
48,,13.85451747936807,0.0,13.664836667552699,10.449414806032166,0.0,6.022102765198487,7.278982756515468,14.852215206607578,0.0,13.85451747936807,,13.341104266407502,0.0,9.492090462838537,0.0,5.96716376833464,8.701809671168826,0.0,0.0,0.0,13.341104266407502,,,,0.0,0.0,11.881619584333132,0.0,10.904925124490397,13.664836667552699,0.0,,,,0.0,0.0,9.011647870223289,0.0,5.265359696838637,10.449414806032166,9.492090462838537,,,,,0.0,11.981393949882268,7.7787134167164185,,0.0,0.0,0.0,0.0,,,,0.0,0.0,13.921795677048454,6.022102765198487,5.96716376833464,0.0,0.0,0.0,,,6.248261628532093,5.788001980784582,12.415504997598328,7.278982756515468,8.701809671168826,11.881619584333132,9.011647870223289,11.981393949882268,0.0,6.248261628532093,,13.218025940068083,5.297972194380703,14.852215206607578,0.0,0.0,0.0,7.7787134167164185,0.0,5.788001980784582,13.218025940068083,,0.0,0.0,0.0,10.904925124490397,5.265359696838637,,13.921795677048454,12.415504997598328,5.297972194380703,0.0,
49,,13.85451747936807,0.0,13.664836667552699,10.449414806032166,0.0,6.022102765198487,7.278982756515468,14.852215206607578,0.0,13.85451747936807,,13.341104266407502,0.0,9.492090462838537,0.0,5.96716376833464,,0.0,0.0,0.0,13.341104266407502,,,,0.0,0.0,11.881619584333132,0.0,10.904925124490397,13.664836667552699,0.0,,,,0.0,0.0,9.011647870223289,0.0,5.265359696838637,10.449414806032166,9.492090462838537,,,,,0.0,11.981393949882268,7.7787134167164185,,0.0,0.0,0.0,0.0,,,,0.0,,,6.022102765198487,5.96716376833464,0.0,0.0,0.0,,,6.248261628532093,5.788001980784582,12.415504997598328,7.278982756515468,,11.881619584333132,9.011647870223289,11.981393949882268,0.0,6.248261628532093,,13.218025940068083,5.297972194380703,14.852215206607578,0.0,0.0,0.0,7.7787134167164185,,5.788001980784582,13.218025940068083,,0.0,0.0,0.0,10.904925124490397,5.265359696838637,,,12.415504997598328,5.297972194380703,0.0,
50,,13.85451747936807,0.0,13.664836667552699,10.449414806032166,0.0,6.022102765198487,7.278982756515468,14.852215206607578,0.0,13.85451747936807,,13.341104266407502,0.0,9.492090462838537,0.0,5.96716376833464,8.701809671168826,0.0,0.0,0.0,13.341104266407502,,,,0.0,0.0,11.881619584333132,0.0,10.904925124490397,13.664836667552699,0.0,,,,0.0,0.0,9.011647870223289,0.0,5.265359696838637,10.449414806032166,9.492090462838537,,,,,0.0,11.981393949882268,7.7787134167164185,,0.0,0.0,0.0,0.0,,,,0.0,0.0,13.921795677048454,6.022102765198487,5.96716376833464,0.0,0.0,0.0,,,,5.788001980784582,12.415504997598328,7.278982756515468,8.701809671168826,11.881619584333132,9.011647870223289,11.981393949882268,0.0,,,13.218025940068083,5.297972194380703,14.852215206607578,0.0,0.0,0.0,7.7787134167164185,0.0,5.788001980784582,13.218025940068083,,0.0,0.0,0.0,10.904925124490397,5.265359696838637,,13.921795677048454,12.415504997598328,5.297972194380703,0.0,
51,,13.85451747936807,0.0,13.664836667552699,10.449414806032166,0.0,6.022102765198487,7.278982756515468,14.852215206607578,0.0,13.85451747936807,,13.341104266407502,0.0,9.492090462838537,0.0,5.96716376833464,8.701809671168826,0.0,0.0,0.0,13.341104266407502,,,,0.0,0.0,11.881619584333132,0.0,10.904925124490397,13.664836667552699,0.0,,,,0.0,0.0,9.011647870223289,0.0,5.265359696838637,10.449414806032166,9.492090462838537,,,,,0.0,11.981393949882268,7.7787134167164185,,0.0,0.0,0.0,0.0,,,,0.0,0.0,13.921795677048454,6.022102765198487,5.96716376833464,0.0,0.0,0.0,,,6.248261628532093,5.788001980784582,12.415504997598328,7.278982756515468,8.701809671168826,11.881619584333132,9.011647870223289,11.981393949882268,0.0,6.248261628532093,,13.218025940068083,5.297972194380703,14.852215206607578,0.0,0.0,0.0,7.7787134167164185,0.0,5.788001980784582,13.218025940068083,,0.0,0.0,0.0,10.904925124490397,5.265359696838637,,13.921795677048454,12.415504997598328,5.297972194380703,0.0,
52,,13.85451747936807,0.0,13.664836667552699,10.449414806032166,,6.022102765198487,7.278982756515468,14.852215206607578,0.0,13.85451747936807,,13.341104266407502,0.0,9.492090462838537,0.0,5.96716376833464,8.701809671168826,0.0,0.0,0.0,13.341104266407502,,,,0.0,0.0,11.881619584333132,,10.904925124490397,13.664836667552699,0.0,,,,0.0,0.0,9.011647870223289,0.0,5.265359696838637,10.449414806032166,9.492090462838537,,,,,0.0,,7.7787134167164185,,,0.0,0.0,0.0,,,,0.0,0.0,13.921795677048454,6.022102765198487,5.96716376833464,0.0,0.0,0.0,,,6.248261628532093,5.788001980784582,12.415504997598328,7.278982756515468,8.701809671168826,11.881619584333132,9.011647870223289,,0.0,6.248261628532093,,13.218025940068083,5.297972194380703,14.852215206607578,0.0,,0.0,7.7787134167164185,0.0,5.788001980784582,13.218025940068083,,0.0,0.0,0.0,10.904925124490397,5.265359696838637,,13.921795677048454,12.415504997598328,5.297972194380703,0.0,
53,,13.85451747936807,0.0,13.664836667552699,10.449414806032166,0.0,6.022102765198487,7.278982756515468,,0.0,13.85451747936807,,13.341104266407502,0.0,9.492090462838537,0.0,5.96716376833464,8.701809671168826,0.0,0.0,0.0,13.341104266407502,,,,0.0,0.0,11.881619584333132,0.0,10.904925124490397,13.664836667552699,0.0,,,,0.0,0.0,9.011647870223289,0.0,5.265359696838637,10.449414806032166,9.492090462838537,,,,,0.0,11.981393949882268,7.7787134167164185,,0.0,0.0,0.0,0.0,,,,0.0,0.0,13.921795677048454,6.022102765198487,5.96716376833464,0.0,0.0,0.0,,,6.248261628532093,5.788001980784582,12.415504997598328,7.278982756515468,8.701809671168826,11.881619584333132,9.011647870223289,11.981393949882268,0.0,6.248261628532093,,13.218025940068083,5.297972194380703,,0.0,0.0,0.0,7.7787134167164185,0.0,5.788001980784582,13.218025940068083,,0.0,0.0,0.0,10.904925124490397,5.265359696838637,,13.921795677048454,12.415504997598328,5.297972194380703,0.0,
54,,13.85451747936807,0.0,13.664836667552699,10.449414806032166,0.0,6.022102765198487,7.278982756515468,14.852215206607578,0.0,13.85451747936807,,13.341104266407502,0.0,9.492090462838537,0.0,5.96716376833464,,0.0,0.0,0.0,13.341104266407502,,,,0.0,0.0,11.881619584333132,0.0,10.904925124490397,13.664836667552699,0.0,,,,0.0,0.0,9.011647870223289,0.0,5.265359696838637,10.449414806032166,9.492090462838537,,,,,0.0,11.981393949882268,7.7787134167164185,,0.0,0.0,0.0,0.0,,,,0.0,0.0,13.921795677048454,6.022102765198487,5.96716376833464,0.0,0.0,0.0,,,6.248261628532093,5.788001980784582,12.415504997598328,7.278982756515468,,11.881619584333132,9.011647870223289,11.981393949882268,0.0,6.248261628532093,,13.218025940068083,5.297972194380703,14.852215206607578,0.0,0.0,0.0,7.7787134167164185,0.0,5.788001980784582,13.218025940068083,,0.0,0.0,0.0,10.904925124490397,5.265359696838637,,13.921795677048454,12.415504997598328,5.297972194380703,0.0,
55,,13.85451747936807,0.0,13.664836667552699,10.449414806032166,0.0,6.022102765198487,7.278982756515468,14.852215206607578,0.0,13.85451747936807,,13.341104266407502,0.0,9.492090462838537,0.0,5.96716376833464,8.701809671168826,0.0,0.0,0.0,13.341104266407502,,,,,0.0,11.881619584333132,0.0,10.904925124490397,13.664836667552699,0.0,,,,0.0,0.0,9.011647870223289,0.0,5.265359696838637,10.449414806032166,9.492090462838537,,,,,0.0,11.981393949882268,7.7787134167164185,,0.0,0.0,,0.0,,,,0.0,0.0,13.921795677048454,6.022102765198487,5.96716376833464,0.0,0.0,0.0,,,6.248261628532093,,12.415504997598328,7.278982756515468,8.701809671168826,11.881619584333132,9.011647870223289,11.981393949882268,0.0,6.248261628532093,,13.218025940068083,5.297972194380703,14.852215206607578,0.0,0.0,0.0,7.7787134167164185,0.0,,13.218025940068083,,0.0,0.0,0.0,10.904925124490397,5.265359696838637,,13.921795677048454,12.415504997598328,5.297972194380703,0.0,
56,,13.85451747936807,0.0,13.664836667552699,10.449414806032166,,6.022102765198487,7.278982756515468,14.852215206607578,0.0,13.85451747936807,,13.341104266407502,,9.492090462838537,0.0,5.96716376833464,8.701809671168826,0.0,0.0,0.0,13.341104266407502,,,,0.0,0.0,11.881619584333132,0.0,10.904925124490397,13.664836667552699,,,,,0.0,0.0,9.011647870223289,0.0,5.265359696838637,10.449414806032166,9.492090462838537,,,,,0.0,11.981393949882268,7.7787134167164185,,,0.0,0.0,0.0,,,,0.0,0.0,13.921795677048454,6.022102765198487,5.96716376833464,0.0,0.0,0.0,,,6.248261628532093,5.788001980784582,12.415504997598328,7.278982756515468,8.701809671168826,11.881619584333132,9.011647870223289,11.981393949882268,0.0,6.248261628532093,,13.218025940068083,5.297972194380703,14.852215206607578,0.0,0.0,0.0,7.7787134167164185,0.0,5.788001980784582,13.218025940068083,,0.0,0.0,0.0,10.904925124490397,5.265359696838637,,13.921795677048454,12.415504997598328,5.297972194380703,0.0,
57,,13.85451747936807,0.0,13.664836667552699,10.449414806032166,0.0,6.022102765198487,7.278982756515468,14.852215206607578,0.0,13.85451747936807,,,0.0,9.492090462838537,0.0,5.96716376833464,8.701809671168826,0.0,0.0,0.0,,,,,0.0,0.0,11.881619584333132,0.0,10.904925124490397,13.664836667552699,0.0,,,,0.0,0.0,9.011647870223289,0.0,5.265359696838637,10.449414806032166,9.492090462838537,,,,,0.0,11.981393949882268,7.7787134167164185,,0.0,0.0,0.0,0.0,,,,0.0,0.0,13.921795677048454,6.022102765198487,5.96716376833464,0.0,0.0,0.0,,,6.248261628532093,5.788001980784582,12.415504997598328,7.278982756515468,8.701809671168826,11.881619584333132,9.011647870223289,11.981393949882268,0.0,6.248261628532093,,13.218025940068083,5.297972194380703,14.852215206607578,0.0,0.0,0.0,7.7787134167164185,0.0,5.788001980784582,13.218025940068083,,0.0,0.0,0.0,10.904925124490397,5.265359696838637,,13.921795677048454,12.415504997598328,5.297972194380703,0.0,
58,,13.85451747936807,0.0,13.664836667552699,10.449414806032166,0.0,6.022102765198487,7.278982756515468,14.852215206607578,0.0,13.85451747936807,,13.341104266407502,0.0,9.492090462838537,0.0,5.96716376833464,,0.0,0.0,0.0,13.341104266407502,,,,0.0,0.0,11.881619584333132,0.0,10.904925124490397,13.664836667552699,0.0,,,,0.0,0.0,9.011647870223289,0.0,5.265359696838637,10.449414806032166,9.492090462838537,,,,,0.0,11.981393949882268,7.7787134167164185,,0.0,0.0,0.0,0.0,,,,0.0,0.0,13.921795677048454,6.022102765198487,5.96716376833464,0.0,0.0,0.0,,,,5.788001980784582,12.415504997598328,7.278982756515468,,11.881619584333132,9.011647870223289,11.981393949882268,0.0,,,13.218025940068083,5.297972194380703,14.852215206607578,0.0,0.0,0.0,7.7787134167164185,0.0,5.788001980784582,13.218025940068083,,0.0,0.0,0.0,10.904925124490397,5.265359696838637,,13.921795677048454,12.415504997598328,5.297972194380703,0.0,
59,,13.85451747936807,0.0,13.664836667552699,10.449414806032166,0.0,6.022102765198487,7.278982756515468,14.852215206607578,0.0,13.85451747936807,,13.341104266407502,,9.492090462838537,0.0,5.96716376833464,,0.0,0.0,0.0,13.341104266407502,,,,0.0,0.0,11.881619584333132,0.0,10.904925124490397,13.664836667552699,,,,,0.0,0.0,9.011647870223289,0.0,5.265359696838637,10.449414806032166,9.492090462838537,,,,,0.0,11.981393949882268,7.7787134167164185,,0.0,0.0,0.0,0.0,,,,0.0,7.448109251514262,13.921795677048454,6.022102765198487,5.96716376833464,0.0,0.0,0.0,,,6.248261628532093,5.788001980784582,12.415504997598328,7.278982756515468,,11.881619584333132,9.011647870223289,11.981393949882268,0.0,6.248261628532093,,13.218025940068083,5.297972194380703,14.852215206607578,0.0,0.0,0.0,7.7787134167164185,7.448109251514262,5.788001980784582,13.218025940068083,,0.0,0.0,0.0,10.904925124490397,5.265359696838637,,13.921795677048454,12.415504997598328,5.297972194380703,0.0,
60,,13.85451747936807,0.0,13.664836667552699,10.449414806032166,0.0,6.022102765198487,7.278982756515468,14.852215206607578,0.0,13.85451747936807,,13.341104266407502,0.0,9.492090462838537,0.0,5.96716376833464,8.701809671168826,0.0,0.0,0.0,13.341104266407502,,,,0.0,0.0,11.881619584333132,0.0,10.904925124490397,13.664836667552699,0.0,,,,0.0,0.0,9.011647870223289,0.0,5.265359696838637,10.449414806032166,9.492090462838537,,,,,0.0,11.981393949882268,,,0.0,0.0,0.0,0.0,,,,0.0,7.448109251514262,13.921795677048454,6.022102765198487,5.96716376833464,0.0,0.0,0.0,,,6.248261628532093,5.788001980784582,12.415504997598328,7.278982756515468,8.701809671168826,11.881619584333132,9.011647870223289,11.981393949882268,0.0,6.248261628532093,,13.218025940068083,5.297972194380703,14.852215206607578,0.0,0.0,0.0,,7.448109251514262,5.788001980784582,13.218025940068083,,0.0,0.0,0.0,10.904925124490397,5.265359696838637,,13.921795677048454,12.415504997598328,5.297972194380703,0.0,
61,,13.85451747936807,0.0,13.664836667552699,10.449414806032166,0.0,6.022102765198487,7.278982756515468,14.852215206607578,0.0,13.85451747936807,,13.341104266407502,0.0,9.492090462838537,0.0,5.96716376833464,8.701809671168826,0.0,0.0,0.0,13.341104266407502,,,,0.0,0.0,11.881619584333132,0.0,10.904925124490397,13.664836667552699,0.0,,,,0.0,0.0,9.011647870223289,0.0,5.265359696838637,10.449414806032166,9.492090462838537,,,,,0.0,11.981393949882268,7.7787134167164185,,0.0,0.0,0.0,0.0,,,,0.0,7.448109251514262,13.921795677048454,6.022102765198487,5.96716376833464,0.0,0.0,0.0,,,6.248261628532093,5.788001980784582,12.415504997598328,7.278982756515468,8.701809671168826,11.881619584333132,9.011647870223289,11.981393949882268,0.0,6.248261628532093,,13.218025940068083,5.297972194380703,14.852215206607578,0.0,0.0,0.0,7.7787134167164185,7.448109251514262,5.788001980784582,13.218025940068083,,0.0,0.0,0.0,10.904925124490397,5.265359696838637,,13.921795677048454,12.415504997598328,5.297972194380703,0.0,
62,,13.85451747936807,0.0,13.664836667552699,10.449414806032166,0.0,6.022102765198487,7.278982756515468,14.852215206607578,0.0,13.85451747936807,,13.341104266407502,0.0,9.492090462838537,0.0,5.96716376833464,,0.0,0.0,0.0,13.341104266407502,,,,,0.0,11.881619584333132,0.0,10.904925124490397,13.664836667552699,0.0,,,,0.0,0.0,9.011647870223289,0.0,5.265359696838637,10.449414806032166,9.492090462838537,,,,,0.0,11.981393949882268,7.7787134167164185,,0.0,0.0,,0.0,,,,0.0,7.448109251514262,13.921795677048454,6.022102765198487,5.96716376833464,0.0,0.0,0.0,,,6.248261628532093,,12.415504997598328,7.278982756515468,,11.881619584333132,9.011647870223289,11.981393949882268,0.0,6.248261628532093,,,5.297972194380703,14.852215206607578,0.0,0.0,0.0,7.7787134167164185,7.448109251514262,,,,0.0,0.0,0.0,10.904925124490397,5.265359696838637,,13.921795677048454,12.415504997598328,5.297972194380703,0.0,
63,,13.85451747936807,0.0,13.664836667552699,10.449414806032166,0.0,6.022102765198487,7.278982756515468,14.852215206607578,0.0,13.85451747936807,,13.341104266407502,0.0,9.492090462838537,0.0,5.96716376833464,8.701809671168826,0.0,0.0,0.0,13.341104266407502,,,,0.0,0.0,11.881619584333132,0.0,10.904925124490397,13.664836667552699,0.0,,,,0.0,0.0,9.011647870223289,0.0,5.265359696838637,10.449414806032166,9.492090462838537,,,,,0.0,11.981393949882268,7.7787134167164185,,0.0,0.0,0.0,0.0,,,,0.0,7.448109251514262,13.921795677048454,6.022102765198487,5.96716376833464,0.0,0.0,0.0,,,6.248261628532093,5.788001980784582,12.415504997598328,7.278982756515468,8.701809671168826,11.881619584333132,9.011647870223289,11.981393949882268,0.0,6.248261628532093,,13.218025940068083,5.297972194380703,14.852215206607578,0.0,0.0,0.0,7.7787134167164185,7.448109251514262,5.788001980784582,13.218025940068083,,0.0,0.0,0.0,10.904925124490397,5.265359696838637,,13.921795677048454,12.415504997598328,5.297972194380703,0.0,
64,,13.85451747936807,0.0,13.664836667552699,10.449414806032166,0.0,6.022102765198487,7.278982756515468,14.852215206607578,0.0,13.85451747936807,,13.341104266407502,0.0,9.492090462838537,0.0,5.96716376833464,8.701809671168826,0.0,0.0,0.0,13.341104266407502,,,,0.0,0.0,11.881619584333132,0.0,10.904925124490397,13.664836667552699,0.0,,,,0.0,0.0,,0.0,5.265359696838637,10.449414806032166,9.492090462838537,,,,,0.0,11.981393949882268,7.7787134167164185,,0.0,0.0,0.0,0.0,,,,0.0,7.448109251514262,13.921795677048454,6.022102765198487,5.96716376833464,0.0,0.0,0.0,,,6.248261628532093,5.788001980784582,12.415504997598328,7.278982756515468,8.701809671168826,11.881619584333132,,11.981393949882268,0.0,6.248261628532093,,13.218025940068083,5.297972194380703,14.852215206607578,0.0,0.0,0.0,7.7787134167164185,7.448109251514262,5.788001980784582,13.218025940068083,,0.0,0.0,0.0,10.904925124490397,5.265359696838637,,13.921795677048454,12.415504997598328,5.297972194380703,0.0,
65,,13.85451747936807,0.0,13.664836667552699,10.449414806032166,0.0,6.022102765198487,7.278982756515468,14.852215206607578,0.0,13.85451747936807,,13.341104266407502,0.0,9.492090462838537,,5.96716376833464,8.701809671168826,0.0,0.0,0.0,13.341104266407502,,,,,0.0,11.881619584333132,0.0,10.904925124490397,13.664836667552699,0.0,,,,0.0,,9.011647870223289,0.0,5.265359696838637,10.449414806032166,9.492090462838537,,,,,0.0,11.981393949882268,7.7787134167164185,,0.0,,,0.0,,,,0.0,7.448109251514262,13.921795677048454,6.022102765198487,5.96716376833464,0.0,,0.0,,,6.248261628532093,5.788001980784582,12.415504997598328,7.278982756515468,8.701809671168826,11.881619584333132,9.011647870223289,11.981393949882268,0.0,6.248261628532093,,13.218025940068083,5.297972194380703,14.852215206607578,0.0,0.0,0.0,7.7787134167164185,7.448109251514262,5.788001980784582,13.218025940068083,,0.0,0.0,0.0,10.904925124490397,5.265359696838637,,13.921795677048454,12.415504997598328,5.297972194380703,0.0,
66,,13.85451747936807,0.0,13.664836667552699,10.449414806032166,0.0,6.022102765198487,7.278982756515468,14.852215206607578,,13.85451747936807,,13.341104266407502,0.0,9.492090462838537,0.0,5.96716376833464,8.701809671168826,0.0,0.0,0.0,13.341104266407502,,,,0.0,0.0,11.881619584333132,0.0,10.904925124490397,13.664836667552699,0.0,,,,0.0,,9.011647870223289,0.0,5.265359696838637,10.449414806032166,9.492090462838537,,,,,0.0,11.981393949882268,7.7787134167164185,,0.0,0.0,0.0,0.0,,,,0.0,7.448109251514262,13.921795677048454,6.022102765198487,5.96716376833464,0.0,,0.0,,,6.248261628532093,5.788001980784582,12.415504997598328,7.278982756515468,8.701809671168826,11.881619584333132,9.011647870223289,11.981393949882268,0.0,6.248261628532093,,13.218025940068083,5.297972194380703,14.852215206607578,0.0,0.0,0.0,7.7787134167164185,7.448109251514262,5.788001980784582,13.218025940068083,,0.0,,0.0,10.904925124490397,5.265359696838637,,13.921795677048454,12.415504997598328,5.297972194380703,0.0,
67,,13.85451747936807,0.0,13.664836667552699,10.449414806032166,,6.022102765198487,7.278982756515468,14.852215206607578,0.0,13.85451747936807,,13.341104266407502,0.0,9.492090462838537,0.0,5.96716376833464,8.701809671168826,0.0,0.0,0.0,13.341104266407502,,,,0.0,0.0,11.881619584333132,0.0,10.904925124490397,13.664836667552699,0.0,,,,0.0,0.0,9.011647870223289,0.0,5.265359696838637,10.449414806032166,9.492090462838537,,,,,0.0,11.981393949882268,7.7787134167164185,,,0.0,0.0,0.0,,,,0.0,7.448109251514262,13.921795677048454,6.022102765198487,5.96716376833464,0.0,0.0,0.0,,,6.248261628532093,5.788001980784582,12.415504997598328,7.278982756515468,8.701809671168826,11.881619584333132,9.011647870223289,11.981393949882268,0.0,6.248261628532093,,,5.297972194380703,14.852215206607578,0.0,0.0,0.0,7.7787134167164185,7.448109251514262,5.788001980784582,,,0.0,0.0,0.0,10.904925124490397,5.265359696838637,,13.921795677048454,12.415504997598328,5.297972194380703,0.0,
68,,13.85451747936807,0.0,13.664836667552699,10.449414806032166,0.0,6.022102765198487,7.278982756515468,14.852215206607578,0.0,13.85451747936807,,13.341104266407502,,9.492090462838537,0.0,5.96716376833464,8.701809671168826,0.0,0.0,0.0,13.341104266407502,,,,0.0,12.297317866938178,11.881619584333132,0.0,10.904925124490397,13.664836667552699,,,,,0.0,0.0,9.011647870223289,0.0,5.265359696838637,10.449414806032166,9.492090462838537,,,,,0.0,11.981393949882268,7.7787134167164185,,0.0,0.0,0.0,0.0,,,,0.0,7.448109251514262,13.921795677048454,6.022102765198487,5.96716376833464,12.297317866938178,0.0,0.0,,,6.248261628532093,5.788001980784582,12.415504997598328,7.278982756515468,8.701809671168826,11.881619584333132,9.011647870223289,11.981393949882268,0.0,6.248261628532093,,,5.297972194380703,14.852215206607578,0.0,0.0,0.0,7.7787134167164185,7.448109251514262,5.788001980784582,,,0.0,0.0,0.0,10.904925124490397,5.265359696838637,,13.921795677048454,12.415504997598328,5.297972194380703,0.0,
69,,13.85451747936807,0.0,13.664836667552699,10.449414806032166,0.0,6.022102765198487,7.278982756515468,14.852215206607578,0.0,13.85451747936807,,13.341104266407502,0.0,9.492090462838537,0.0,5.96716376833464,8.701809671168826,0.0,0.0,0.0,13.341104266407502,,,,0.0,,11.881619584333132,0.0,10.904925124490397,13.664836667552699,0.0,,,,0.0,0.0,9.011647870223289,0.0,5.265359696838637,10.449414806032166,9.492090462838537,,,,,0.0,11.981393949882268,7.7787134167164185,,0.0,0.0,0.0,0.0,,,,0.0,7.448109251514262,13.921795677048454,6.022102765198487,5.96716376833464,,0.0,0.0,,,,5.788001980784582,12.415504997598328,7.278982756515468,8.701809671168826,11.881619584333132,9.011647870223289,11.981393949882268,0.0,,,13.218025940068083,5.297972194380703,14.852215206607578,0.0,0.0,0.0,7.7787134167164185,7.448109251514262,5.788001980784582,13.218025940068083,,0.0,0.0,0.0,10.904925124490397,5.265359696838637,,13.921795677048454,12.415504997598328,5.297972194380703,0.0,
70,,13.85451747936807,0.0,13.664836667552699,10.449414806032166,,6.022102765198487,7.278982756515468,14.852215206607578,0.0,13.85451747936807,,13.341104266407502,0.0,9.492090462838537,0.0,5.96716376833464,8.701809671168826,0.0,0.0,0.0,13.341104266407502,,,,0.0,12.297317866938178,11.881619584333132,0.0,10.904925124490397,13.664836667552699,0.0,,,,,0.0,9.011647870223289,0.0,5.265359696838637,10.449414806032166,9.492090462838537,,,,,0.0,11.981393949882268,7.7787134167164185,,,0.0,0.0,,,,,0.0,7.448109251514262,13.921795677048454,6.022102765198487,5.96716376833464,12.297317866938178,0.0,0.0,,,6.248261628532093,5.788001980784582,12.415504997598328,7.278982756515468,8.701809671168826,11.881619584333132,9.011647870223289,11.981393949882268,0.0,6.248261628532093,,13.218025940068083,5.297972194380703,14.852215206607578,0.0,0.0,0.0,7.7787134167164185,7.448109251514262,5.788001980784582,13.218025940068083,,0.0,0.0,0.0,10.904925124490397,5.265359696838637,,13.921795677048454,12.415504997598328,5.297972194380703,0.0,
71,,13.85451747936807,0.0,13.664836667552699,10.449414806032166,0.0,6.022102765198487,7.278982756515468,14.852215206607578,0.0,13.85451747936807,,13.341104266407502,0.0,9.492090462838537,0.0,5.96716376833464,8.701809671168826,0.0,0.0,0.0,13.341104266407502,,,,0.0,12.297317866938178,11.881619584333132,0.0,10.904925124490397,13.664836667552699,0.0,,,,0.0,0.0,9.011647870223289,0.0,5.265359696838637,10.449414806032166,9.492090462838537,,,,,0.0,11.981393949882268,7.7787134167164185,,0.0,0.0,0.0,0.0,,,,0.0,7.448109251514262,13.921795677048454,6.022102765198487,5.96716376833464,12.297317866938178,0.0,0.0,,,6.248261628532093,,12.415504997598328,7.278982756515468,8.701809671168826,11.881619584333132,9.011647870223289,11.981393949882268,0.0,6.248261628532093,,13.218025940068083,5.297972194380703,14.852215206607578,0.0,0.0,0.0,7.7787134167164185,7.448109251514262,,13.218025940068083,,0.0,0.0,0.0,10.904925124490397,5.265359696838637,,13.921795677048454,12.415504997598328,5.297972194380703,0.0,
72,,13.85451747936807,0.0,13.664836667552699,10.449414806032166,0.0,6.022102765198487,7.278982756515468,14.852215206607578,,13.85451747936807,,13.341104266407502,0.0,9.492090462838537,0.0,5.96716376833464,8.701809671168826,0.0,0.0,0.0,13.341104266407502,,,,0.0,12.297317866938178,11.881619584333132,0.0,10.904925124490397,13.664836667552699,0.0,,,,0.0,0.0,9.011647870223289,7.109828435863265,5.265359696838637,10.449414806032166,9.492090462838537,,,,,0.0,,7.7787134167164185,,0.0,0.0,0.0,0.0,,,,0.0,7.448109251514262,13.921795677048454,6.022102765198487,5.96716376833464,12.297317866938178,0.0,0.0,,,6.248261628532093,5.788001980784582,12.415504997598328,7.278982756515468,8.701809671168826,11.881619584333132,9.011647870223289,,0.0,6.248261628532093,,13.218025940068083,5.297972194380703,14.852215206607578,0.0,0.0,7.109828435863265,7.7787134167164185,7.448109251514262,5.788001980784582,13.218025940068083,,0.0,,0.0,10.904925124490397,5.265359696838637,,13.921795677048454,12.415504997598328,5.297972194380703,0.0,
73,,13.85451747936807,0.0,13.664836667552699,10.449414806032166,0.0,6.022102765198487,7.278982756515468,14.852215206607578,0.0,13.85451747936807,,13.341104266407502,0.0,9.492090462838537,0.0,5.96716376833464,8.701809671168826,0.0,0.0,0.0,13.341104266407502,,,,0.0,12.297317866938178,11.881619584333132,0.0,10.904925124490397,13.664836667552699,0.0,,,,0.0,0.0,9.011647870223289,7.109828435863265,5.265359696838637,10.449414806032166,9.492090462838537,,,,,0.0,,7.7787134167164185,,0.0,0.0,0.0,0.0,,,,0.0,7.448109251514262,13.921795677048454,6.022102765198487,5.96716376833464,12.297317866938178,0.0,0.0,,,6.248261628532093,5.788001980784582,12.415504997598328,7.278982756515468,8.701809671168826,11.881619584333132,9.011647870223289,,0.0,6.248261628532093,,13.218025940068083,5.297972194380703,14.852215206607578,0.0,0.0,7.109828435863265,7.7787134167164185,7.448109251514262,5.788001980784582,13.218025940068083,,0.0,0.0,0.0,10.904925124490397,5.265359696838637,,13.921795677048454,12.415504997598328,5.297972194380703,0.0,
74,,13.85451747936807,0.0,13.664836667552699,10.449414806032166,0.0,6.022102765198487,,14.852215206607578,0.0,13.85451747936807,,13.341104266407502,0.0,9.492090462838537,0.0,5.96716376833464,8.701809671168826,0.0,0.0,0.0,13.341104266407502,,,,0.0,12.297317866938178,11.881619584333132,0.0,10.904925124490397,13.664836667552699,0.0,,,,0.0,0.0,9.011647870223289,7.109828435863265,5.265359696838637,10.449414806032166,9.492090462838537,,,,,0.0,11.981393949882268,7.7787134167164185,,0.0,0.0,0.0,0.0,,,,0.0,7.448109251514262,13.921795677048454,6.022102765198487,5.96716376833464,12.297317866938178,0.0,0.0,,,6.248261628532093,5.788001980784582,12.415504997598328,,8.701809671168826,11.881619584333132,9.011647870223289,11.981393949882268,0.0,6.248261628532093,,13.218025940068083,5.297972194380703,14.852215206607578,0.0,0.0,7.109828435863265,7.7787134167164185,7.448109251514262,5.788001980784582,13.218025940068083,,0.0,0.0,0.0,10.904925124490397,5.265359696838637,,13.921795677048454,12.415504997598328,5.297972194380703,0.0,
75,,13.85451747936807,0.0,13.664836667552699,10.449414806032166,0.0,6.022102765198487,7.278982756515468,14.852215206607578,0.0,13.85451747936807,,13.341104266407502,0.0,9.492090462838537,0.0,5.96716376833464,8.701809671168826,0.0,0.0,0.0,13.341104266407502,,,,0.0,12.297317866938178,11.881619584333132,0.0,,13.664836667552699,0.0,,,,0.0,0.0,9.011647870223289,7.109828435863265,5.265359696838637,10.449414806032166,9.492090462838537,,,,,0.0,11.981393949882268,7.7787134167164185,,0.0,0.0,0.0,0.0,,,,0.0,7.448109251514262,13.921795677048454,6.022102765198487,5.96716376833464,12.297317866938178,0.0,0.0,,,6.248261628532093,5.788001980784582,12.415504997598328,7.278982756515468,8.701809671168826,11.881619584333132,9.011647870223289,11.981393949882268,0.0,6.248261628532093,,13.218025940068083,5.297972194380703,14.852215206607578,0.0,0.0,7.109828435863265,7.7787134167164185,7.448109251514262,5.788001980784582,13.218025940068083,,0.0,0.0,0.0,,5.265359696838637,,13.921795677048454,12.415504997598328,5.297972194380703,0.0,
76,,13.85451747936807,0.0,13.664836667552699,10.449414806032166,,6.022102765198487,7.278982756515468,14.852215206607578,0.0,13.85451747936807,,13.341104266407502,0.0,9.492090462838537,0.0,5.96716376833464,8.701809671168826,0.0,0.0,0.0,13.341104266407502,,,,0.0,12.297317866938178,11.881619584333132,0.0,10.904925124490397,13.664836667552699,0.0,,,,0.0,0.0,9.011647870223289,7.109828435863265,5.265359696838637,10.449414806032166,9.492090462838537,,,,,0.0,11.981393949882268,7.7787134167164185,,,0.0,0.0,0.0,,,,0.0,7.448109251514262,13.921795677048454,6.022102765198487,5.96716376833464,12.297317866938178,0.0,0.0,,,6.248261628532093,5.788001980784582,12.415504997598328,7.278982756515468,8.701809671168826,11.881619584333132,9.011647870223289,11.981393949882268,0.0,6.248261628532093,,13.218025940068083,5.297972194380703,14.852215206607578,0.0,0.0,7.109828435863265,7.7787134167164185,7.448109251514262,5.788001980784582,13.218025940068083,,0.0,0.0,0.0,10.904925124490397,5.265359696838637,,13.921795677048454,12.415504997598328,5.297972194380703,0.0,
77,,13.85451747936807,0.0,13.664836667552699,10.449414806032166,0.0,6.022102765198487,7.278982756515468,14.852215206607578,0.0,13.85451747936807,,13.341104266407502,0.0,9.492090462838537,0.0,5.96716376833464,8.701809671168826,0.0,0.0,0.0,13.341104266407502,,,,0.0,12.297317866938178,11.881619584333132,0.0,10.904925124490397,13.664836667552699,0.0,,,,0.0,0.0,,7.109828435863265,5.265359696838637,10.449414806032166,9.492090462838537,,,,,0.0,11.981393949882268,7.7787134167164185,,0.0,0.0,0.0,0.0,,,,0.0,7.448109251514262,13.921795677048454,6.022102765198487,5.96716376833464,12.297317866938178,0.0,0.0,,,6.248261628532093,5.788001980784582,12.415504997598328,7.278982756515468,8.701809671168826,11.881619584333132,,11.981393949882268,0.0,6.248261628532093,,13.218025940068083,5.297972194380703,14.852215206607578,0.0,0.0,7.109828435863265,7.7787134167164185,7.448109251514262,5.788001980784582,13.218025940068083,,7.326608933907396,0.0,0.0,10.904925124490397,5.265359696838637,,13.921795677048454,12.415504997598328,5.297972194380703,7.326608933907396,
78,,13.85451747936807,0.0,13.664836667552699,10.449414806032166,0.0,6.022102765198487,7.278982756515468,14.852215206607578,0.0,13.85451747936807,,13.341104266407502,0.0,9.492090462838537,0.0,5.96716376833464,8.701809671168826,0.0,0.0,0.0,13.341104266407502,,,,0.0,12.297317866938178,11.881619584333132,0.0,10.904925124490397,13.664836667552699,0.0,,,,0.0,0.0,9.011647870223289,7.109828435863265,5.265359696838637,10.449414806032166,9.492090462838537,,,,,0.0,11.981393949882268,7.7787134167164185,,0.0,0.0,0.0,0.0,,,,0.0,7.448109251514262,13.921795677048454,6.022102765198487,5.96716376833464,12.297317866938178,0.0,0.0,,,6.248261628532093,5.788001980784582,12.415504997598328,7.278982756515468,8.701809671168826,11.881619584333132,9.011647870223289,11.981393949882268,0.0,6.248261628532093,,13.218025940068083,5.297972194380703,14.852215206607578,0.0,0.0,7.109828435863265,7.7787134167164185,7.448109251514262,5.788001980784582,13.218025940068083,,7.326608933907396,0.0,0.0,10.904925124490397,5.265359696838637,,13.921795677048454,12.415504997598328,5.297972194380703,7.326608933907396,
79,,13.85451747936807,0.0,13.664836667552699,10.449414806032166,0.0,6.022102765198487,7.278982756515468,14.852215206607578,0.0,13.85451747936807,,13.341104266407502,0.0,9.492090462838537,0.0,5.96716376833464,8.701809671168826,0.0,0.0,0.0,13.341104266407502,,,,0.0,12.297317866938178,11.881619584333132,0.0,10.904925124490397,13.664836667552699,0.0,,,,0.0,,9.011647870223289,7.109828435863265,5.265359696838637,10.449414806032166,9.492090462838537,,,,,0.0,11.981393949882268,7.7787134167164185,,0.0,0.0,0.0,0.0,,,,0.0,7.448109251514262,13.921795677048454,6.022102765198487,5.96716376833464,12.297317866938178,,0.0,,,6.248261628532093,5.788001980784582,12.415504997598328,7.278982756515468,8.701809671168826,11.881619584333132,9.011647870223289,11.981393949882268,0.0,6.248261628532093,,13.218025940068083,5.297972194380703,14.852215206607578,0.0,0.0,7.109828435863265,7.7787134167164185,7.448109251514262,5.788001980784582,13.218025940068083,,7.326608933907396,0.0,0.0,10.904925124490397,5.265359696838637,,13.921795677048454,12.415504997598328,5.297972194380703,7.326608933907396,
80,,13.85451747936807,0.0,13.664836667552699,10.449414806032166,0.0,6.022102765198487,7.278982756515468,14.852215206607578,0.0,13.85451747936807,,13.341104266407502,0.0,9.492090462838537,0.0,5.96716376833464,8.701809671168826,0.0,0.0,0.0,13.341104266407502,,,,0.0,12.297317866938178,11.881619584333132,0.0,,13.664836667552699,0.0,,,,0.0,,9.011647870223289,7.109828435863265,5.265359696838637,10.449414806032166,9.492090462838537,,,,,0.0,11.981393949882268,7.7787134167164185,,0.0,0.0,0.0,0.0,,,,0.0,7.448109251514262,13.921795677048454,6.022102765198487,5.96716376833464,12.297317866938178,,0.0,,,6.248261628532093,5.788001980784582,12.415504997598328,7.278982756515468,8.701809671168826,11.881619584333132,9.011647870223289,11.981393949882268,0.0,6.248261628532093,,13.218025940068083,5.297972194380703,14.852215206607578,0.0,0.0,7.109828435863265,7.7787134167164185,7.448109251514262,5.788001980784582,13.218025940068083,,7.326608933907396,0.0,0.0,,5.265359696838637,,13.921795677048454,12.415504997598328,5.297972194380703,7.326608933907396,
81,,13.85451747936807,0.0,13.664836667552699,10.449414806032166,0.0,6.022102765198487,7.278982756515468,14.852215206607578,,13.85451747936807,,13.341104266407502,,9.492090462838537,7.779736031100921,5.96716376833464,8.701809671168826,0.0,0.0,0.0,13.341104266407502,,,,5.714025095785483,12.297317866938178,11.881619584333132,0.0,10.904925124490397,13.664836667552699,,,,,8.794554417576478,,9.011647870223289,7.109828435863265,5.265359696838637,10.449414806032166,9.492090462838537,,,,,0.0,11.981393949882268,7.7787134167164185,,0.0,7.779736031100921,5.714025095785483,8.794554417576478,,,,0.0,7.448109251514262,13.921795677048454,6.022102765198487,5.96716376833464,12.297317866938178,,0.0,,,6.248261628532093,5.788001980784582,12.415504997598328,7.278982756515468,8.701809671168826,11.881619584333132,9.011647870223289,11.981393949882268,0.0,6.248261628532093,,13.218025940068083,5.297972194380703,14.852215206607578,0.0,0.0,7.109828435863265,7.7787134167164185,7.448109251514262,5.788001980784582,13.218025940068083,,7.326608933907396,,0.0,10.904925124490397,5.265359696838637,,13.921795677048454,12.415504997598328,5.297972194380703,7.326608933907396,
82,,13.85451747936807,0.0,13.664836667552699,10.449414806032166,0.0,6.022102765198487,7.278982756515468,14.852215206607578,0.0,13.85451747936807,,13.341104266407502,14.366545877124942,9.492090462838537,7.779736031100921,5.96716376833464,8.701809671168826,0.0,0.0,0.0,13.341104266407502,,,,5.714025095785483,12.297317866938178,11.881619584333132,0.0,10.904925124490397,13.664836667552699,14.366545877124942,,,,8.794554417576478,,9.011647870223289,7.109828435863265,5.265359696838637,10.449414806032166,9.492090462838537,,,,,0.0,11.981393949882268,7.7787134167164185,,0.0,7.779736031100921,5.714025095785483,8.794554417576478,,,,0.0,7.448109251514262,13.921795677048454,6.022102765198487,5.96716376833464,12.297317866938178,,0.0,,,6.248261628532093,,12.415504997598328,7.278982756515468,8.701809671168826,11.881619584333132,9.011647870223289,11.981393949882268,0.0,6.248261628532093,,13.218025940068083,5.297972194380703,14.852215206607578,0.0,0.0,7.109828435863265,7.7787134167164185,7.448109251514262,,13.218025940068083,,7.326608933907396,0.0,0.0,10.904925124490397,5.265359696838637,,13.921795677048454,12.415504997598328,5.297972194380703,7.326608933907396,
83,,13.85451747936807,0.0,,10.449414806032166,0.0,6.022102765198487,7.278982756515468,14.852215206607578,0.0,13.85451747936807,,13.341104266407502,14.366545877124942,9.492090462838537,7.779736031100921,5.96716376833464,8.701809671168826,0.0,0.0,0.0,13.341104266407502,,,,5.714025095785483,12.297317866938178,11.881619584333132,0.0,10.904925124490397,,14.366545877124942,,,,8.794554417576478,,9.011647870223289,7.109828435863265,5.265359696838637,10.449414806032166,9.492090462838537,,,,,0.0,11.981393949882268,7.7787134167164185,,0.0,7.779736031100921,5.714025095785483,8.794554417576478,,,,0.0,7.448109251514262,13.921795677048454,6.022102765198487,5.96716376833464,12.297317866938178,,0.0,,,6.248261628532093,5.788001980784582,12.415504997598328,7.278982756515468,8.701809671168826,11.881619584333132,9.011647870223289,11.981393949882268,0.0,6.248261628532093,,13.218025940068083,5.297972194380703,14.852215206607578,0.0,0.0,7.109828435863265,7.7787134167164185,7.448109251514262,5.788001980784582,13.218025940068083,,7.326608933907396,0.0,0.0,10.904925124490397,5.265359696838637,,13.921795677048454,12.415504997598328,5.297972194380703,7.326608933907396,
84,,13.85451747936807,5.69555148823741,13.664836667552699,10.449414806032166,0.0,6.022102765198487,7.278982756515468,14.852215206607578,0.0,13.85451747936807,,13.341104266407502,14.366545877124942,9.492090462838537,7.779736031100921,5.96716376833464,8.701809671168826,0.0,0.0,5.69555148823741,13.341104266407502,,,,5.714025095785483,12.297317866938178,11.881619584333132,0.0,10.904925124490397,13.664836667552699,14.366545877124942,,,,8.794554417576478,,9.011647870223289,7.109828435863265,5.265359696838637,10.449414806032166,9.492090462838537,,,,,0.0,11.981393949882268,7.7787134167164185,,0.0,7.779736031100921,5.714025095785483,8.794554417576478,,,,0.0,7.448109251514262,13.921795677048454,6.022102765198487,5.96716376833464,12.297317866938178,,0.0,,,6.248261628532093,5.788001980784582,12.415504997598328,7.278982756515468,8.701809671168826,11.881619584333132,9.011647870223289,11.981393949882268,0.0,6.248261628532093,,13.218025940068083,5.297972194380703,14.852215206607578,0.0,0.0,7.109828435863265,7.7787134167164185,7.448109251514262,5.788001980784582,13.218025940068083,,7.326608933907396,0.0,0.0,10.904925124490397,5.265359696838637,,13.921795677048454,12.415504997598328,5.297972194380703,7.326608933907396,
85,,13.85451747936807,5.69555148823741,13.664836667552699,10.449414806032166,0.0,6.022102765198487,7.278982756515468,14.852215206607578,,13.85451747936807,,13.341104266407502,14.366545877124942,9.492090462838537,7.779736031100921,5.96716376833464,8.701809671168826,0.0,0.0,5.69555148823741,13.341104266407502,,,,,12.297317866938178,11.881619584333132,0.0,10.904925124490397,13.664836667552699,14.366545877124942,,,,,,9.011647870223289,7.109828435863265,5.265359696838637,10.449414806032166,9.492090462838537,,,,,0.0,11.981393949882268,7.7787134167164185,,0.0,7.779736031100921,,,,,,0.0,7.448109251514262,13.921795677048454,6.022102765198487,5.96716376833464,12.297317866938178,,0.0,,,6.248261628532093,5.788001980784582,12.415504997598328,7.278982756515468,8.701809671168826,11.881619584333132,9.011647870223289,11.981393949882268,0.0,6.248261628532093,,13.218025940068083,5.297972194380703,14.852215206607578,0.0,0.0,7.109828435863265,7.7787134167164185,7.448109251514262,5.788001980784582,13.218025940068083,,7.326608933907396,,0.0,10.904925124490397,5.265359696838637,,13.921795677048454,12.415504997598328,5.297972194380703,7.326608933907396,
86,,13.85451747936807,5.69555148823741,13.664836667552699,10.449414806032166,0.0,6.022102765198487,7.278982756515468,14.852215206607578,0.0,13.85451747936807,,13.341104266407502,14.366545877124942,9.492090462838537,7.779736031100921,5.96716376833464,8.701809671168826,0.0,0.0,5.69555148823741,13.341104266407502,,,,5.714025095785483,12.297317866938178,11.881619584333132,0.0,10.904925124490397,13.664836667552699,14.366545877124942,,,,,,9.011647870223289,7.109828435863265,5.265359696838637,10.449414806032166,9.492090462838537,,,,,0.0,11.981393949882268,7.7787134167164185,,0.0,7.779736031100921,5.714025095785483,,,,,0.0,7.448109251514262,,6.022102765198487,5.96716376833464,12.297317866938178,,0.0,,,6.248261628532093,5.788001980784582,12.415504997598328,7.278982756515468,8.701809671168826,11.881619584333132,9.011647870223289,11.981393949882268,0.0,6.248261628532093,,13.218025940068083,5.297972194380703,14.852215206607578,0.0,0.0,7.109828435863265,7.7787134167164185,7.448109251514262,5.788001980784582,13.218025940068083,,7.326608933907396,0.0,0.0,10.904925124490397,5.265359696838637,,,12.415504997598328,5.297972194380703,7.326608933907396,
87,,13.85451747936807,5.69555148823741,13.664836667552699,10.449414806032166,0.0,6.022102765198487,7.278982756515468,,0.0,13.85451747936807,,,14.366545877124942,9.492090462838537,7.779736031100921,5.96716376833464,8.701809671168826,0.0,0.0,5.69555148823741,,,,,5.714025095785483,12.297317866938178,11.881619584333132,0.0,10.904925124490397,13.664836667552699,14.366545877124942,,,,8.794554417576478,,9.011647870223289,7.109828435863265,5.265359696838637,10.449414806032166,9.492090462838537,,,,,0.0,11.981393949882268,7.7787134167164185,,0.0,7.779736031100921,5.714025095785483,8.794554417576478,,,,0.0,7.448109251514262,13.921795677048454,6.022102765198487,5.96716376833464,12.297317866938178,,0.0,,,6.248261628532093,5.788001980784582,12.415504997598328,7.278982756515468,8.701809671168826,11.881619584333132,9.011647870223289,11.981393949882268,0.0,6.248261628532093,,13.218025940068083,5.297972194380703,,0.0,0.0,7.109828435863265,7.7787134167164185,7.448109251514262,5.788001980784582,13.218025940068083,,7.326608933907396,0.0,0.0,10.904925124490397,5.265359696838637,,13.921795677048454,12.415504997598328,5.297972194380703,7.326608933907396,
88,,13.85451747936807,5.69555148823741,13.664836667552699,10.449414806032166,0.0,6.022102765198487,7.278982756515468,14.852215206607578,0.0,13.85451747936807,,13.341104266407502,14.366545877124942,9.492090462838537,7.779736031100921,5.96716376833464,8.701809671168826,0.0,0.0,5.69555148823741,13.341104266407502,,,,5.714025095785483,12.297317866938178,11.881619584333132,0.0,10.904925124490397,13.664836667552699,14.366545877124942,,,,8.794554417576478,,9.011647870223289,7.109828435863265,5.265359696838637,10.449414806032166,9.492090462838537,,,,,0.0,11.981393949882268,7.7787134167164185,,0.0,7.779736031100921,5.714025095785483,8.794554417576478,,,,0.0,7.448109251514262,13.921795677048454,6.022102765198487,5.96716376833464,12.297317866938178,,0.0,,,6.248261628532093,5.788001980784582,12.415504997598328,7.278982756515468,8.701809671168826,11.881619584333132,9.011647870223289,11.981393949882268,0.0,6.248261628532093,,13.218025940068083,5.297972194380703,14.852215206607578,0.0,0.0,7.109828435863265,7.7787134167164185,7.448109251514262,5.788001980784582,13.218025940068083,,7.326608933907396,0.0,0.0,10.904925124490397,5.265359696838637,,13.921795677048454,12.415504997598328,5.297972194380703,7.326608933907396,
89,,13.85451747936807,5.69555148823741,13.664836667552699,10.449414806032166,0.0,6.022102765198487,7.278982756515468,14.852215206607578,0.0,13.85451747936807,,13.341104266407502,14.366545877124942,9.492090462838537,7.779736031100921,5.96716376833464,8.701809671168826,11.701751743776933,0.0,5.69555148823741,13.341104266407502,,,,5.714025095785483,12.297317866938178,11.881619584333132,0.0,10.904925124490397,13.664836667552699,14.366545877124942,,,,8.794554417576478,,9.011647870223289,7.109828435863265,5.265359696838637,10.449414806032166,9.492090462838537,,,,,,11.981393949882268,7.7787134167164185,,0.0,7.779736031100921,5.714025095785483,8.794554417576478,,,,0.0,7.448109251514262,13.921795677048454,6.022102765198487,5.96716376833464,12.297317866938178,,,,,6.248261628532093,5.788001980784582,12.415504997598328,7.278982756515468,8.701809671168826,11.881619584333132,9.011647870223289,11.981393949882268,0.0,6.248261628532093,,13.218025940068083,5.297972194380703,14.852215206607578,11.701751743776933,0.0,7.109828435863265,7.7787134167164185,7.448109251514262,5.788001980784582,13.218025940068083,,7.326608933907396,0.0,0.0,10.904925124490397,5.265359696838637,,13.921795677048454,12.415504997598328,5.297972194380703,7.326608933907396,
90,,13.85451747936807,5.69555148823741,13.664836667552699,10.449414806032166,,6.022102765198487,7.278982756515468,14.852215206607578,0.0,13.85451747936807,,13.341104266407502,14.366545877124942,9.492090462838537,7.779736031100921,5.96716376833464,8.701809671168826,11.701751743776933,0.0,5.69555148823741,13.341104266407502,,,,5.714025095785483,12.297317866938178,,0.0,10.904925124490397,13.664836667552699,14.366545877124942,,,,8.794554417576478,,9.011647870223289,7.109828435863265,5.265359696838637,10.449414806032166,9.492090462838537,,,,,,11.981393949882268,7.7787134167164185,,,7.779736031100921,5.714025095785483,8.794554417576478,,,,0.0,7.448109251514262,13.921795677048454,6.022102765198487,5.96716376833464,12.297317866938178,,,,,6.248261628532093,5.788001980784582,12.415504997598328,7.278982756515468,8.701809671168826,,9.011647870223289,11.981393949882268,0.0,6.248261628532093,,13.218025940068083,5.297972194380703,14.852215206607578,11.701751743776933,0.0,7.109828435863265,7.7787134167164185,7.448109251514262,5.788001980784582,13.218025940068083,,7.326608933907396,0.0,0.0,10.904925124490397,5.265359696838637,,13.921795677048454,12.415504997598328,5.297972194380703,7.326608933907396,
91,,13.85451747936807,5.69555148823741,13.664836667552699,10.449414806032166,,6.022102765198487,7.278982756515468,14.852215206607578,0.0,13.85451747936807,,13.341104266407502,14.366545877124942,9.492090462838537,7.779736031100921,5.96716376833464,8.701809671168826,11.701751743776933,0.0,5.69555148823741,13.341104266407502,,,,5.714025095785483,12.297317866938178,11.881619584333132,0.0,10.904925124490397,13.664836667552699,14.366545877124942,,,,,,9.011647870223289,7.109828435863265,5.265359696838637,10.449414806032166,9.492090462838537,,,,,,11.981393949882268,7.7787134167164185,,,7.779736031100921,5.714025095785483,,,,,0.0,7.448109251514262,13.921795677048454,6.022102765198487,5.96716376833464,12.297317866938178,,,,,6.248261628532093,5.788001980784582,12.415504997598328,7.278982756515468,8.701809671168826,11.881619584333132,9.011647870223289,11.981393949882268,0.0,6.248261628532093,,13.218025940068083,5.297972194380703,14.852215206607578,11.701751743776933,0.0,7.109828435863265,7.7787134167164185,7.448109251514262,5.788001980784582,13.218025940068083,,7.326608933907396,0.0,0.0,10.904925124490397,5.265359696838637,,13.921795677048454,12.415504997598328,5.297972194380703,7.326608933907396,
92,,13.85451747936807,5.69555148823741,13.664836667552699,10.449414806032166,,6.022102765198487,7.278982756515468,14.852215206607578,0.0,13.85451747936807,,13.341104266407502,14.366545877124942,9.492090462838537,7.779736031100921,5.96716376833464,8.701809671168826,11.701751743776933,0.0,5.69555148823741,13.341104266407502,,,,5.714025095785483,,11.881619584333132,0.0,10.904925124490397,13.664836667552699,14.366545877124942,,,,8.794554417576478,,9.011647870223289,7.109828435863265,5.265359696838637,10.449414806032166,9.492090462838537,,,,,,11.981393949882268,7.7787134167164185,,,7.779736031100921,5.714025095785483,8.794554417576478,,,,0.0,7.448109251514262,13.921795677048454,6.022102765198487,5.96716376833464,,,,,,6.248261628532093,,12.415504997598328,7.278982756515468,8.701809671168826,11.881619584333132,9.011647870223289,11.981393949882268,0.0,6.248261628532093,,13.218025940068083,5.297972194380703,14.852215206607578,11.701751743776933,0.0,7.109828435863265,7.7787134167164185,7.448109251514262,,13.218025940068083,,7.326608933907396,0.0,0.0,10.904925124490397,5.265359696838637,,13.921795677048454,12.415504997598328,5.297972194380703,7.326608933907396,
93,,13.85451747936807,5.69555148823741,13.664836667552699,10.449414806032166,,6.022102765198487,7.278982756515468,14.852215206607578,0.0,13.85451747936807,,13.341104266407502,14.366545877124942,9.492090462838537,7.779736031100921,5.96716376833464,8.701809671168826,11.701751743776933,0.0,5.69555148823741,13.341104266407502,,,,5.714025095785483,12.297317866938178,11.881619584333132,0.0,10.904925124490397,13.664836667552699,14.366545877124942,,,,8.794554417576478,,9.011647870223289,7.109828435863265,5.265359696838637,10.449414806032166,9.492090462838537,,,,,,11.981393949882268,7.7787134167164185,,,7.779736031100921,5.714025095785483,8.794554417576478,,,,6.71138648198097,7.448109251514262,13.921795677048454,6.022102765198487,5.96716376833464,12.297317866938178,,,,,6.248261628532093,5.788001980784582,12.415504997598328,7.278982756515468,8.701809671168826,11.881619584333132,9.011647870223289,11.981393949882268,6.71138648198097,6.248261628532093,,13.218025940068083,5.297972194380703,14.852215206607578,11.701751743776933,0.0,7.109828435863265,7.7787134167164185,7.448109251514262,5.788001980784582,13.218025940068083,,7.326608933907396,0.0,0.0,10.904925124490397,5.265359696838637,,13.921795677048454,12.415504997598328,5.297972194380703,7.326608933907396,
94,,13.85451747936807,5.69555148823741,13.664836667552699,10.449414806032166,,6.022102765198487,7.278982756515468,14.852215206607578,7.232107381488228,13.85451747936807,,13.341104266407502,14.366545877124942,9.492090462838537,7.779736031100921,5.96716376833464,8.701809671168826,11.701751743776933,6.024951761715075,5.69555148823741,13.341104266407502,,,,5.714025095785483,12.297317866938178,11.881619584333132,0.0,,13.664836667552699,14.366545877124942,,,,8.794554417576478,,9.011647870223289,7.109828435863265,5.265359696838637,10.449414806032166,9.492090462838537,,,,,,11.981393949882268,7.7787134167164185,,,7.779736031100921,5.714025095785483,8.794554417576478,,,,6.71138648198097,7.448109251514262,13.921795677048454,6.022102765198487,5.96716376833464,12.297317866938178,,,,,6.248261628532093,5.788001980784582,12.415504997598328,7.278982756515468,8.701809671168826,11.881619584333132,9.011647870223289,11.981393949882268,6.71138648198097,6.248261628532093,,13.218025940068083,5.297972194380703,14.852215206607578,11.701751743776933,0.0,7.109828435863265,7.7787134167164185,7.448109251514262,5.788001980784582,13.218025940068083,,7.326608933907396,7.232107381488228,6.024951761715075,,5.265359696838637,,13.921795677048454,12.415504997598328,5.297972194380703,7.326608933907396,
95,,13.85451747936807,5.69555148823741,13.664836667552699,10.449414806032166,,6.022102765198487,7.278982756515468,14.852215206607578,7.232107381488228,13.85451747936807,,13.341104266407502,14.366545877124942,9.492090462838537,7.779736031100921,5.96716376833464,8.701809671168826,11.701751743776933,6.024951761715075,5.69555148823741,13.341104266407502,,,,5.714025095785483,12.297317866938178,11.881619584333132,0.0,10.904925124490397,13.664836667552699,14.366545877124942,,,,8.794554417576478,,9.011647870223289,7.109828435863265,5.265359696838637,10.449414806032166,9.492090462838537,,,,,,11.981393949882268,7.7787134167164185,,,7.779736031100921,5.714025095785483,8.794554417576478,,,,6.71138648198097,7.448109251514262,13.921795677048454,6.022102765198487,5.96716376833464,12.297317866938178,,,,,6.248261628532093,5.788001980784582,12.415504997598328,7.278982756515468,8.701809671168826,11.881619584333132,9.011647870223289,11.981393949882268,6.71138648198097,6.248261628532093,,13.218025940068083,5.297972194380703,14.852215206607578,11.701751743776933,0.0,7.109828435863265,7.7787134167164185,7.448109251514262,5.788001980784582,13.218025940068083,,7.326608933907396,7.232107381488228,6.024951761715075,10.904925124490397,5.265359696838637,,13.921795677048454,12.415504997598328,5.297972194380703,7.326608933907396,
96,,13.85451747936807,5.69555148823741,13.664836667552699,10.449414806032166,,6.022102765198487,7.278982756515468,14.852215206607578,7.232107381488228,13.85451747936807,,13.341104266407502,14.366545877124942,9.492090462838537,7.779736031100921,5.96716376833464,8.701809671168826,11.701751743776933,6.024951761715075,5.69555148823741,13.341104266407502,,,,5.714025095785483,12.297317866938178,,0.0,10.904925124490397,13.664836667552699,14.366545877124942,,,,8.794554417576478,,9.011647870223289,7.109828435863265,5.265359696838637,10.449414806032166,9.492090462838537,,,,,,11.981393949882268,7.7787134167164185,,,7.779736031100921,5.714025095785483,8.794554417576478,,,,6.71138648198097,7.448109251514262,13.921795677048454,6.022102765198487,5.96716376833464,12.297317866938178,,,,,6.248261628532093,,12.415504997598328,7.278982756515468,8.701809671168826,,9.011647870223289,11.981393949882268,6.71138648198097,6.248261628532093,,13.218025940068083,5.297972194380703,14.852215206607578,11.701751743776933,0.0,7.109828435863265,7.7787134167164185,7.448109251514262,,13.218025940068083,,7.326608933907396,7.232107381488228,6.024951761715075,10.904925124490397,5.265359696838637,,13.921795677048454,12.415504997598328,5.297972194380703,7.326608933907396,
97,,13.85451747936807,5.69555148823741,13.664836667552699,10.449414806032166,,6.022102765198487,7.278982756515468,14.852215206607578,7.232107381488228,13.85451747936807,,13.341104266407502,14.366545877124942,9.492090462838537,7.779736031100921,5.96716376833464,8.701809671168826,11.701751743776933,6.024951761715075,5.69555148823741,13.341104266407502,,,,5.714025095785483,12.297317866938178,11.881619584333132,0.0,10.904925124490397,13.664836667552699,14.366545877124942,,,,8.794554417576478,,9.011647870223289,7.109828435863265,,10.449414806032166,9.492090462838537,,,,,,11.981393949882268,7.7787134167164185,,,7.779736031100921,5.714025095785483,8.794554417576478,,,,6.71138648198097,7.448109251514262,13.921795677048454,6.022102765198487,5.96716376833464,12.297317866938178,,,,,6.248261628532093,5.788001980784582,12.415504997598328,7.278982756515468,8.701809671168826,11.881619584333132,9.011647870223289,11.981393949882268,6.71138648198097,6.248261628532093,,13.218025940068083,5.297972194380703,14.852215206607578,11.701751743776933,0.0,7.109828435863265,7.7787134167164185,7.448109251514262,5.788001980784582,13.218025940068083,,7.326608933907396,7.232107381488228,6.024951761715075,10.904925124490397,,,13.921795677048454,12.415504997598328,5.297972194380703,7.326608933907396,
98,,13.85451747936807,5.69555148823741,13.664836667552699,,,6.022102765198487,7.278982756515468,14.852215206607578,7.232107381488228,13.85451747936807,,13.341104266407502,14.366545877124942,9.492090462838537,7.779736031100921,5.96716376833464,8.701809671168826,11.701751743776933,6.024951761715075,5.69555148823741,13.341104266407502,,,,5.714025095785483,12.297317866938178,11.881619584333132,11.846142509898744,10.904925124490397,13.664836667552699,14.366545877124942,,,,8.794554417576478,,9.011647870223289,7.109828435863265,5.265359696838637,,9.492090462838537,,,,,,11.981393949882268,7.7787134167164185,,,7.779736031100921,5.714025095785483,8.794554417576478,,,,6.71138648198097,7.448109251514262,13.921795677048454,6.022102765198487,5.96716376833464,12.297317866938178,,,,,6.248261628532093,5.788001980784582,12.415504997598328,7.278982756515468,8.701809671168826,11.881619584333132,9.011647870223289,11.981393949882268,6.71138648198097,6.248261628532093,,13.218025940068083,5.297972194380703,14.852215206607578,11.701751743776933,11.846142509898744,7.109828435863265,7.7787134167164185,7.448109251514262,5.788001980784582,13.218025940068083,,7.326608933907396,7.232107381488228,6.024951761715075,10.904925124490397,5.265359696838637,,13.921795677048454,12.415504997598328,5.297972194380703,7.326608933907396,
99,,13.85451747936807,5.69555148823741,13.664836667552699,10.449414806032166,,6.022102765198487,7.278982756515468,14.852215206607578,,13.85451747936807,,13.341104266407502,14.366545877124942,,7.779736031100921,5.96716376833464,8.701809671168826,11.701751743776933,6.024951761715075,5.69555148823741,13.341104266407502,,,,5.714025095785483,,11.881619584333132,11.846142509898744,10.904925124490397,13.664836667552699,14.366545877124942,,,,8.794554417576478,,9.011647870223289,7.109828435863265,5.265359696838637,10.449414806032166,,,,,,,11.981393949882268,7.7787134167164185,,,7.779736031100921,5.714025095785483,8.794554417576478,,,,6.71138648198097,7.448109251514262,13.921795677048454,6.022102765198487,5.96716376833464,,,,,,6.248261628532093,5.788001980784582,12.415504997598328,7.278982756515468,8.701809671168826,11.881619584333132,9.011647870223289,11.981393949882268,6.71138648198097,6.248261628532093,,13.218025940068083,5.297972194380703,14.852215206607578,11.701751743776933,11.846142509898744,7.109828435863265,7.7787134167164185,7.448109251514262,5.788001980784582,13.218025940068083,,7.326608933907396,,6.024951761715075,10.904925124490397,5.265359696838637,,13.921795677048454,12.415504997598328,5.297972194380703,7.326608933907396,
