,"('B', 'B')","('B', 'G')","('B', 'C')","('B', 'E')","('B', 'D')","('B', 'A')","('B', 'F')","('B', 'H')","('B', 'I')","('B', 'J')","('G', 'B')","('G', 'G')","('G', 'C')","('G', 'E')","('G', 'D')","('G', 'A')","('G', 'F')","('G', 'H')","('G', 'I')","('G', 'J')","('C', 'B')","('C', 'G')","('C', 'C')","('C', 'E')","('C', 'D')","('C', 'A')","('C', 'F')","('C', 'H')","('C', 'I')","('C', 'J')","('E', 'B')","('E', 'G')","('E', 'C')","('E', 'E')","('E', 'D')","('E', 'A')","('E', 'F')","('E', 'H')","('E', 'I')","('E', 'J')","('D', 'B')","('D', 'G')","('D', 'C')","('D', 'E')","('D', 'D')","('D', 'A')","('D', 'F')","('D', 'H')","('D', 'I')","('D', 'J')","('A', 'B')","('A', 'G')","('A', 'C')","('A', 'E')","('A', 'D')","('A', 'A')","('A', 'F')","('A', 'H')","('A', 'I')","('A', 'J')","('F', 'B')","('F', 'G')","('F', 'C')","('F', 'E')","('F', 'D')","('F', 'A')","('F', 'F')","('F', 'H')","('F', 'I')","('F', 'J')","('H', 'B')","('H', 'G')","('H', 'C')","('H', 'E')","('H', 'D')","('H', 'A')","('H', 'F')","('H', 'H')","('H', 'I')","('H', 'J')","('I', 'B')","('I', 'G')","('I', 'C')","('I', 'E')","('I', 'D')","('I', 'A')","('I', 'F')","('I', 'H')","('I', 'I')","('I', 'J')","('J', 'B')","('J', 'G')","('J', 'C')","('J', 'E')","('J', 'D')","('J', 'A')","('J', 'F')","('J', 'H')","('J', 'I')","('J', 'J')"
0,,,,,,,,,,,,,,,,,,,,,,,,,,,,,,,,,,,,,,,,,,,,,,,,,,,,,,,,,,,,,,,,,,,,,,,,,,,,,,,,,,,,,,,,,,,,,,,,,,,,
1,,0.0,0.0,0.0,0.0,0.0,,0.0,0.0,0.0,0.0,,0.0,0.0,0.0,,0.0,0.0,0.0,,0.0,0.0,,0.0,0.0,0.0,0.0,0.0,0.0,0.0,0.0,0.0,0.0,,0.0,0.0,0.0,0.0,0.0,0.0,0.0,0.0,0.0,0.0,,0.0,0.0,0.0,0.0,0.0,0.0,,0.0,0.0,0.0,,0.0,0.0,,0.0,,0.0,0.0,0.0,0.0,0.0,,0.0,0.0,0.0,0.0,0.0,0.0,0.0,0.0,0.0,0.0,,0.0,0.0,0.0,0.0,0.0,0.0,0.0,,0.0,0.0,,0.0,0.0,,0.0,0.0,0.0,0.0,0.0,0.0,0.0,
2,,0.0,0.0,0.0,0.0,0.0,13.094304566778266,0.0,0.0,0.0,0.0,,0.0,0.0,0.0,0.0,0.0,0.0,0.0,,0.0,0.0,,0.0,0.0,0.0,0.0,0.0,0.0,0.0,0.0,0.0,0.0,,0.0,0.0,0.0,0.0,0.0,0.0,0.0,0.0,0.0,0.0,,0.0,0.0,0.0,0.0,0.0,0.0,0.0,0.0,0.0,0.0,,0.0,0.0,0.0,0.0,13.094304566778266,0.0,0.0,0.0,0.0,0.0,,0.0,0.0,0.0,0.0,0.0,0.0,0.0,0.0,0.0,0.0,,0.0,0.0,0.0,0.0,0.0,0.0,0.0,0.0,0.0,0.0,,0.0,0.0,,0.0,0.0,0.0,0.0,0.0,0.0,0.0,
3,,0.0,0.0,0.0,0.0,,13.094304566778266,0.0,0.0,0.0,0.0,,0.0,0.0,0.0,0.0,0.0,,0.0,0.0,0.0,0.0,,0.0,0.0,0.0,0.0,0.0,0.0,0.0,0.0,0.0,0.0,,0.0,0.0,0.0,0.0,0.0,0.0,0.0,0.0,0.0,0.0,,0.0,0.0,0.0,0.0,0.0,,0.0,0.0,0.0,0.0,,0.0,0.0,0.0,0.0,13.094304566778266,0.0,0.0,0.0,0.0,0.0,,0.0,0.0,0.0,0.0,,0.0,0.0,0.0,0.0,0.0,,0.0,0.0,0.0,0.0,0.0,0.0,0.0,0.0,0.0,0.0,,0.0,0.0,0.0,0.0,0.0,0.0,0.0,0.0,0.0,0.0,
4,,0.0,0.0,0.0,0.0,,13.094304566778266,0.0,0.0,0.0,0.0,,0.0,0.0,0.0,10.904925124490397,,0.0,0.0,0.0,0.0,0.0,,0.0,0.0,0.0,0.0,0.0,0.0,0.0,0.0,0.0,0.0,,0.0,0.0,0.0,0.0,0.0,0.0,0.0,0.0,0.0,0.0,,0.0,0.0,0.0,0.0,0.0,,10.904925124490397,0.0,0.0,0.0,,0.0,0.0,,0.0,13.094304566778266,,0.0,0.0,0.0,0.0,,0.0,0.0,0.0,0.0,0.0,0.0,0.0,0.0,0.0,0.0,,0.0,0.0,0.0,0.0,0.0,0.0,0.0,,0.0,0.0,,0.0,0.0,0.0,0.0,0.0,0.0,0.0,0.0,0.0,0.0,
5,,0.0,0.0,,0.0,,13.094304566778266,0.0,0.0,0.0,0.0,,0.0,0.0,0.0,10.904925124490397,0.0,0.0,0.0,0.0,0.0,0.0,,0.0,0.0,0.0,11.037260313668911,0.0,0.0,0.0,,0.0,0.0,,0.0,0.0,0.0,0.0,0.0,0.0,0.0,0.0,0.0,0.0,,0.0,0.0,0.0,0.0,,,10.904925124490397,0.0,0.0,0.0,,0.0,0.0,0.0,0.0,13.094304566778266,0.0,11.037260313668911,0.0,0.0,0.0,,0.0,0.0,0.0,0.0,0.0,0.0,0.0,0.0,0.0,0.0,,0.0,0.0,0.0,0.0,0.0,0.0,0.0,0.0,0.0,0.0,,0.0,0.0,0.0,0.0,0.0,,0.0,0.0,0.0,0.0,
6,,0.0,0.0,0.0,0.0,,13.094304566778266,0.0,0.0,0.0,0.0,,0.0,0.0,0.0,10.904925124490397,0.0,0.0,0.0,0.0,0.0,0.0,,0.0,0.0,0.0,11.037260313668911,0.0,0.0,0.0,0.0,0.0,0.0,,0.0,0.0,0.0,0.0,0.0,0.0,0.0,0.0,0.0,0.0,,,0.0,0.0,0.0,0.0,,10.904925124490397,0.0,0.0,,,0.0,0.0,0.0,0.0,13.094304566778266,0.0,11.037260313668911,0.0,0.0,0.0,,0.0,0.0,0.0,0.0,0.0,0.0,0.0,0.0,0.0,0.0,,0.0,0.0,0.0,0.0,0.0,0.0,0.0,0.0,0.0,0.0,,0.0,0.0,0.0,0.0,0.0,0.0,0.0,0.0,0.0,0.0,
7,,0.0,0.0,0.0,0.0,,13.094304566778266,0.0,0.0,0.0,0.0,,0.0,0.0,0.0,10.904925124490397,0.0,0.0,0.0,,0.0,0.0,,0.0,0.0,0.0,11.037260313668911,0.0,0.0,0.0,0.0,0.0,0.0,,0.0,0.0,0.0,0.0,0.0,0.0,0.0,0.0,0.0,0.0,,0.0,0.0,0.0,0.0,0.0,,10.904925124490397,0.0,0.0,0.0,,0.0,0.0,0.0,,13.094304566778266,0.0,11.037260313668911,0.0,0.0,0.0,,0.0,0.0,0.0,0.0,0.0,0.0,0.0,0.0,0.0,0.0,,0.0,0.0,0.0,0.0,0.0,0.0,0.0,0.0,0.0,0.0,,0.0,0.0,,0.0,0.0,0.0,,0.0,0.0,0.0,
8,,0.0,,0.0,0.0,,13.094304566778266,0.0,0.0,0.0,0.0,,0.0,0.0,0.0,10.904925124490397,0.0,0.0,0.0,0.0,,0.0,,0.0,0.0,0.0,11.037260313668911,,,0.0,0.0,0.0,0.0,,0.0,0.0,0.0,,0.0,0.0,0.0,0.0,0.0,0.0,,0.0,0.0,0.0,0.0,,,10.904925124490397,0.0,0.0,0.0,,0.0,0.0,0.0,0.0,13.094304566778266,0.0,11.037260313668911,0.0,0.0,0.0,,0.0,0.0,0.0,0.0,0.0,,,0.0,0.0,0.0,,0.0,9.011647870223289,0.0,0.0,,0.0,0.0,0.0,0.0,0.0,,0.0,0.0,0.0,0.0,0.0,,0.0,0.0,9.011647870223289,0.0,
9,,0.0,0.0,0.0,0.0,,13.094304566778266,0.0,0.0,,0.0,,0.0,0.0,0.0,10.904925124490397,0.0,0.0,0.0,0.0,0.0,0.0,,0.0,0.0,0.0,11.037260313668911,0.0,0.0,0.0,0.0,0.0,0.0,,0.0,0.0,0.0,0.0,0.0,0.0,0.0,0.0,0.0,0.0,,0.0,0.0,0.0,0.0,0.0,,10.904925124490397,0.0,0.0,0.0,,0.0,0.0,0.0,0.0,13.094304566778266,0.0,11.037260313668911,0.0,0.0,0.0,,0.0,0.0,0.0,0.0,0.0,0.0,0.0,0.0,0.0,0.0,,0.0,9.011647870223289,0.0,0.0,0.0,0.0,0.0,0.0,0.0,0.0,,0.0,,0.0,0.0,0.0,0.0,0.0,0.0,9.011647870223289,0.0,
10,,0.0,0.0,0.0,0.0,,13.094304566778266,0.0,0.0,,0.0,,0.0,0.0,0.0,10.904925124490397,0.0,0.0,0.0,0.0,0.0,0.0,,0.0,0.0,0.0,11.037260313668911,0.0,0.0,0.0,0.0,0.0,0.0,,0.0,0.0,0.0,0.0,0.0,0.0,0.0,0.0,0.0,0.0,,0.0,0.0,0.0,0.0,0.0,,10.904925124490397,0.0,0.0,0.0,,0.0,0.0,,0.0,13.094304566778266,0.0,11.037260313668911,0.0,0.0,0.0,,0.0,0.0,0.0,0.0,0.0,0.0,0.0,0.0,0.0,0.0,,0.0,9.011647870223289,0.0,0.0,0.0,0.0,0.0,,0.0,0.0,,0.0,,0.0,0.0,0.0,0.0,0.0,0.0,9.011647870223289,0.0,
11,,0.0,0.0,0.0,0.0,,13.094304566778266,,0.0,0.0,0.0,,0.0,0.0,0.0,10.904925124490397,0.0,0.0,0.0,0.0,0.0,0.0,,0.0,0.0,0.0,,,0.0,0.0,0.0,0.0,0.0,,0.0,0.0,0.0,0.0,0.0,0.0,0.0,0.0,0.0,0.0,,0.0,0.0,0.0,0.0,0.0,,10.904925124490397,0.0,0.0,0.0,,13.921795677048454,0.0,0.0,0.0,13.094304566778266,0.0,,0.0,0.0,13.921795677048454,,0.0,0.0,0.0,,0.0,,0.0,0.0,0.0,0.0,,0.0,9.011647870223289,0.0,0.0,0.0,0.0,0.0,0.0,0.0,0.0,,0.0,0.0,0.0,0.0,0.0,0.0,0.0,0.0,9.011647870223289,0.0,
12,,0.0,0.0,0.0,0.0,,13.094304566778266,0.0,0.0,0.0,0.0,,0.0,0.0,0.0,10.904925124490397,0.0,0.0,0.0,0.0,0.0,0.0,,0.0,0.0,0.0,11.037260313668911,,0.0,0.0,0.0,0.0,0.0,,0.0,0.0,0.0,0.0,0.0,,0.0,0.0,0.0,0.0,,0.0,0.0,0.0,0.0,0.0,,10.904925124490397,0.0,0.0,0.0,,13.921795677048454,0.0,0.0,0.0,13.094304566778266,0.0,11.037260313668911,0.0,0.0,13.921795677048454,,0.0,0.0,0.0,0.0,0.0,,0.0,0.0,0.0,0.0,,0.0,9.011647870223289,0.0,0.0,0.0,0.0,0.0,0.0,0.0,0.0,,0.0,0.0,0.0,0.0,,0.0,0.0,0.0,9.011647870223289,0.0,
13,,0.0,0.0,0.0,0.0,,13.094304566778266,0.0,0.0,0.0,0.0,,0.0,0.0,0.0,10.904925124490397,0.0,0.0,0.0,0.0,0.0,0.0,,0.0,0.0,0.0,11.037260313668911,0.0,0.0,0.0,0.0,0.0,0.0,,0.0,0.0,0.0,0.0,0.0,0.0,0.0,0.0,0.0,0.0,,0.0,0.0,0.0,0.0,0.0,,10.904925124490397,0.0,0.0,0.0,,13.921795677048454,0.0,0.0,0.0,13.094304566778266,0.0,11.037260313668911,0.0,0.0,13.921795677048454,,0.0,0.0,0.0,0.0,0.0,0.0,0.0,0.0,0.0,0.0,,0.0,9.011647870223289,0.0,0.0,0.0,0.0,0.0,0.0,0.0,0.0,,0.0,0.0,0.0,0.0,0.0,0.0,0.0,0.0,9.011647870223289,0.0,
14,,0.0,0.0,0.0,0.0,,13.094304566778266,0.0,0.0,0.0,0.0,,0.0,0.0,0.0,10.904925124490397,0.0,0.0,0.0,0.0,0.0,0.0,,0.0,0.0,0.0,11.037260313668911,0.0,0.0,0.0,0.0,0.0,0.0,,0.0,0.0,0.0,0.0,0.0,0.0,0.0,0.0,0.0,0.0,,0.0,0.0,0.0,0.0,0.0,,10.904925124490397,0.0,0.0,0.0,,13.921795677048454,0.0,0.0,0.0,13.094304566778266,0.0,11.037260313668911,0.0,0.0,13.921795677048454,,0.0,0.0,0.0,0.0,0.0,0.0,0.0,0.0,0.0,0.0,,0.0,9.011647870223289,0.0,0.0,0.0,0.0,0.0,0.0,0.0,0.0,,0.0,0.0,0.0,0.0,0.0,0.0,0.0,0.0,9.011647870223289,0.0,
15,,0.0,0.0,0.0,0.0,,13.094304566778266,0.0,0.0,0.0,0.0,,0.0,0.0,0.0,10.904925124490397,0.0,0.0,0.0,0.0,0.0,0.0,,0.0,0.0,0.0,11.037260313668911,0.0,0.0,0.0,0.0,0.0,0.0,,0.0,0.0,0.0,0.0,0.0,0.0,0.0,0.0,0.0,0.0,,0.0,0.0,0.0,0.0,0.0,,10.904925124490397,0.0,0.0,0.0,,13.921795677048454,0.0,0.0,0.0,13.094304566778266,0.0,11.037260313668911,0.0,0.0,13.921795677048454,,0.0,0.0,0.0,0.0,0.0,0.0,0.0,0.0,0.0,0.0,,0.0,9.011647870223289,0.0,0.0,0.0,0.0,0.0,0.0,0.0,0.0,,0.0,0.0,0.0,0.0,0.0,0.0,0.0,0.0,9.011647870223289,0.0,
16,,0.0,0.0,0.0,0.0,,13.094304566778266,0.0,0.0,0.0,0.0,,0.0,0.0,0.0,10.904925124490397,0.0,0.0,0.0,0.0,0.0,0.0,,0.0,0.0,0.0,11.037260313668911,0.0,0.0,0.0,0.0,0.0,0.0,,0.0,0.0,0.0,0.0,0.0,,0.0,0.0,0.0,0.0,,0.0,0.0,0.0,0.0,0.0,,10.904925124490397,0.0,0.0,0.0,,13.921795677048454,0.0,0.0,0.0,13.094304566778266,0.0,11.037260313668911,0.0,0.0,13.921795677048454,,0.0,0.0,0.0,0.0,0.0,0.0,0.0,0.0,0.0,0.0,,0.0,9.011647870223289,0.0,0.0,0.0,0.0,0.0,0.0,0.0,0.0,,0.0,0.0,0.0,0.0,,0.0,0.0,0.0,9.011647870223289,0.0,
17,,0.0,0.0,0.0,0.0,,13.094304566778266,0.0,0.0,,0.0,,0.0,0.0,0.0,10.904925124490397,0.0,,0.0,0.0,0.0,0.0,,0.0,0.0,0.0,11.037260313668911,0.0,0.0,0.0,0.0,0.0,0.0,,0.0,0.0,0.0,0.0,0.0,,0.0,0.0,0.0,0.0,,0.0,0.0,0.0,0.0,0.0,,10.904925124490397,0.0,0.0,0.0,,13.921795677048454,0.0,0.0,0.0,13.094304566778266,0.0,11.037260313668911,0.0,0.0,13.921795677048454,,0.0,0.0,0.0,0.0,,0.0,0.0,0.0,0.0,0.0,,0.0,9.011647870223289,0.0,0.0,0.0,0.0,0.0,0.0,0.0,0.0,,0.0,,0.0,0.0,,0.0,0.0,0.0,9.011647870223289,0.0,
18,,0.0,0.0,0.0,0.0,,13.094304566778266,0.0,0.0,0.0,0.0,,0.0,0.0,0.0,10.904925124490397,0.0,0.0,0.0,0.0,0.0,0.0,,0.0,0.0,0.0,,0.0,0.0,0.0,0.0,0.0,0.0,,0.0,0.0,0.0,0.0,0.0,0.0,0.0,0.0,0.0,0.0,,0.0,,0.0,0.0,0.0,,10.904925124490397,0.0,0.0,0.0,,13.921795677048454,0.0,0.0,0.0,13.094304566778266,0.0,,0.0,,13.921795677048454,,0.0,0.0,0.0,0.0,0.0,0.0,0.0,0.0,0.0,0.0,,0.0,9.011647870223289,0.0,0.0,0.0,0.0,0.0,0.0,0.0,0.0,,0.0,0.0,0.0,0.0,0.0,0.0,0.0,0.0,9.011647870223289,0.0,
19,,0.0,0.0,0.0,0.0,,13.094304566778266,0.0,0.0,0.0,0.0,,0.0,0.0,0.0,10.904925124490397,0.0,0.0,,0.0,0.0,0.0,,0.0,0.0,0.0,11.037260313668911,0.0,0.0,0.0,0.0,0.0,0.0,,0.0,0.0,0.0,,0.0,0.0,0.0,0.0,0.0,0.0,,0.0,0.0,0.0,0.0,0.0,,10.904925124490397,0.0,0.0,0.0,,13.921795677048454,0.0,0.0,0.0,13.094304566778266,0.0,11.037260313668911,0.0,0.0,13.921795677048454,,0.0,0.0,0.0,0.0,0.0,0.0,,0.0,0.0,0.0,,0.0,9.011647870223289,0.0,,0.0,0.0,0.0,0.0,0.0,0.0,,0.0,0.0,0.0,0.0,0.0,0.0,0.0,0.0,9.011647870223289,0.0,
20,,,0.0,0.0,0.0,,13.094304566778266,0.0,0.0,0.0,,,0.0,13.341104266407502,0.0,10.904925124490397,,0.0,0.0,0.0,0.0,0.0,,0.0,0.0,0.0,11.037260313668911,0.0,0.0,0.0,0.0,13.341104266407502,0.0,,0.0,0.0,0.0,,0.0,,0.0,0.0,0.0,0.0,,0.0,0.0,0.0,0.0,0.0,,10.904925124490397,0.0,0.0,0.0,,13.921795677048454,0.0,0.0,0.0,13.094304566778266,,11.037260313668911,0.0,0.0,13.921795677048454,,0.0,0.0,0.0,0.0,0.0,0.0,,0.0,0.0,0.0,,0.0,,0.0,0.0,0.0,0.0,0.0,0.0,0.0,0.0,,0.0,0.0,0.0,0.0,,0.0,0.0,0.0,,0.0,
21,,,0.0,0.0,0.0,,13.094304566778266,0.0,0.0,0.0,,,0.0,13.341104266407502,0.0,10.904925124490397,0.0,0.0,0.0,0.0,0.0,0.0,,0.0,0.0,0.0,11.037260313668911,0.0,0.0,0.0,0.0,13.341104266407502,0.0,,0.0,0.0,0.0,0.0,0.0,0.0,0.0,0.0,0.0,0.0,,0.0,,0.0,0.0,0.0,,10.904925124490397,0.0,0.0,0.0,,13.921795677048454,0.0,0.0,0.0,13.094304566778266,0.0,11.037260313668911,0.0,,13.921795677048454,,0.0,0.0,0.0,0.0,0.0,0.0,0.0,0.0,0.0,0.0,,0.0,9.011647870223289,0.0,0.0,0.0,0.0,0.0,0.0,0.0,0.0,,0.0,0.0,0.0,0.0,0.0,0.0,0.0,0.0,9.011647870223289,0.0,
22,,,0.0,0.0,0.0,,13.094304566778266,0.0,0.0,0.0,,,0.0,13.341104266407502,0.0,10.904925124490397,0.0,0.0,0.0,0.0,0.0,0.0,,0.0,0.0,0.0,11.037260313668911,0.0,0.0,0.0,0.0,13.341104266407502,0.0,,0.0,0.0,0.0,0.0,0.0,0.0,0.0,0.0,0.0,0.0,,0.0,0.0,0.0,0.0,0.0,,10.904925124490397,0.0,0.0,0.0,,13.921795677048454,0.0,0.0,0.0,13.094304566778266,0.0,11.037260313668911,0.0,0.0,13.921795677048454,,0.0,0.0,0.0,0.0,0.0,0.0,0.0,0.0,0.0,0.0,,0.0,9.011647870223289,0.0,0.0,0.0,0.0,0.0,0.0,0.0,0.0,,0.0,0.0,0.0,0.0,0.0,0.0,0.0,0.0,9.011647870223289,0.0,
23,,,0.0,0.0,0.0,,13.094304566778266,0.0,0.0,0.0,,,0.0,13.341104266407502,0.0,10.904925124490397,0.0,0.0,,,0.0,0.0,,0.0,0.0,0.0,11.037260313668911,0.0,0.0,0.0,0.0,13.341104266407502,0.0,,0.0,0.0,0.0,0.0,0.0,0.0,0.0,0.0,0.0,0.0,,0.0,0.0,0.0,0.0,0.0,,10.904925124490397,0.0,0.0,0.0,,13.921795677048454,0.0,0.0,0.0,13.094304566778266,0.0,11.037260313668911,0.0,0.0,13.921795677048454,,0.0,0.0,0.0,0.0,0.0,0.0,0.0,0.0,0.0,0.0,,0.0,9.011647870223289,0.0,,0.0,0.0,0.0,0.0,0.0,0.0,,0.0,0.0,,0.0,0.0,0.0,0.0,0.0,9.011647870223289,0.0,
24,,,0.0,0.0,0.0,,13.094304566778266,,0.0,0.0,,,0.0,13.341104266407502,0.0,10.904925124490397,,0.0,0.0,0.0,0.0,0.0,,0.0,0.0,0.0,11.037260313668911,0.0,0.0,0.0,0.0,13.341104266407502,0.0,,0.0,0.0,0.0,0.0,0.0,0.0,0.0,0.0,0.0,0.0,,0.0,,0.0,0.0,0.0,,10.904925124490397,0.0,0.0,0.0,,13.921795677048454,0.0,,0.0,13.094304566778266,,11.037260313668911,0.0,,13.921795677048454,,0.0,0.0,0.0,,0.0,0.0,0.0,0.0,0.0,0.0,,0.0,9.011647870223289,0.0,0.0,0.0,0.0,0.0,,0.0,0.0,,0.0,0.0,0.0,0.0,0.0,0.0,0.0,0.0,9.011647870223289,0.0,
25,,,0.0,0.0,0.0,,13.094304566778266,0.0,0.0,0.0,,,0.0,13.341104266407502,0.0,10.904925124490397,0.0,0.0,0.0,,0.0,0.0,,0.0,0.0,0.0,11.037260313668911,0.0,0.0,0.0,0.0,13.341104266407502,0.0,,0.0,0.0,0.0,0.0,0.0,,0.0,0.0,0.0,0.0,,0.0,0.0,0.0,0.0,0.0,,10.904925124490397,0.0,0.0,0.0,,13.921795677048454,0.0,0.0,5.265359696838637,13.094304566778266,0.0,11.037260313668911,0.0,0.0,13.921795677048454,,0.0,0.0,0.0,0.0,0.0,0.0,0.0,0.0,0.0,0.0,,0.0,9.011647870223289,0.0,0.0,0.0,0.0,0.0,0.0,0.0,0.0,,0.0,0.0,,0.0,,0.0,5.265359696838637,0.0,9.011647870223289,0.0,
26,,,0.0,0.0,0.0,,13.094304566778266,0.0,0.0,0.0,,,0.0,13.341104266407502,0.0,10.904925124490397,0.0,0.0,0.0,0.0,0.0,0.0,,0.0,0.0,0.0,11.037260313668911,0.0,0.0,0.0,0.0,13.341104266407502,0.0,,0.0,0.0,0.0,8.701809671168826,0.0,0.0,0.0,0.0,0.0,0.0,,0.0,,0.0,0.0,0.0,,10.904925124490397,0.0,0.0,0.0,,13.921795677048454,0.0,0.0,5.265359696838637,13.094304566778266,0.0,11.037260313668911,0.0,,13.921795677048454,,0.0,0.0,,0.0,0.0,0.0,8.701809671168826,0.0,0.0,0.0,,0.0,9.011647870223289,0.0,0.0,0.0,0.0,0.0,0.0,0.0,0.0,,0.0,0.0,0.0,0.0,0.0,0.0,5.265359696838637,,9.011647870223289,0.0,
27,,,0.0,0.0,0.0,,13.094304566778266,0.0,7.7787134167164185,0.0,,,0.0,13.341104266407502,0.0,10.904925124490397,0.0,0.0,0.0,,0.0,0.0,,0.0,0.0,0.0,11.037260313668911,0.0,0.0,0.0,0.0,13.341104266407502,0.0,,0.0,0.0,0.0,8.701809671168826,0.0,0.0,0.0,0.0,0.0,0.0,,0.0,,0.0,0.0,0.0,,10.904925124490397,0.0,0.0,0.0,,13.921795677048454,5.297972194380703,0.0,5.265359696838637,13.094304566778266,0.0,11.037260313668911,0.0,,13.921795677048454,,0.0,0.0,0.0,0.0,0.0,0.0,8.701809671168826,0.0,5.297972194380703,0.0,,,9.011647870223289,7.7787134167164185,0.0,0.0,0.0,0.0,0.0,0.0,,,0.0,0.0,,0.0,0.0,0.0,5.265359696838637,0.0,9.011647870223289,0.0,
28,,,0.0,0.0,10.449414806032166,,13.094304566778266,0.0,7.7787134167164185,0.0,,,0.0,13.341104266407502,0.0,,0.0,11.881619584333132,0.0,0.0,0.0,0.0,,0.0,0.0,0.0,11.037260313668911,0.0,0.0,0.0,0.0,13.341104266407502,0.0,,0.0,0.0,0.0,8.701809671168826,0.0,0.0,10.449414806032166,0.0,0.0,0.0,,0.0,0.0,0.0,0.0,0.0,,,0.0,0.0,0.0,,13.921795677048454,5.297972194380703,0.0,5.265359696838637,13.094304566778266,0.0,11.037260313668911,0.0,0.0,13.921795677048454,,0.0,0.0,0.0,0.0,11.881619584333132,0.0,8.701809671168826,0.0,5.297972194380703,0.0,,0.0,9.011647870223289,7.7787134167164185,0.0,0.0,0.0,0.0,0.0,0.0,0.0,,0.0,0.0,0.0,0.0,0.0,0.0,5.265359696838637,0.0,9.011647870223289,0.0,
29,,,0.0,0.0,,,13.094304566778266,0.0,7.7787134167164185,0.0,,,0.0,13.341104266407502,0.0,10.904925124490397,0.0,11.881619584333132,0.0,12.759999115462449,0.0,0.0,,0.0,0.0,0.0,11.037260313668911,0.0,0.0,0.0,0.0,13.341104266407502,0.0,,0.0,0.0,0.0,8.701809671168826,0.0,0.0,,0.0,0.0,0.0,,0.0,0.0,0.0,,0.0,,10.904925124490397,0.0,0.0,0.0,,13.921795677048454,5.297972194380703,0.0,5.265359696838637,13.094304566778266,0.0,11.037260313668911,0.0,0.0,13.921795677048454,,0.0,0.0,0.0,0.0,11.881619584333132,0.0,8.701809671168826,0.0,5.297972194380703,0.0,,0.0,9.011647870223289,7.7787134167164185,0.0,0.0,0.0,,0.0,0.0,0.0,,0.0,0.0,12.759999115462449,0.0,0.0,0.0,5.265359696838637,0.0,9.011647870223289,0.0,
30,,,0.0,0.0,10.449414806032166,,13.094304566778266,0.0,7.7787134167164185,0.0,,,0.0,13.341104266407502,0.0,,0.0,11.881619584333132,0.0,12.759999115462449,0.0,0.0,,0.0,0.0,0.0,11.037260313668911,0.0,0.0,0.0,0.0,13.341104266407502,0.0,,0.0,0.0,0.0,8.701809671168826,0.0,,10.449414806032166,0.0,0.0,0.0,,0.0,0.0,0.0,,0.0,,,0.0,0.0,0.0,,13.921795677048454,5.297972194380703,0.0,5.265359696838637,13.094304566778266,0.0,11.037260313668911,0.0,0.0,13.921795677048454,,0.0,0.0,0.0,0.0,11.881619584333132,0.0,8.701809671168826,0.0,5.297972194380703,0.0,,0.0,9.011647870223289,7.7787134167164185,0.0,0.0,0.0,,0.0,0.0,0.0,,0.0,0.0,12.759999115462449,0.0,,0.0,5.265359696838637,0.0,9.011647870223289,0.0,
31,,,0.0,0.0,10.449414806032166,,13.094304566778266,0.0,7.7787134167164185,0.0,,,0.0,13.341104266407502,0.0,10.904925124490397,0.0,11.881619584333132,0.0,12.759999115462449,0.0,0.0,,0.0,0.0,12.415504997598328,11.037260313668911,0.0,0.0,0.0,0.0,13.341104266407502,0.0,,0.0,0.0,0.0,8.701809671168826,0.0,0.0,10.449414806032166,0.0,0.0,0.0,,0.0,0.0,0.0,,0.0,,10.904925124490397,12.415504997598328,0.0,0.0,,13.921795677048454,5.297972194380703,0.0,5.265359696838637,13.094304566778266,0.0,11.037260313668911,0.0,0.0,13.921795677048454,,0.0,0.0,0.0,0.0,11.881619584333132,0.0,8.701809671168826,0.0,5.297972194380703,0.0,,0.0,9.011647870223289,7.7787134167164185,0.0,0.0,0.0,,0.0,0.0,0.0,,0.0,0.0,12.759999115462449,0.0,0.0,0.0,5.265359696838637,0.0,9.011647870223289,0.0,
32,,,0.0,0.0,10.449414806032166,,13.094304566778266,0.0,7.7787134167164185,0.0,,,,13.341104266407502,0.0,10.904925124490397,0.0,11.881619584333132,0.0,12.759999115462449,0.0,,,0.0,0.0,12.415504997598328,11.037260313668911,0.0,0.0,0.0,0.0,13.341104266407502,0.0,,0.0,0.0,0.0,,0.0,0.0,10.449414806032166,0.0,0.0,0.0,,0.0,0.0,0.0,,0.0,,10.904925124490397,12.415504997598328,0.0,0.0,,,5.297972194380703,0.0,5.265359696838637,13.094304566778266,0.0,11.037260313668911,0.0,0.0,,,0.0,0.0,0.0,0.0,11.881619584333132,0.0,,0.0,5.297972194380703,0.0,,0.0,9.011647870223289,7.7787134167164185,0.0,0.0,0.0,,0.0,0.0,0.0,,0.0,0.0,12.759999115462449,0.0,0.0,0.0,5.265359696838637,0.0,9.011647870223289,0.0,
33,,,0.0,0.0,10.449414806032166,,13.094304566778266,0.0,7.7787134167164185,0.0,,,0.0,13.341104266407502,0.0,10.904925124490397,0.0,11.881619584333132,0.0,12.759999115462449,0.0,0.0,,0.0,0.0,12.415504997598328,11.037260313668911,0.0,0.0,0.0,0.0,13.341104266407502,0.0,,0.0,0.0,0.0,8.701809671168826,0.0,0.0,10.449414806032166,0.0,0.0,0.0,,0.0,0.0,0.0,,0.0,,10.904925124490397,12.415504997598328,0.0,0.0,,13.921795677048454,5.297972194380703,0.0,5.265359696838637,13.094304566778266,0.0,11.037260313668911,0.0,0.0,13.921795677048454,,0.0,0.0,0.0,0.0,11.881619584333132,0.0,8.701809671168826,0.0,5.297972194380703,0.0,,0.0,9.011647870223289,7.7787134167164185,0.0,0.0,0.0,,0.0,0.0,0.0,,0.0,0.0,12.759999115462449,0.0,0.0,0.0,5.265359696838637,0.0,9.011647870223289,0.0,
34,,,0.0,0.0,,,13.094304566778266,0.0,7.7787134167164185,0.0,,,0.0,13.341104266407502,0.0,10.904925124490397,0.0,11.881619584333132,0.0,12.759999115462449,0.0,0.0,,0.0,0.0,12.415504997598328,11.037260313668911,0.0,0.0,0.0,0.0,13.341104266407502,0.0,,0.0,0.0,0.0,8.701809671168826,0.0,0.0,,0.0,0.0,0.0,,0.0,0.0,0.0,,0.0,,10.904925124490397,12.415504997598328,0.0,0.0,,,,0.0,5.265359696838637,13.094304566778266,0.0,11.037260313668911,0.0,0.0,,,0.0,,0.0,0.0,11.881619584333132,0.0,8.701809671168826,0.0,,0.0,,0.0,9.011647870223289,7.7787134167164185,0.0,0.0,0.0,,0.0,,0.0,,0.0,0.0,12.759999115462449,0.0,0.0,0.0,5.265359696838637,0.0,9.011647870223289,0.0,
35,,,0.0,9.492090462838537,10.449414806032166,,13.094304566778266,0.0,7.7787134167164185,0.0,,,0.0,13.341104266407502,,10.904925124490397,,11.881619584333132,0.0,12.759999115462449,0.0,0.0,,0.0,0.0,12.415504997598328,,0.0,0.0,0.0,9.492090462838537,13.341104266407502,0.0,,0.0,0.0,0.0,8.701809671168826,0.0,0.0,10.449414806032166,,0.0,0.0,,0.0,0.0,0.0,,0.0,,10.904925124490397,12.415504997598328,0.0,0.0,,13.921795677048454,,0.0,5.265359696838637,13.094304566778266,,,0.0,0.0,13.921795677048454,,0.0,0.0,0.0,0.0,11.881619584333132,0.0,8.701809671168826,0.0,,0.0,,0.0,9.011647870223289,7.7787134167164185,0.0,0.0,0.0,,0.0,0.0,0.0,,0.0,0.0,12.759999115462449,0.0,0.0,0.0,5.265359696838637,0.0,9.011647870223289,0.0,
36,,,0.0,9.492090462838537,10.449414806032166,,13.094304566778266,0.0,7.7787134167164185,0.0,,,0.0,13.341104266407502,0.0,10.904925124490397,0.0,11.881619584333132,0.0,12.759999115462449,0.0,0.0,,0.0,0.0,12.415504997598328,11.037260313668911,0.0,0.0,0.0,9.492090462838537,13.341104266407502,0.0,,0.0,0.0,0.0,8.701809671168826,0.0,0.0,10.449414806032166,0.0,0.0,0.0,,0.0,0.0,0.0,,0.0,,10.904925124490397,12.415504997598328,0.0,0.0,,13.921795677048454,5.297972194380703,0.0,5.265359696838637,13.094304566778266,0.0,11.037260313668911,0.0,0.0,13.921795677048454,,0.0,0.0,0.0,0.0,11.881619584333132,0.0,8.701809671168826,0.0,5.297972194380703,0.0,,,9.011647870223289,7.7787134167164185,0.0,0.0,0.0,,0.0,0.0,,,0.0,0.0,12.759999115462449,0.0,0.0,0.0,5.265359696838637,0.0,9.011647870223289,0.0,
37,,,0.0,9.492090462838537,10.449414806032166,,13.094304566778266,0.0,7.7787134167164185,0.0,,,0.0,13.341104266407502,0.0,10.904925124490397,0.0,11.881619584333132,0.0,12.759999115462449,0.0,0.0,,0.0,0.0,12.415504997598328,11.037260313668911,0.0,5.788001980784582,0.0,9.492090462838537,13.341104266407502,0.0,,0.0,0.0,0.0,8.701809671168826,0.0,0.0,10.449414806032166,0.0,0.0,0.0,,0.0,0.0,7.278982756515468,,0.0,,10.904925124490397,12.415504997598328,0.0,0.0,,13.921795677048454,5.297972194380703,0.0,5.265359696838637,13.094304566778266,0.0,11.037260313668911,0.0,0.0,13.921795677048454,,0.0,0.0,0.0,0.0,11.881619584333132,0.0,8.701809671168826,7.278982756515468,5.297972194380703,0.0,,0.0,9.011647870223289,7.7787134167164185,0.0,5.788001980784582,0.0,,0.0,0.0,0.0,,0.0,0.0,12.759999115462449,0.0,0.0,0.0,5.265359696838637,0.0,9.011647870223289,0.0,
38,,,0.0,9.492090462838537,10.449414806032166,,13.094304566778266,0.0,7.7787134167164185,0.0,,,0.0,13.341104266407502,0.0,10.904925124490397,0.0,11.881619584333132,0.0,12.759999115462449,0.0,0.0,,0.0,0.0,12.415504997598328,11.037260313668911,0.0,5.788001980784582,0.0,9.492090462838537,13.341104266407502,0.0,,0.0,0.0,0.0,8.701809671168826,0.0,0.0,10.449414806032166,0.0,0.0,0.0,,0.0,0.0,7.278982756515468,,0.0,,10.904925124490397,12.415504997598328,0.0,0.0,,13.921795677048454,5.297972194380703,0.0,5.265359696838637,13.094304566778266,0.0,11.037260313668911,0.0,0.0,13.921795677048454,,0.0,0.0,0.0,0.0,11.881619584333132,0.0,8.701809671168826,7.278982756515468,5.297972194380703,0.0,,0.0,9.011647870223289,7.7787134167164185,0.0,5.788001980784582,0.0,,0.0,0.0,0.0,,0.0,0.0,12.759999115462449,0.0,0.0,0.0,5.265359696838637,0.0,9.011647870223289,0.0,
39,,,0.0,9.492090462838537,10.449414806032166,,13.094304566778266,0.0,7.7787134167164185,,,,0.0,13.341104266407502,0.0,10.904925124490397,0.0,11.881619584333132,0.0,,0.0,0.0,,0.0,0.0,12.415504997598328,11.037260313668911,0.0,5.788001980784582,0.0,9.492090462838537,13.341104266407502,0.0,,0.0,0.0,0.0,8.701809671168826,0.0,0.0,10.449414806032166,0.0,0.0,0.0,,0.0,0.0,7.278982756515468,,0.0,,10.904925124490397,12.415504997598328,0.0,0.0,,13.921795677048454,5.297972194380703,0.0,5.265359696838637,13.094304566778266,0.0,11.037260313668911,0.0,0.0,13.921795677048454,,,0.0,0.0,0.0,11.881619584333132,0.0,8.701809671168826,7.278982756515468,5.297972194380703,,,0.0,9.011647870223289,7.7787134167164185,0.0,5.788001980784582,0.0,,0.0,0.0,0.0,,0.0,,,0.0,0.0,0.0,5.265359696838637,0.0,9.011647870223289,0.0,
40,,,0.0,9.492090462838537,10.449414806032166,,13.094304566778266,0.0,7.7787134167164185,0.0,,,0.0,13.341104266407502,0.0,10.904925124490397,0.0,11.881619584333132,0.0,12.759999115462449,0.0,0.0,,0.0,0.0,12.415504997598328,11.037260313668911,0.0,5.788001980784582,0.0,9.492090462838537,13.341104266407502,0.0,,0.0,0.0,0.0,8.701809671168826,0.0,0.0,10.449414806032166,0.0,0.0,0.0,,0.0,,7.278982756515468,,0.0,,10.904925124490397,12.415504997598328,0.0,0.0,,13.921795677048454,5.297972194380703,0.0,5.265359696838637,13.094304566778266,0.0,11.037260313668911,0.0,,13.921795677048454,,0.0,0.0,0.0,0.0,11.881619584333132,0.0,8.701809671168826,7.278982756515468,5.297972194380703,0.0,,13.218025940068083,9.011647870223289,7.7787134167164185,0.0,5.788001980784582,0.0,,0.0,0.0,13.218025940068083,,0.0,0.0,12.759999115462449,0.0,0.0,0.0,5.265359696838637,0.0,9.011647870223289,0.0,
41,,,0.0,9.492090462838537,10.449414806032166,,13.094304566778266,0.0,7.7787134167164185,0.0,,,0.0,13.341104266407502,0.0,10.904925124490397,0.0,11.881619584333132,0.0,12.759999115462449,0.0,0.0,,0.0,0.0,12.415504997598328,11.037260313668911,0.0,5.788001980784582,0.0,9.492090462838537,13.341104266407502,0.0,,0.0,0.0,0.0,8.701809671168826,0.0,0.0,10.449414806032166,0.0,0.0,0.0,,0.0,0.0,7.278982756515468,,0.0,,10.904925124490397,12.415504997598328,0.0,0.0,,13.921795677048454,5.297972194380703,0.0,5.265359696838637,13.094304566778266,0.0,11.037260313668911,0.0,0.0,13.921795677048454,,,0.0,0.0,0.0,11.881619584333132,0.0,8.701809671168826,7.278982756515468,5.297972194380703,,,13.218025940068083,9.011647870223289,7.7787134167164185,0.0,5.788001980784582,0.0,,0.0,0.0,13.218025940068083,,0.0,0.0,12.759999115462449,0.0,0.0,0.0,5.265359696838637,0.0,9.011647870223289,0.0,
42,,,0.0,9.492090462838537,10.449414806032166,,13.094304566778266,0.0,7.7787134167164185,0.0,,,0.0,13.341104266407502,0.0,10.904925124490397,0.0,,0.0,12.759999115462449,0.0,0.0,,0.0,0.0,12.415504997598328,11.037260313668911,,5.788001980784582,0.0,9.492090462838537,13.341104266407502,0.0,,0.0,0.0,0.0,8.701809671168826,0.0,0.0,10.449414806032166,0.0,0.0,0.0,,0.0,0.0,7.278982756515468,,0.0,,10.904925124490397,12.415504997598328,0.0,0.0,,13.921795677048454,5.297972194380703,0.0,5.265359696838637,13.094304566778266,0.0,11.037260313668911,0.0,0.0,13.921795677048454,,0.0,0.0,0.0,0.0,,,8.701809671168826,7.278982756515468,5.297972194380703,0.0,,13.218025940068083,9.011647870223289,7.7787134167164185,0.0,5.788001980784582,0.0,,0.0,0.0,13.218025940068083,,0.0,0.0,12.759999115462449,0.0,0.0,0.0,5.265359696838637,0.0,9.011647870223289,0.0,
43,,,0.0,9.492090462838537,10.449414806032166,,,11.981393949882268,7.7787134167164185,,,,0.0,13.341104266407502,0.0,10.904925124490397,0.0,11.881619584333132,0.0,12.759999115462449,0.0,0.0,,0.0,0.0,12.415504997598328,11.037260313668911,0.0,5.788001980784582,0.0,9.492090462838537,13.341104266407502,0.0,,0.0,0.0,0.0,8.701809671168826,0.0,0.0,10.449414806032166,0.0,0.0,0.0,,0.0,0.0,7.278982756515468,,0.0,,10.904925124490397,12.415504997598328,0.0,0.0,,13.921795677048454,5.297972194380703,0.0,5.265359696838637,,0.0,11.037260313668911,0.0,0.0,13.921795677048454,,,0.0,0.0,11.981393949882268,11.881619584333132,0.0,8.701809671168826,7.278982756515468,5.297972194380703,,,13.218025940068083,9.011647870223289,7.7787134167164185,0.0,5.788001980784582,0.0,,0.0,0.0,13.218025940068083,,0.0,,12.759999115462449,0.0,0.0,0.0,5.265359696838637,0.0,9.011647870223289,0.0,
44,,,0.0,9.492090462838537,10.449414806032166,,13.094304566778266,11.981393949882268,7.7787134167164185,,,,0.0,13.341104266407502,,10.904925124490397,0.0,11.881619584333132,0.0,12.759999115462449,0.0,0.0,,5.96716376833464,0.0,12.415504997598328,11.037260313668911,0.0,5.788001980784582,0.0,9.492090462838537,13.341104266407502,5.96716376833464,,0.0,0.0,0.0,8.701809671168826,0.0,0.0,10.449414806032166,,0.0,0.0,,0.0,0.0,7.278982756515468,,0.0,,10.904925124490397,12.415504997598328,0.0,0.0,,13.921795677048454,5.297972194380703,0.0,5.265359696838637,13.094304566778266,0.0,11.037260313668911,0.0,0.0,13.921795677048454,,0.0,0.0,0.0,11.981393949882268,11.881619584333132,0.0,8.701809671168826,7.278982756515468,5.297972194380703,0.0,,13.218025940068083,9.011647870223289,7.7787134167164185,0.0,5.788001980784582,0.0,,0.0,0.0,13.218025940068083,,0.0,,12.759999115462449,0.0,0.0,0.0,5.265359696838637,0.0,9.011647870223289,0.0,
45,,,0.0,9.492090462838537,10.449414806032166,,13.094304566778266,11.981393949882268,7.7787134167164185,,,,0.0,13.341104266407502,0.0,10.904925124490397,0.0,11.881619584333132,0.0,12.759999115462449,0.0,0.0,,5.96716376833464,0.0,12.415504997598328,11.037260313668911,0.0,5.788001980784582,0.0,9.492090462838537,13.341104266407502,5.96716376833464,,0.0,0.0,0.0,8.701809671168826,0.0,0.0,10.449414806032166,0.0,0.0,0.0,,0.0,0.0,7.278982756515468,,0.0,,10.904925124490397,12.415504997598328,0.0,0.0,,13.921795677048454,5.297972194380703,0.0,5.265359696838637,13.094304566778266,0.0,11.037260313668911,0.0,0.0,13.921795677048454,,0.0,0.0,0.0,11.981393949882268,11.881619584333132,0.0,8.701809671168826,7.278982756515468,5.297972194380703,0.0,,13.218025940068083,9.011647870223289,7.7787134167164185,0.0,5.788001980784582,0.0,,0.0,0.0,13.218025940068083,,0.0,,12.759999115462449,0.0,0.0,0.0,5.265359696838637,0.0,9.011647870223289,0.0,
46,,,0.0,9.492090462838537,10.449414806032166,,13.094304566778266,11.981393949882268,7.7787134167164185,,,,0.0,13.341104266407502,0.0,10.904925124490397,0.0,11.881619584333132,0.0,12.759999115462449,0.0,0.0,,5.96716376833464,0.0,12.415504997598328,11.037260313668911,0.0,5.788001980784582,0.0,9.492090462838537,13.341104266407502,5.96716376833464,,13.85451747936807,0.0,0.0,8.701809671168826,0.0,0.0,10.449414806032166,0.0,0.0,13.85451747936807,,0.0,0.0,7.278982756515468,,0.0,,10.904925124490397,12.415504997598328,0.0,0.0,,13.921795677048454,5.297972194380703,0.0,5.265359696838637,13.094304566778266,0.0,11.037260313668911,0.0,0.0,13.921795677048454,,0.0,0.0,0.0,11.981393949882268,11.881619584333132,0.0,8.701809671168826,7.278982756515468,5.297972194380703,0.0,,13.218025940068083,9.011647870223289,7.7787134167164185,0.0,5.788001980784582,0.0,,0.0,0.0,13.218025940068083,,0.0,,12.759999115462449,0.0,0.0,0.0,5.265359696838637,0.0,9.011647870223289,0.0,
47,,,0.0,,10.449414806032166,,13.094304566778266,11.981393949882268,7.7787134167164185,,,,0.0,13.341104266407502,0.0,10.904925124490397,0.0,11.881619584333132,0.0,12.759999115462449,0.0,0.0,,5.96716376833464,0.0,12.415504997598328,11.037260313668911,0.0,5.788001980784582,0.0,,13.341104266407502,5.96716376833464,,13.85451747936807,0.0,0.0,8.701809671168826,0.0,0.0,10.449414806032166,0.0,0.0,13.85451747936807,,0.0,0.0,7.278982756515468,,0.0,,10.904925124490397,12.415504997598328,0.0,0.0,,13.921795677048454,5.297972194380703,0.0,5.265359696838637,13.094304566778266,0.0,11.037260313668911,0.0,0.0,13.921795677048454,,0.0,0.0,0.0,11.981393949882268,11.881619584333132,0.0,8.701809671168826,7.278982756515468,5.297972194380703,0.0,,13.218025940068083,9.011647870223289,7.7787134167164185,0.0,5.788001980784582,0.0,,0.0,0.0,13.218025940068083,,0.0,,12.759999115462449,0.0,0.0,0.0,5.265359696838637,0.0,9.011647870223289,0.0,
48,,,0.0,9.492090462838537,10.449414806032166,,13.094304566778266,11.981393949882268,7.7787134167164185,,,,0.0,13.341104266407502,0.0,10.904925124490397,0.0,11.881619584333132,0.0,12.759999115462449,0.0,0.0,,5.96716376833464,6.022102765198487,12.415504997598328,11.037260313668911,6.248261628532093,5.788001980784582,0.0,9.492090462838537,13.341104266407502,5.96716376833464,,13.85451747936807,0.0,0.0,8.701809671168826,0.0,0.0,10.449414806032166,0.0,6.022102765198487,13.85451747936807,,0.0,,7.278982756515468,,13.664836667552699,,10.904925124490397,12.415504997598328,0.0,0.0,,13.921795677048454,5.297972194380703,0.0,5.265359696838637,13.094304566778266,0.0,11.037260313668911,0.0,,13.921795677048454,,0.0,0.0,0.0,11.981393949882268,11.881619584333132,6.248261628532093,8.701809671168826,7.278982756515468,5.297972194380703,0.0,,13.218025940068083,9.011647870223289,7.7787134167164185,0.0,5.788001980784582,0.0,,0.0,0.0,13.218025940068083,,0.0,,12.759999115462449,0.0,0.0,13.664836667552699,5.265359696838637,0.0,9.011647870223289,0.0,
49,,,0.0,9.492090462838537,,,13.094304566778266,11.981393949882268,7.7787134167164185,,,,0.0,13.341104266407502,0.0,10.904925124490397,0.0,11.881619584333132,0.0,,0.0,0.0,,5.96716376833464,6.022102765198487,12.415504997598328,11.037260313668911,6.248261628532093,5.788001980784582,0.0,9.492090462838537,13.341104266407502,5.96716376833464,,13.85451747936807,0.0,0.0,8.701809671168826,0.0,0.0,,0.0,6.022102765198487,13.85451747936807,,0.0,0.0,7.278982756515468,,13.664836667552699,,10.904925124490397,12.415504997598328,0.0,0.0,,13.921795677048454,5.297972194380703,0.0,5.265359696838637,13.094304566778266,0.0,11.037260313668911,0.0,0.0,13.921795677048454,,0.0,0.0,0.0,11.981393949882268,11.881619584333132,6.248261628532093,8.701809671168826,7.278982756515468,5.297972194380703,0.0,,13.218025940068083,9.011647870223289,7.7787134167164185,0.0,5.788001980784582,0.0,,0.0,0.0,13.218025940068083,,0.0,,,0.0,0.0,13.664836667552699,5.265359696838637,0.0,9.011647870223289,0.0,
50,,,0.0,9.492090462838537,10.449414806032166,,13.094304566778266,11.981393949882268,7.7787134167164185,,,,0.0,13.341104266407502,0.0,10.904925124490397,0.0,11.881619584333132,0.0,12.759999115462449,0.0,0.0,,5.96716376833464,6.022102765198487,12.415504997598328,11.037260313668911,6.248261628532093,5.788001980784582,0.0,9.492090462838537,13.341104266407502,5.96716376833464,,13.85451747936807,0.0,0.0,8.701809671168826,0.0,0.0,10.449414806032166,0.0,6.022102765198487,13.85451747936807,,,0.0,7.278982756515468,,13.664836667552699,,10.904925124490397,12.415504997598328,0.0,,,13.921795677048454,5.297972194380703,0.0,5.265359696838637,13.094304566778266,0.0,11.037260313668911,0.0,0.0,13.921795677048454,,0.0,0.0,0.0,11.981393949882268,11.881619584333132,6.248261628532093,8.701809671168826,7.278982756515468,5.297972194380703,0.0,,13.218025940068083,9.011647870223289,7.7787134167164185,0.0,5.788001980784582,0.0,,0.0,0.0,13.218025940068083,,0.0,,12.759999115462449,0.0,0.0,13.664836667552699,5.265359696838637,0.0,9.011647870223289,0.0,
51,,,0.0,9.492090462838537,10.449414806032166,,,11.981393949882268,7.7787134167164185,,,,0.0,13.341104266407502,0.0,10.904925124490397,0.0,11.881619584333132,0.0,12.759999115462449,0.0,0.0,,5.96716376833464,6.022102765198487,12.415504997598328,11.037260313668911,6.248261628532093,5.788001980784582,0.0,9.492090462838537,13.341104266407502,5.96716376833464,,13.85451747936807,0.0,0.0,8.701809671168826,0.0,0.0,10.449414806032166,0.0,6.022102765198487,13.85451747936807,,0.0,0.0,7.278982756515468,,13.664836667552699,,10.904925124490397,12.415504997598328,0.0,0.0,,13.921795677048454,5.297972194380703,0.0,5.265359696838637,,0.0,11.037260313668911,0.0,0.0,13.921795677048454,,0.0,0.0,0.0,11.981393949882268,11.881619584333132,6.248261628532093,8.701809671168826,7.278982756515468,5.297972194380703,0.0,,13.218025940068083,9.011647870223289,7.7787134167164185,0.0,5.788001980784582,0.0,,0.0,0.0,13.218025940068083,,0.0,,12.759999115462449,0.0,0.0,13.664836667552699,5.265359696838637,0.0,9.011647870223289,0.0,
52,,,0.0,9.492090462838537,10.449414806032166,,13.094304566778266,11.981393949882268,7.7787134167164185,,,,0.0,13.341104266407502,0.0,10.904925124490397,0.0,11.881619584333132,0.0,12.759999115462449,0.0,0.0,,5.96716376833464,6.022102765198487,12.415504997598328,11.037260313668911,6.248261628532093,5.788001980784582,0.0,9.492090462838537,13.341104266407502,5.96716376833464,,13.85451747936807,0.0,0.0,8.701809671168826,0.0,0.0,10.449414806032166,0.0,6.022102765198487,13.85451747936807,,0.0,0.0,7.278982756515468,,13.664836667552699,,10.904925124490397,12.415504997598328,0.0,0.0,,13.921795677048454,5.297972194380703,0.0,5.265359696838637,13.094304566778266,0.0,11.037260313668911,0.0,0.0,13.921795677048454,,0.0,0.0,0.0,11.981393949882268,11.881619584333132,6.248261628532093,8.701809671168826,7.278982756515468,5.297972194380703,0.0,,13.218025940068083,9.011647870223289,7.7787134167164185,0.0,5.788001980784582,0.0,,0.0,0.0,13.218025940068083,,0.0,,12.759999115462449,0.0,0.0,13.664836667552699,5.265359696838637,0.0,9.011647870223289,0.0,
53,,,0.0,9.492090462838537,10.449414806032166,,13.094304566778266,11.981393949882268,7.7787134167164185,,,,0.0,13.341104266407502,0.0,10.904925124490397,0.0,11.881619584333132,0.0,12.759999115462449,0.0,0.0,,5.96716376833464,6.022102765198487,12.415504997598328,11.037260313668911,,5.788001980784582,0.0,9.492090462838537,13.341104266407502,5.96716376833464,,13.85451747936807,0.0,0.0,8.701809671168826,0.0,0.0,10.449414806032166,0.0,6.022102765198487,13.85451747936807,,0.0,0.0,7.278982756515468,,13.664836667552699,,10.904925124490397,12.415504997598328,0.0,0.0,,13.921795677048454,5.297972194380703,0.0,5.265359696838637,13.094304566778266,0.0,11.037260313668911,0.0,0.0,13.921795677048454,,0.0,0.0,0.0,11.981393949882268,11.881619584333132,,8.701809671168826,7.278982756515468,5.297972194380703,0.0,,13.218025940068083,9.011647870223289,7.7787134167164185,0.0,5.788001980784582,0.0,,0.0,0.0,13.218025940068083,,0.0,,12.759999115462449,0.0,0.0,13.664836667552699,5.265359696838637,0.0,9.011647870223289,0.0,
54,,,0.0,9.492090462838537,10.449414806032166,,,,7.7787134167164185,,,,,13.341104266407502,0.0,10.904925124490397,0.0,11.881619584333132,0.0,12.759999115462449,0.0,,,5.96716376833464,6.022102765198487,12.415504997598328,11.037260313668911,6.248261628532093,5.788001980784582,0.0,9.492090462838537,13.341104266407502,5.96716376833464,,13.85451747936807,0.0,0.0,8.701809671168826,0.0,0.0,10.449414806032166,0.0,6.022102765198487,13.85451747936807,,0.0,0.0,7.278982756515468,,13.664836667552699,,10.904925124490397,12.415504997598328,0.0,0.0,,13.921795677048454,5.297972194380703,,5.265359696838637,,0.0,11.037260313668911,0.0,0.0,13.921795677048454,,0.0,0.0,0.0,,11.881619584333132,6.248261628532093,8.701809671168826,7.278982756515468,5.297972194380703,0.0,,13.218025940068083,9.011647870223289,7.7787134167164185,0.0,5.788001980784582,0.0,,,0.0,13.218025940068083,,0.0,,12.759999115462449,0.0,0.0,13.664836667552699,5.265359696838637,0.0,9.011647870223289,0.0,
55,,,0.0,9.492090462838537,10.449414806032166,,13.094304566778266,11.981393949882268,7.7787134167164185,,,,0.0,13.341104266407502,0.0,10.904925124490397,0.0,11.881619584333132,0.0,12.759999115462449,0.0,0.0,,5.96716376833464,6.022102765198487,12.415504997598328,11.037260313668911,6.248261628532093,5.788001980784582,0.0,9.492090462838537,13.341104266407502,5.96716376833464,,13.85451747936807,0.0,0.0,,0.0,0.0,10.449414806032166,0.0,6.022102765198487,13.85451747936807,,0.0,0.0,7.278982756515468,,13.664836667552699,,10.904925124490397,12.415504997598328,0.0,0.0,,13.921795677048454,5.297972194380703,0.0,5.265359696838637,13.094304566778266,0.0,11.037260313668911,0.0,0.0,13.921795677048454,,0.0,0.0,0.0,11.981393949882268,11.881619584333132,6.248261628532093,,7.278982756515468,5.297972194380703,0.0,,13.218025940068083,9.011647870223289,7.7787134167164185,0.0,5.788001980784582,0.0,,0.0,0.0,13.218025940068083,,0.0,,12.759999115462449,0.0,0.0,13.664836667552699,5.265359696838637,0.0,9.011647870223289,0.0,
56,,,0.0,9.492090462838537,10.449414806032166,,13.094304566778266,11.981393949882268,7.7787134167164185,,,,0.0,13.341104266407502,0.0,10.904925124490397,,11.881619584333132,0.0,12.759999115462449,0.0,0.0,,5.96716376833464,6.022102765198487,12.415504997598328,11.037260313668911,6.248261628532093,5.788001980784582,0.0,9.492090462838537,13.341104266407502,5.96716376833464,,13.85451747936807,0.0,0.0,8.701809671168826,0.0,0.0,10.449414806032166,0.0,6.022102765198487,13.85451747936807,,0.0,0.0,7.278982756515468,,13.664836667552699,,10.904925124490397,12.415504997598328,0.0,0.0,,,5.297972194380703,0.0,5.265359696838637,13.094304566778266,,11.037260313668911,0.0,0.0,,,0.0,0.0,0.0,11.981393949882268,11.881619584333132,6.248261628532093,8.701809671168826,7.278982756515468,5.297972194380703,0.0,,13.218025940068083,9.011647870223289,7.7787134167164185,0.0,5.788001980784582,0.0,,0.0,0.0,13.218025940068083,,0.0,,12.759999115462449,0.0,0.0,13.664836667552699,5.265359696838637,0.0,9.011647870223289,0.0,
57,,,0.0,,10.449414806032166,,13.094304566778266,11.981393949882268,7.7787134167164185,,,,0.0,13.341104266407502,0.0,10.904925124490397,0.0,11.881619584333132,0.0,12.759999115462449,0.0,0.0,,5.96716376833464,6.022102765198487,12.415504997598328,11.037260313668911,6.248261628532093,5.788001980784582,0.0,,13.341104266407502,5.96716376833464,,13.85451747936807,0.0,0.0,8.701809671168826,0.0,0.0,10.449414806032166,0.0,6.022102765198487,13.85451747936807,,0.0,0.0,7.278982756515468,,13.664836667552699,,10.904925124490397,12.415504997598328,0.0,0.0,,13.921795677048454,5.297972194380703,0.0,5.265359696838637,13.094304566778266,0.0,11.037260313668911,0.0,0.0,13.921795677048454,,0.0,0.0,0.0,11.981393949882268,11.881619584333132,6.248261628532093,8.701809671168826,7.278982756515468,5.297972194380703,0.0,,13.218025940068083,9.011647870223289,7.7787134167164185,0.0,5.788001980784582,0.0,,0.0,0.0,13.218025940068083,,0.0,,12.759999115462449,0.0,0.0,13.664836667552699,5.265359696838637,0.0,9.011647870223289,0.0,
58,,,,9.492090462838537,10.449414806032166,,13.094304566778266,11.981393949882268,7.7787134167164185,,,,0.0,13.341104266407502,0.0,,0.0,11.881619584333132,0.0,,,0.0,,5.96716376833464,6.022102765198487,12.415504997598328,11.037260313668911,6.248261628532093,,0.0,9.492090462838537,13.341104266407502,5.96716376833464,,13.85451747936807,0.0,0.0,8.701809671168826,0.0,0.0,10.449414806032166,0.0,6.022102765198487,13.85451747936807,,0.0,0.0,7.278982756515468,,13.664836667552699,,,12.415504997598328,0.0,0.0,,13.921795677048454,5.297972194380703,0.0,5.265359696838637,13.094304566778266,0.0,11.037260313668911,0.0,0.0,13.921795677048454,,0.0,0.0,0.0,11.981393949882268,11.881619584333132,6.248261628532093,8.701809671168826,7.278982756515468,5.297972194380703,0.0,,,9.011647870223289,7.7787134167164185,0.0,,0.0,,0.0,0.0,,,0.0,,,0.0,0.0,13.664836667552699,5.265359696838637,0.0,9.011647870223289,0.0,
59,,,0.0,9.492090462838537,10.449414806032166,,13.094304566778266,11.981393949882268,7.7787134167164185,,,,0.0,13.341104266407502,0.0,10.904925124490397,0.0,11.881619584333132,0.0,,0.0,0.0,,5.96716376833464,6.022102765198487,12.415504997598328,11.037260313668911,6.248261628532093,5.788001980784582,0.0,9.492090462838537,13.341104266407502,5.96716376833464,,13.85451747936807,0.0,0.0,8.701809671168826,0.0,0.0,10.449414806032166,0.0,6.022102765198487,13.85451747936807,,0.0,0.0,7.278982756515468,,13.664836667552699,,10.904925124490397,12.415504997598328,0.0,0.0,,13.921795677048454,5.297972194380703,0.0,5.265359696838637,13.094304566778266,0.0,11.037260313668911,0.0,0.0,13.921795677048454,,0.0,7.448109251514262,0.0,11.981393949882268,11.881619584333132,6.248261628532093,8.701809671168826,7.278982756515468,5.297972194380703,0.0,,13.218025940068083,9.011647870223289,7.7787134167164185,0.0,5.788001980784582,0.0,,0.0,7.448109251514262,13.218025940068083,,0.0,,,0.0,0.0,13.664836667552699,5.265359696838637,0.0,9.011647870223289,0.0,
60,,,0.0,9.492090462838537,10.449414806032166,,13.094304566778266,11.981393949882268,7.7787134167164185,,,,0.0,13.341104266407502,0.0,10.904925124490397,0.0,11.881619584333132,0.0,12.759999115462449,0.0,0.0,,5.96716376833464,6.022102765198487,12.415504997598328,11.037260313668911,6.248261628532093,5.788001980784582,0.0,9.492090462838537,13.341104266407502,5.96716376833464,,13.85451747936807,0.0,0.0,8.701809671168826,0.0,0.0,10.449414806032166,0.0,6.022102765198487,13.85451747936807,,0.0,0.0,7.278982756515468,,13.664836667552699,,10.904925124490397,12.415504997598328,0.0,0.0,,13.921795677048454,5.297972194380703,0.0,5.265359696838637,13.094304566778266,0.0,11.037260313668911,0.0,0.0,13.921795677048454,,0.0,7.448109251514262,0.0,11.981393949882268,11.881619584333132,6.248261628532093,8.701809671168826,7.278982756515468,5.297972194380703,0.0,,13.218025940068083,9.011647870223289,7.7787134167164185,0.0,5.788001980784582,0.0,,0.0,7.448109251514262,13.218025940068083,,0.0,,12.759999115462449,0.0,0.0,13.664836667552699,5.265359696838637,0.0,9.011647870223289,0.0,
61,,,0.0,9.492090462838537,10.449414806032166,,13.094304566778266,11.981393949882268,7.7787134167164185,,,,0.0,13.341104266407502,0.0,10.904925124490397,0.0,11.881619584333132,0.0,12.759999115462449,0.0,0.0,,5.96716376833464,6.022102765198487,12.415504997598328,11.037260313668911,6.248261628532093,5.788001980784582,0.0,9.492090462838537,13.341104266407502,5.96716376833464,,13.85451747936807,0.0,0.0,8.701809671168826,0.0,0.0,10.449414806032166,0.0,6.022102765198487,13.85451747936807,,0.0,0.0,7.278982756515468,,13.664836667552699,,10.904925124490397,12.415504997598328,0.0,0.0,,,5.297972194380703,0.0,5.265359696838637,13.094304566778266,0.0,11.037260313668911,0.0,0.0,,,0.0,7.448109251514262,0.0,11.981393949882268,11.881619584333132,6.248261628532093,8.701809671168826,7.278982756515468,5.297972194380703,0.0,,13.218025940068083,9.011647870223289,7.7787134167164185,0.0,5.788001980784582,0.0,,0.0,7.448109251514262,13.218025940068083,,0.0,,12.759999115462449,0.0,0.0,13.664836667552699,5.265359696838637,0.0,9.011647870223289,0.0,
62,,,0.0,9.492090462838537,10.449414806032166,,13.094304566778266,11.981393949882268,7.7787134167164185,,,,0.0,13.341104266407502,0.0,10.904925124490397,0.0,11.881619584333132,0.0,12.759999115462449,0.0,0.0,,5.96716376833464,6.022102765198487,12.415504997598328,11.037260313668911,6.248261628532093,5.788001980784582,0.0,9.492090462838537,13.341104266407502,5.96716376833464,,13.85451747936807,0.0,0.0,8.701809671168826,0.0,0.0,10.449414806032166,0.0,6.022102765198487,13.85451747936807,,0.0,0.0,7.278982756515468,,13.664836667552699,,10.904925124490397,12.415504997598328,0.0,0.0,,13.921795677048454,5.297972194380703,,5.265359696838637,13.094304566778266,0.0,11.037260313668911,0.0,0.0,13.921795677048454,,0.0,7.448109251514262,0.0,11.981393949882268,11.881619584333132,6.248261628532093,8.701809671168826,7.278982756515468,5.297972194380703,0.0,,13.218025940068083,9.011647870223289,7.7787134167164185,0.0,5.788001980784582,0.0,,,7.448109251514262,13.218025940068083,,0.0,,12.759999115462449,0.0,0.0,13.664836667552699,5.265359696838637,0.0,9.011647870223289,0.0,
63,,,0.0,9.492090462838537,10.449414806032166,,13.094304566778266,11.981393949882268,7.7787134167164185,,,,0.0,13.341104266407502,0.0,10.904925124490397,0.0,11.881619584333132,0.0,12.759999115462449,0.0,0.0,,5.96716376833464,6.022102765198487,12.415504997598328,,6.248261628532093,5.788001980784582,0.0,9.492090462838537,13.341104266407502,5.96716376833464,,13.85451747936807,0.0,0.0,8.701809671168826,0.0,0.0,10.449414806032166,0.0,6.022102765198487,13.85451747936807,,0.0,0.0,7.278982756515468,,13.664836667552699,,10.904925124490397,12.415504997598328,0.0,0.0,,13.921795677048454,5.297972194380703,0.0,5.265359696838637,13.094304566778266,0.0,,0.0,0.0,13.921795677048454,,0.0,7.448109251514262,0.0,11.981393949882268,11.881619584333132,6.248261628532093,8.701809671168826,7.278982756515468,5.297972194380703,0.0,,13.218025940068083,9.011647870223289,7.7787134167164185,0.0,5.788001980784582,0.0,,0.0,7.448109251514262,13.218025940068083,,0.0,,12.759999115462449,0.0,0.0,13.664836667552699,5.265359696838637,0.0,9.011647870223289,0.0,
64,,,0.0,9.492090462838537,10.449414806032166,,13.094304566778266,11.981393949882268,7.7787134167164185,,,,0.0,13.341104266407502,0.0,10.904925124490397,0.0,11.881619584333132,0.0,12.759999115462449,0.0,0.0,,5.96716376833464,6.022102765198487,12.415504997598328,11.037260313668911,6.248261628532093,5.788001980784582,0.0,9.492090462838537,13.341104266407502,5.96716376833464,,13.85451747936807,0.0,0.0,8.701809671168826,0.0,0.0,10.449414806032166,0.0,6.022102765198487,13.85451747936807,,0.0,0.0,7.278982756515468,,13.664836667552699,,10.904925124490397,12.415504997598328,0.0,0.0,,13.921795677048454,5.297972194380703,0.0,5.265359696838637,13.094304566778266,0.0,11.037260313668911,0.0,0.0,13.921795677048454,,0.0,7.448109251514262,0.0,11.981393949882268,11.881619584333132,6.248261628532093,8.701809671168826,7.278982756515468,5.297972194380703,0.0,,13.218025940068083,,7.7787134167164185,0.0,5.788001980784582,0.0,,0.0,7.448109251514262,13.218025940068083,,0.0,,12.759999115462449,0.0,0.0,13.664836667552699,5.265359696838637,0.0,,0.0,
65,,,0.0,9.492090462838537,10.449414806032166,,13.094304566778266,11.981393949882268,7.7787134167164185,,,,0.0,13.341104266407502,0.0,10.904925124490397,0.0,,0.0,12.759999115462449,0.0,0.0,,5.96716376833464,6.022102765198487,12.415504997598328,11.037260313668911,6.248261628532093,5.788001980784582,0.0,9.492090462838537,13.341104266407502,5.96716376833464,,13.85451747936807,0.0,0.0,8.701809671168826,,0.0,10.449414806032166,0.0,6.022102765198487,13.85451747936807,,,0.0,7.278982756515468,,13.664836667552699,,10.904925124490397,12.415504997598328,0.0,,,13.921795677048454,5.297972194380703,0.0,5.265359696838637,13.094304566778266,0.0,11.037260313668911,0.0,0.0,13.921795677048454,,0.0,7.448109251514262,0.0,11.981393949882268,,6.248261628532093,8.701809671168826,7.278982756515468,5.297972194380703,0.0,,13.218025940068083,9.011647870223289,7.7787134167164185,0.0,5.788001980784582,,,0.0,7.448109251514262,13.218025940068083,,0.0,,12.759999115462449,0.0,0.0,13.664836667552699,5.265359696838637,0.0,9.011647870223289,0.0,
66,,,0.0,9.492090462838537,10.449414806032166,,13.094304566778266,11.981393949882268,7.7787134167164185,,,,0.0,13.341104266407502,0.0,10.904925124490397,0.0,11.881619584333132,0.0,12.759999115462449,0.0,0.0,,5.96716376833464,6.022102765198487,12.415504997598328,11.037260313668911,6.248261628532093,5.788001980784582,0.0,9.492090462838537,13.341104266407502,5.96716376833464,,13.85451747936807,0.0,0.0,8.701809671168826,0.0,,10.449414806032166,0.0,6.022102765198487,13.85451747936807,,0.0,0.0,7.278982756515468,,13.664836667552699,,10.904925124490397,12.415504997598328,0.0,0.0,,,5.297972194380703,0.0,5.265359696838637,13.094304566778266,0.0,11.037260313668911,0.0,0.0,,,0.0,7.448109251514262,0.0,11.981393949882268,11.881619584333132,6.248261628532093,8.701809671168826,7.278982756515468,5.297972194380703,0.0,,13.218025940068083,9.011647870223289,7.7787134167164185,0.0,5.788001980784582,0.0,,0.0,7.448109251514262,13.218025940068083,,0.0,,12.759999115462449,0.0,,13.664836667552699,5.265359696838637,0.0,9.011647870223289,0.0,
67,,,0.0,9.492090462838537,10.449414806032166,,13.094304566778266,11.981393949882268,7.7787134167164185,,,,0.0,13.341104266407502,0.0,10.904925124490397,0.0,,0.0,,0.0,0.0,,5.96716376833464,6.022102765198487,12.415504997598328,11.037260313668911,6.248261628532093,5.788001980784582,0.0,9.492090462838537,13.341104266407502,5.96716376833464,,13.85451747936807,0.0,0.0,8.701809671168826,0.0,0.0,10.449414806032166,0.0,6.022102765198487,13.85451747936807,,0.0,0.0,7.278982756515468,,13.664836667552699,,10.904925124490397,12.415504997598328,0.0,0.0,,13.921795677048454,5.297972194380703,0.0,5.265359696838637,13.094304566778266,0.0,11.037260313668911,0.0,0.0,13.921795677048454,,0.0,7.448109251514262,0.0,11.981393949882268,,6.248261628532093,8.701809671168826,7.278982756515468,5.297972194380703,0.0,,13.218025940068083,9.011647870223289,7.7787134167164185,0.0,5.788001980784582,0.0,,0.0,7.448109251514262,13.218025940068083,,0.0,,,0.0,0.0,13.664836667552699,5.265359696838637,0.0,9.011647870223289,0.0,
68,,,0.0,9.492090462838537,10.449414806032166,,13.094304566778266,11.981393949882268,7.7787134167164185,,,,12.297317866938178,13.341104266407502,0.0,10.904925124490397,0.0,11.881619584333132,0.0,12.759999115462449,0.0,12.297317866938178,,5.96716376833464,6.022102765198487,12.415504997598328,11.037260313668911,6.248261628532093,5.788001980784582,0.0,9.492090462838537,13.341104266407502,5.96716376833464,,13.85451747936807,0.0,0.0,8.701809671168826,0.0,0.0,10.449414806032166,0.0,6.022102765198487,13.85451747936807,,0.0,0.0,7.278982756515468,,13.664836667552699,,10.904925124490397,12.415504997598328,0.0,0.0,,13.921795677048454,5.297972194380703,0.0,5.265359696838637,13.094304566778266,0.0,11.037260313668911,0.0,0.0,13.921795677048454,,0.0,7.448109251514262,0.0,11.981393949882268,11.881619584333132,6.248261628532093,8.701809671168826,7.278982756515468,5.297972194380703,0.0,,13.218025940068083,9.011647870223289,7.7787134167164185,0.0,5.788001980784582,0.0,,0.0,7.448109251514262,13.218025940068083,,0.0,,12.759999115462449,0.0,0.0,13.664836667552699,5.265359696838637,0.0,9.011647870223289,0.0,
69,,,0.0,9.492090462838537,10.449414806032166,,13.094304566778266,11.981393949882268,7.7787134167164185,,,,12.297317866938178,13.341104266407502,0.0,10.904925124490397,0.0,11.881619584333132,0.0,12.759999115462449,0.0,12.297317866938178,,5.96716376833464,,12.415504997598328,11.037260313668911,6.248261628532093,5.788001980784582,0.0,9.492090462838537,13.341104266407502,5.96716376833464,,13.85451747936807,0.0,0.0,8.701809671168826,0.0,0.0,10.449414806032166,0.0,,13.85451747936807,,0.0,0.0,7.278982756515468,,13.664836667552699,,10.904925124490397,12.415504997598328,0.0,0.0,,13.921795677048454,5.297972194380703,0.0,5.265359696838637,13.094304566778266,0.0,11.037260313668911,0.0,0.0,13.921795677048454,,,7.448109251514262,0.0,11.981393949882268,11.881619584333132,6.248261628532093,8.701809671168826,7.278982756515468,5.297972194380703,,,13.218025940068083,9.011647870223289,7.7787134167164185,0.0,5.788001980784582,0.0,,0.0,7.448109251514262,13.218025940068083,,0.0,,12.759999115462449,0.0,0.0,13.664836667552699,5.265359696838637,0.0,9.011647870223289,0.0,
70,,,0.0,9.492090462838537,10.449414806032166,,,,7.7787134167164185,,,,12.297317866938178,13.341104266407502,0.0,10.904925124490397,0.0,11.881619584333132,0.0,12.759999115462449,0.0,12.297317866938178,,5.96716376833464,6.022102765198487,12.415504997598328,11.037260313668911,6.248261628532093,5.788001980784582,0.0,9.492090462838537,13.341104266407502,5.96716376833464,,13.85451747936807,0.0,0.0,8.701809671168826,0.0,0.0,10.449414806032166,0.0,6.022102765198487,13.85451747936807,,0.0,0.0,7.278982756515468,,13.664836667552699,,10.904925124490397,12.415504997598328,0.0,0.0,,13.921795677048454,5.297972194380703,,5.265359696838637,,0.0,11.037260313668911,0.0,0.0,13.921795677048454,,,7.448109251514262,0.0,,11.881619584333132,6.248261628532093,8.701809671168826,7.278982756515468,5.297972194380703,,,13.218025940068083,9.011647870223289,7.7787134167164185,0.0,5.788001980784582,0.0,,,7.448109251514262,13.218025940068083,,0.0,,12.759999115462449,0.0,0.0,13.664836667552699,5.265359696838637,0.0,9.011647870223289,0.0,
71,,,0.0,9.492090462838537,10.449414806032166,,13.094304566778266,11.981393949882268,7.7787134167164185,,,,12.297317866938178,13.341104266407502,0.0,10.904925124490397,,11.881619584333132,0.0,,0.0,12.297317866938178,,5.96716376833464,6.022102765198487,12.415504997598328,11.037260313668911,6.248261628532093,5.788001980784582,0.0,9.492090462838537,13.341104266407502,5.96716376833464,,13.85451747936807,0.0,0.0,8.701809671168826,0.0,0.0,10.449414806032166,0.0,6.022102765198487,13.85451747936807,,0.0,0.0,7.278982756515468,,13.664836667552699,,10.904925124490397,12.415504997598328,0.0,0.0,,13.921795677048454,5.297972194380703,0.0,5.265359696838637,13.094304566778266,,11.037260313668911,0.0,0.0,13.921795677048454,,0.0,7.448109251514262,0.0,11.981393949882268,11.881619584333132,6.248261628532093,8.701809671168826,7.278982756515468,5.297972194380703,0.0,,13.218025940068083,9.011647870223289,7.7787134167164185,0.0,5.788001980784582,0.0,,0.0,7.448109251514262,13.218025940068083,,0.0,,,0.0,0.0,13.664836667552699,5.265359696838637,0.0,9.011647870223289,0.0,
72,,,0.0,9.492090462838537,10.449414806032166,,13.094304566778266,11.981393949882268,7.7787134167164185,,,,12.297317866938178,13.341104266407502,0.0,10.904925124490397,0.0,11.881619584333132,0.0,12.759999115462449,0.0,12.297317866938178,,5.96716376833464,6.022102765198487,12.415504997598328,11.037260313668911,6.248261628532093,5.788001980784582,0.0,9.492090462838537,13.341104266407502,5.96716376833464,,13.85451747936807,0.0,0.0,8.701809671168826,0.0,0.0,10.449414806032166,0.0,6.022102765198487,13.85451747936807,,0.0,0.0,7.278982756515468,,13.664836667552699,,10.904925124490397,12.415504997598328,0.0,0.0,,13.921795677048454,5.297972194380703,0.0,5.265359696838637,13.094304566778266,0.0,11.037260313668911,0.0,0.0,13.921795677048454,,0.0,7.448109251514262,0.0,11.981393949882268,11.881619584333132,6.248261628532093,8.701809671168826,7.278982756515468,5.297972194380703,0.0,,13.218025940068083,9.011647870223289,7.7787134167164185,0.0,5.788001980784582,0.0,,0.0,7.448109251514262,13.218025940068083,,7.109828435863265,,12.759999115462449,0.0,0.0,13.664836667552699,5.265359696838637,0.0,9.011647870223289,7.109828435863265,
73,,,0.0,9.492090462838537,10.449414806032166,,13.094304566778266,11.981393949882268,7.7787134167164185,,,,12.297317866938178,13.341104266407502,0.0,10.904925124490397,0.0,11.881619584333132,0.0,,0.0,12.297317866938178,,5.96716376833464,6.022102765198487,12.415504997598328,11.037260313668911,6.248261628532093,5.788001980784582,0.0,9.492090462838537,13.341104266407502,5.96716376833464,,13.85451747936807,0.0,0.0,8.701809671168826,0.0,0.0,10.449414806032166,0.0,6.022102765198487,13.85451747936807,,0.0,0.0,7.278982756515468,,13.664836667552699,,10.904925124490397,12.415504997598328,0.0,0.0,,,5.297972194380703,0.0,5.265359696838637,13.094304566778266,0.0,11.037260313668911,0.0,0.0,,,0.0,7.448109251514262,0.0,11.981393949882268,11.881619584333132,6.248261628532093,8.701809671168826,7.278982756515468,5.297972194380703,0.0,,13.218025940068083,9.011647870223289,7.7787134167164185,0.0,5.788001980784582,0.0,,0.0,7.448109251514262,13.218025940068083,,7.109828435863265,,,0.0,0.0,13.664836667552699,5.265359696838637,0.0,9.011647870223289,7.109828435863265,
74,,,,9.492090462838537,10.449414806032166,,13.094304566778266,11.981393949882268,7.7787134167164185,,,,12.297317866938178,13.341104266407502,0.0,10.904925124490397,0.0,11.881619584333132,,12.759999115462449,,12.297317866938178,,5.96716376833464,6.022102765198487,12.415504997598328,11.037260313668911,6.248261628532093,,0.0,9.492090462838537,13.341104266407502,5.96716376833464,,13.85451747936807,0.0,0.0,8.701809671168826,0.0,0.0,10.449414806032166,0.0,6.022102765198487,13.85451747936807,,0.0,0.0,7.278982756515468,,13.664836667552699,,10.904925124490397,12.415504997598328,0.0,0.0,,13.921795677048454,5.297972194380703,0.0,5.265359696838637,13.094304566778266,0.0,11.037260313668911,0.0,0.0,13.921795677048454,,0.0,7.448109251514262,0.0,11.981393949882268,11.881619584333132,6.248261628532093,8.701809671168826,7.278982756515468,5.297972194380703,0.0,,13.218025940068083,9.011647870223289,7.7787134167164185,,,0.0,,0.0,7.448109251514262,13.218025940068083,,7.109828435863265,,12.759999115462449,0.0,0.0,13.664836667552699,5.265359696838637,0.0,9.011647870223289,7.109828435863265,
75,,,0.0,9.492090462838537,10.449414806032166,,13.094304566778266,11.981393949882268,7.7787134167164185,,,,12.297317866938178,13.341104266407502,0.0,10.904925124490397,0.0,11.881619584333132,0.0,12.759999115462449,0.0,12.297317866938178,,5.96716376833464,6.022102765198487,12.415504997598328,11.037260313668911,6.248261628532093,5.788001980784582,0.0,9.492090462838537,13.341104266407502,5.96716376833464,,13.85451747936807,0.0,0.0,,0.0,0.0,10.449414806032166,0.0,6.022102765198487,13.85451747936807,,0.0,0.0,7.278982756515468,,13.664836667552699,,10.904925124490397,12.415504997598328,0.0,0.0,,13.921795677048454,5.297972194380703,0.0,5.265359696838637,13.094304566778266,0.0,11.037260313668911,0.0,0.0,13.921795677048454,,0.0,7.448109251514262,0.0,11.981393949882268,11.881619584333132,6.248261628532093,,7.278982756515468,5.297972194380703,0.0,,13.218025940068083,9.011647870223289,7.7787134167164185,0.0,5.788001980784582,0.0,,0.0,7.448109251514262,13.218025940068083,,7.109828435863265,,12.759999115462449,0.0,0.0,13.664836667552699,5.265359696838637,0.0,9.011647870223289,7.109828435863265,
76,,,,9.492090462838537,10.449414806032166,,13.094304566778266,11.981393949882268,7.7787134167164185,,,,12.297317866938178,13.341104266407502,0.0,,0.0,11.881619584333132,0.0,12.759999115462449,,12.297317866938178,,5.96716376833464,6.022102765198487,12.415504997598328,11.037260313668911,,,0.0,9.492090462838537,13.341104266407502,5.96716376833464,,13.85451747936807,0.0,0.0,8.701809671168826,0.0,0.0,10.449414806032166,0.0,6.022102765198487,13.85451747936807,,0.0,0.0,7.278982756515468,,13.664836667552699,,,12.415504997598328,0.0,0.0,,,5.297972194380703,0.0,5.265359696838637,13.094304566778266,0.0,11.037260313668911,0.0,0.0,,,0.0,7.448109251514262,0.0,11.981393949882268,11.881619584333132,,8.701809671168826,7.278982756515468,5.297972194380703,0.0,,13.218025940068083,9.011647870223289,7.7787134167164185,0.0,,0.0,,0.0,7.448109251514262,13.218025940068083,,7.109828435863265,,12.759999115462449,0.0,0.0,13.664836667552699,5.265359696838637,0.0,9.011647870223289,7.109828435863265,
77,,,0.0,,10.449414806032166,,13.094304566778266,11.981393949882268,7.7787134167164185,,,,12.297317866938178,13.341104266407502,0.0,10.904925124490397,0.0,11.881619584333132,0.0,12.759999115462449,0.0,12.297317866938178,,5.96716376833464,6.022102765198487,12.415504997598328,11.037260313668911,,5.788001980784582,0.0,,13.341104266407502,5.96716376833464,,13.85451747936807,0.0,0.0,8.701809671168826,0.0,0.0,10.449414806032166,0.0,6.022102765198487,13.85451747936807,,0.0,0.0,7.278982756515468,,13.664836667552699,,10.904925124490397,12.415504997598328,0.0,0.0,,13.921795677048454,5.297972194380703,7.326608933907396,5.265359696838637,13.094304566778266,0.0,11.037260313668911,0.0,0.0,13.921795677048454,,0.0,7.448109251514262,0.0,11.981393949882268,11.881619584333132,,8.701809671168826,7.278982756515468,5.297972194380703,0.0,,13.218025940068083,9.011647870223289,7.7787134167164185,0.0,5.788001980784582,0.0,,7.326608933907396,7.448109251514262,13.218025940068083,,7.109828435863265,,12.759999115462449,0.0,0.0,13.664836667552699,5.265359696838637,0.0,9.011647870223289,7.109828435863265,
78,,,0.0,,10.449414806032166,,,11.981393949882268,7.7787134167164185,,,,12.297317866938178,13.341104266407502,0.0,10.904925124490397,0.0,11.881619584333132,0.0,12.759999115462449,0.0,12.297317866938178,,5.96716376833464,6.022102765198487,12.415504997598328,11.037260313668911,6.248261628532093,5.788001980784582,0.0,,13.341104266407502,5.96716376833464,,13.85451747936807,0.0,0.0,8.701809671168826,0.0,0.0,10.449414806032166,0.0,6.022102765198487,13.85451747936807,,0.0,0.0,7.278982756515468,,13.664836667552699,,10.904925124490397,12.415504997598328,0.0,0.0,,13.921795677048454,5.297972194380703,7.326608933907396,5.265359696838637,,0.0,11.037260313668911,0.0,0.0,13.921795677048454,,0.0,7.448109251514262,0.0,11.981393949882268,11.881619584333132,6.248261628532093,8.701809671168826,7.278982756515468,5.297972194380703,0.0,,13.218025940068083,9.011647870223289,7.7787134167164185,0.0,5.788001980784582,0.0,,7.326608933907396,7.448109251514262,13.218025940068083,,7.109828435863265,,12.759999115462449,0.0,0.0,13.664836667552699,5.265359696838637,0.0,9.011647870223289,7.109828435863265,
79,,,0.0,9.492090462838537,10.449414806032166,,13.094304566778266,11.981393949882268,7.7787134167164185,,,,12.297317866938178,13.341104266407502,0.0,10.904925124490397,0.0,11.881619584333132,0.0,12.759999115462449,0.0,12.297317866938178,,5.96716376833464,6.022102765198487,12.415504997598328,11.037260313668911,6.248261628532093,5.788001980784582,,9.492090462838537,13.341104266407502,5.96716376833464,,13.85451747936807,0.0,0.0,8.701809671168826,0.0,0.0,10.449414806032166,0.0,6.022102765198487,13.85451747936807,,0.0,0.0,7.278982756515468,,13.664836667552699,,10.904925124490397,12.415504997598328,0.0,0.0,,13.921795677048454,5.297972194380703,7.326608933907396,5.265359696838637,13.094304566778266,0.0,11.037260313668911,0.0,0.0,13.921795677048454,,0.0,7.448109251514262,,11.981393949882268,11.881619584333132,6.248261628532093,8.701809671168826,7.278982756515468,5.297972194380703,0.0,,13.218025940068083,9.011647870223289,7.7787134167164185,0.0,5.788001980784582,0.0,,7.326608933907396,7.448109251514262,13.218025940068083,,7.109828435863265,,12.759999115462449,,0.0,13.664836667552699,5.265359696838637,,9.011647870223289,7.109828435863265,
80,,,0.0,9.492090462838537,10.449414806032166,,13.094304566778266,11.981393949882268,7.7787134167164185,,,,12.297317866938178,13.341104266407502,0.0,10.904925124490397,0.0,,0.0,,0.0,12.297317866938178,,5.96716376833464,6.022102765198487,12.415504997598328,11.037260313668911,6.248261628532093,5.788001980784582,,9.492090462838537,13.341104266407502,5.96716376833464,,13.85451747936807,0.0,0.0,8.701809671168826,0.0,0.0,10.449414806032166,0.0,6.022102765198487,13.85451747936807,,0.0,0.0,7.278982756515468,,13.664836667552699,,10.904925124490397,12.415504997598328,0.0,0.0,,13.921795677048454,5.297972194380703,7.326608933907396,5.265359696838637,13.094304566778266,0.0,11.037260313668911,0.0,0.0,13.921795677048454,,0.0,7.448109251514262,0.0,11.981393949882268,,6.248261628532093,8.701809671168826,7.278982756515468,5.297972194380703,0.0,,13.218025940068083,9.011647870223289,7.7787134167164185,0.0,5.788001980784582,0.0,,7.326608933907396,7.448109251514262,13.218025940068083,,7.109828435863265,,,,0.0,13.664836667552699,5.265359696838637,0.0,9.011647870223289,7.109828435863265,
81,,,0.0,9.492090462838537,10.449414806032166,,13.094304566778266,11.981393949882268,7.7787134167164185,,,,12.297317866938178,13.341104266407502,0.0,,5.714025095785483,11.881619584333132,0.0,12.759999115462449,0.0,12.297317866938178,,5.96716376833464,6.022102765198487,12.415504997598328,11.037260313668911,6.248261628532093,5.788001980784582,,9.492090462838537,13.341104266407502,5.96716376833464,,13.85451747936807,0.0,7.779736031100921,8.701809671168826,0.0,,10.449414806032166,0.0,6.022102765198487,13.85451747936807,,0.0,0.0,7.278982756515468,,13.664836667552699,,,12.415504997598328,0.0,0.0,,13.921795677048454,,7.326608933907396,5.265359696838637,13.094304566778266,5.714025095785483,11.037260313668911,7.779736031100921,0.0,13.921795677048454,,0.0,7.448109251514262,8.794554417576478,11.981393949882268,11.881619584333132,6.248261628532093,8.701809671168826,7.278982756515468,,0.0,,13.218025940068083,9.011647870223289,7.7787134167164185,0.0,5.788001980784582,0.0,,7.326608933907396,7.448109251514262,13.218025940068083,,7.109828435863265,,12.759999115462449,,,13.664836667552699,5.265359696838637,8.794554417576478,9.011647870223289,7.109828435863265,
82,,,0.0,9.492090462838537,10.449414806032166,,13.094304566778266,11.981393949882268,7.7787134167164185,,,,12.297317866938178,13.341104266407502,0.0,10.904925124490397,5.714025095785483,11.881619584333132,0.0,12.759999115462449,0.0,12.297317866938178,,5.96716376833464,6.022102765198487,12.415504997598328,11.037260313668911,6.248261628532093,5.788001980784582,,9.492090462838537,13.341104266407502,5.96716376833464,,13.85451747936807,0.0,7.779736031100921,8.701809671168826,0.0,14.366545877124942,10.449414806032166,0.0,6.022102765198487,13.85451747936807,,0.0,0.0,7.278982756515468,,13.664836667552699,,10.904925124490397,12.415504997598328,0.0,0.0,,13.921795677048454,5.297972194380703,7.326608933907396,5.265359696838637,13.094304566778266,5.714025095785483,11.037260313668911,7.779736031100921,0.0,13.921795677048454,,0.0,7.448109251514262,8.794554417576478,11.981393949882268,11.881619584333132,6.248261628532093,8.701809671168826,7.278982756515468,5.297972194380703,0.0,,13.218025940068083,9.011647870223289,7.7787134167164185,0.0,5.788001980784582,0.0,,7.326608933907396,7.448109251514262,13.218025940068083,,7.109828435863265,,12.759999115462449,,14.366545877124942,13.664836667552699,5.265359696838637,8.794554417576478,9.011647870223289,7.109828435863265,
83,,,0.0,9.492090462838537,10.449414806032166,,13.094304566778266,11.981393949882268,7.7787134167164185,,,,12.297317866938178,13.341104266407502,0.0,10.904925124490397,5.714025095785483,11.881619584333132,0.0,12.759999115462449,0.0,12.297317866938178,,5.96716376833464,6.022102765198487,12.415504997598328,11.037260313668911,6.248261628532093,5.788001980784582,,9.492090462838537,13.341104266407502,5.96716376833464,,13.85451747936807,0.0,7.779736031100921,8.701809671168826,0.0,14.366545877124942,10.449414806032166,0.0,6.022102765198487,13.85451747936807,,0.0,0.0,7.278982756515468,,13.664836667552699,,10.904925124490397,12.415504997598328,0.0,0.0,,13.921795677048454,5.297972194380703,7.326608933907396,5.265359696838637,13.094304566778266,5.714025095785483,11.037260313668911,7.779736031100921,0.0,13.921795677048454,,0.0,7.448109251514262,8.794554417576478,11.981393949882268,11.881619584333132,6.248261628532093,8.701809671168826,7.278982756515468,5.297972194380703,0.0,,,9.011647870223289,7.7787134167164185,0.0,5.788001980784582,0.0,,7.326608933907396,7.448109251514262,,,7.109828435863265,,12.759999115462449,,14.366545877124942,13.664836667552699,5.265359696838637,8.794554417576478,9.011647870223289,7.109828435863265,
84,,,0.0,9.492090462838537,10.449414806032166,,13.094304566778266,11.981393949882268,7.7787134167164185,,,,12.297317866938178,13.341104266407502,5.69555148823741,,5.714025095785483,11.881619584333132,0.0,12.759999115462449,0.0,12.297317866938178,,5.96716376833464,6.022102765198487,12.415504997598328,11.037260313668911,6.248261628532093,5.788001980784582,,9.492090462838537,13.341104266407502,5.96716376833464,,13.85451747936807,0.0,7.779736031100921,8.701809671168826,0.0,14.366545877124942,10.449414806032166,5.69555148823741,6.022102765198487,13.85451747936807,,0.0,0.0,7.278982756515468,,13.664836667552699,,,12.415504997598328,0.0,0.0,,,5.297972194380703,7.326608933907396,5.265359696838637,13.094304566778266,5.714025095785483,11.037260313668911,7.779736031100921,0.0,,,0.0,7.448109251514262,8.794554417576478,11.981393949882268,11.881619584333132,6.248261628532093,8.701809671168826,7.278982756515468,5.297972194380703,0.0,,13.218025940068083,9.011647870223289,7.7787134167164185,0.0,5.788001980784582,0.0,,7.326608933907396,7.448109251514262,13.218025940068083,,7.109828435863265,,12.759999115462449,,14.366545877124942,13.664836667552699,5.265359696838637,8.794554417576478,9.011647870223289,7.109828435863265,
85,,,0.0,9.492090462838537,10.449414806032166,,13.094304566778266,11.981393949882268,7.7787134167164185,,,,12.297317866938178,13.341104266407502,5.69555148823741,10.904925124490397,5.714025095785483,,0.0,12.759999115462449,0.0,12.297317866938178,,5.96716376833464,6.022102765198487,12.415504997598328,11.037260313668911,6.248261628532093,5.788001980784582,,9.492090462838537,13.341104266407502,5.96716376833464,,13.85451747936807,0.0,7.779736031100921,8.701809671168826,0.0,14.366545877124942,10.449414806032166,5.69555148823741,6.022102765198487,13.85451747936807,,0.0,0.0,7.278982756515468,,13.664836667552699,,10.904925124490397,12.415504997598328,0.0,0.0,,13.921795677048454,5.297972194380703,7.326608933907396,5.265359696838637,13.094304566778266,5.714025095785483,11.037260313668911,7.779736031100921,0.0,13.921795677048454,,0.0,7.448109251514262,8.794554417576478,11.981393949882268,,6.248261628532093,8.701809671168826,7.278982756515468,5.297972194380703,0.0,,13.218025940068083,9.011647870223289,7.7787134167164185,0.0,5.788001980784582,0.0,,7.326608933907396,7.448109251514262,13.218025940068083,,7.109828435863265,,12.759999115462449,,14.366545877124942,13.664836667552699,5.265359696838637,8.794554417576478,9.011647870223289,7.109828435863265,
86,,,0.0,9.492090462838537,10.449414806032166,,13.094304566778266,11.981393949882268,7.7787134167164185,,,,12.297317866938178,13.341104266407502,5.69555148823741,10.904925124490397,5.714025095785483,11.881619584333132,0.0,12.759999115462449,0.0,12.297317866938178,,5.96716376833464,6.022102765198487,12.415504997598328,11.037260313668911,,5.788001980784582,,9.492090462838537,13.341104266407502,5.96716376833464,,13.85451747936807,0.0,7.779736031100921,8.701809671168826,0.0,14.366545877124942,10.449414806032166,5.69555148823741,6.022102765198487,13.85451747936807,,0.0,0.0,7.278982756515468,,13.664836667552699,,10.904925124490397,12.415504997598328,0.0,0.0,,13.921795677048454,5.297972194380703,7.326608933907396,5.265359696838637,13.094304566778266,5.714025095785483,11.037260313668911,7.779736031100921,0.0,13.921795677048454,,0.0,7.448109251514262,8.794554417576478,11.981393949882268,11.881619584333132,,8.701809671168826,7.278982756515468,5.297972194380703,0.0,,13.218025940068083,9.011647870223289,7.7787134167164185,0.0,5.788001980784582,0.0,,7.326608933907396,7.448109251514262,13.218025940068083,,7.109828435863265,,12.759999115462449,,14.366545877124942,13.664836667552699,5.265359696838637,8.794554417576478,9.011647870223289,7.109828435863265,
87,,,0.0,9.492090462838537,10.449414806032166,,13.094304566778266,11.981393949882268,7.7787134167164185,,,,12.297317866938178,13.341104266407502,5.69555148823741,10.904925124490397,5.714025095785483,11.881619584333132,0.0,12.759999115462449,0.0,12.297317866938178,,5.96716376833464,6.022102765198487,12.415504997598328,11.037260313668911,6.248261628532093,5.788001980784582,,9.492090462838537,13.341104266407502,5.96716376833464,,13.85451747936807,0.0,7.779736031100921,8.701809671168826,0.0,14.366545877124942,10.449414806032166,5.69555148823741,6.022102765198487,13.85451747936807,,0.0,0.0,7.278982756515468,,13.664836667552699,,10.904925124490397,12.415504997598328,0.0,0.0,,13.921795677048454,5.297972194380703,7.326608933907396,5.265359696838637,13.094304566778266,5.714025095785483,11.037260313668911,7.779736031100921,0.0,13.921795677048454,,0.0,7.448109251514262,8.794554417576478,11.981393949882268,11.881619584333132,6.248261628532093,8.701809671168826,7.278982756515468,5.297972194380703,0.0,,13.218025940068083,9.011647870223289,7.7787134167164185,0.0,5.788001980784582,0.0,,7.326608933907396,7.448109251514262,13.218025940068083,,7.109828435863265,,12.759999115462449,,14.366545877124942,13.664836667552699,5.265359696838637,8.794554417576478,9.011647870223289,7.109828435863265,
88,,,0.0,9.492090462838537,,,13.094304566778266,11.981393949882268,7.7787134167164185,,,,12.297317866938178,13.341104266407502,5.69555148823741,10.904925124490397,5.714025095785483,11.881619584333132,0.0,12.759999115462449,0.0,12.297317866938178,,5.96716376833464,6.022102765198487,12.415504997598328,,6.248261628532093,5.788001980784582,,9.492090462838537,13.341104266407502,5.96716376833464,,13.85451747936807,0.0,7.779736031100921,8.701809671168826,0.0,14.366545877124942,,5.69555148823741,6.022102765198487,13.85451747936807,,0.0,0.0,7.278982756515468,,13.664836667552699,,10.904925124490397,12.415504997598328,0.0,0.0,,13.921795677048454,5.297972194380703,7.326608933907396,5.265359696838637,13.094304566778266,5.714025095785483,,7.779736031100921,0.0,13.921795677048454,,0.0,7.448109251514262,8.794554417576478,11.981393949882268,11.881619584333132,6.248261628532093,8.701809671168826,7.278982756515468,5.297972194380703,0.0,,13.218025940068083,,7.7787134167164185,0.0,5.788001980784582,0.0,,7.326608933907396,7.448109251514262,13.218025940068083,,7.109828435863265,,12.759999115462449,,14.366545877124942,13.664836667552699,5.265359696838637,8.794554417576478,,7.109828435863265,
89,,,,9.492090462838537,10.449414806032166,,13.094304566778266,11.981393949882268,7.7787134167164185,,,,12.297317866938178,13.341104266407502,5.69555148823741,10.904925124490397,5.714025095785483,11.881619584333132,0.0,12.759999115462449,,12.297317866938178,,5.96716376833464,6.022102765198487,12.415504997598328,11.037260313668911,6.248261628532093,5.788001980784582,,9.492090462838537,13.341104266407502,5.96716376833464,,13.85451747936807,0.0,7.779736031100921,8.701809671168826,11.701751743776933,14.366545877124942,10.449414806032166,5.69555148823741,6.022102765198487,13.85451747936807,,0.0,0.0,7.278982756515468,,13.664836667552699,,10.904925124490397,12.415504997598328,0.0,0.0,,,5.297972194380703,7.326608933907396,5.265359696838637,13.094304566778266,5.714025095785483,11.037260313668911,7.779736031100921,0.0,,,0.0,7.448109251514262,8.794554417576478,11.981393949882268,11.881619584333132,6.248261628532093,8.701809671168826,7.278982756515468,5.297972194380703,0.0,,13.218025940068083,9.011647870223289,7.7787134167164185,0.0,5.788001980784582,11.701751743776933,,7.326608933907396,7.448109251514262,13.218025940068083,,7.109828435863265,,12.759999115462449,,14.366545877124942,13.664836667552699,5.265359696838637,8.794554417576478,9.011647870223289,7.109828435863265,
90,,,,9.492090462838537,10.449414806032166,,13.094304566778266,11.981393949882268,7.7787134167164185,,,,12.297317866938178,13.341104266407502,5.69555148823741,10.904925124490397,5.714025095785483,11.881619584333132,0.0,12.759999115462449,,12.297317866938178,,5.96716376833464,6.022102765198487,12.415504997598328,11.037260313668911,6.248261628532093,5.788001980784582,,9.492090462838537,13.341104266407502,5.96716376833464,,13.85451747936807,0.0,7.779736031100921,8.701809671168826,11.701751743776933,14.366545877124942,10.449414806032166,5.69555148823741,6.022102765198487,13.85451747936807,,0.0,,7.278982756515468,,13.664836667552699,,10.904925124490397,12.415504997598328,0.0,0.0,,13.921795677048454,5.297972194380703,7.326608933907396,5.265359696838637,13.094304566778266,5.714025095785483,11.037260313668911,7.779736031100921,,13.921795677048454,,0.0,7.448109251514262,8.794554417576478,11.981393949882268,11.881619584333132,6.248261628532093,8.701809671168826,7.278982756515468,5.297972194380703,0.0,,13.218025940068083,9.011647870223289,7.7787134167164185,0.0,5.788001980784582,11.701751743776933,,7.326608933907396,7.448109251514262,13.218025940068083,,7.109828435863265,,12.759999115462449,,14.366545877124942,13.664836667552699,5.265359696838637,8.794554417576478,9.011647870223289,7.109828435863265,
91,,,,9.492090462838537,10.449414806032166,,,11.981393949882268,7.7787134167164185,,,,12.297317866938178,13.341104266407502,5.69555148823741,10.904925124490397,5.714025095785483,11.881619584333132,0.0,12.759999115462449,,12.297317866938178,,5.96716376833464,6.022102765198487,12.415504997598328,11.037260313668911,6.248261628532093,5.788001980784582,,9.492090462838537,13.341104266407502,5.96716376833464,,13.85451747936807,0.0,7.779736031100921,,11.701751743776933,14.366545877124942,10.449414806032166,5.69555148823741,6.022102765198487,13.85451747936807,,0.0,,7.278982756515468,,13.664836667552699,,10.904925124490397,12.415504997598328,0.0,0.0,,13.921795677048454,5.297972194380703,7.326608933907396,5.265359696838637,,5.714025095785483,11.037260313668911,7.779736031100921,,13.921795677048454,,0.0,,8.794554417576478,11.981393949882268,11.881619584333132,6.248261628532093,,7.278982756515468,5.297972194380703,0.0,,13.218025940068083,9.011647870223289,7.7787134167164185,0.0,5.788001980784582,11.701751743776933,,7.326608933907396,,13.218025940068083,,7.109828435863265,,12.759999115462449,,14.366545877124942,13.664836667552699,5.265359696838637,8.794554417576478,9.011647870223289,7.109828435863265,
92,,,,9.492090462838537,10.449414806032166,,13.094304566778266,11.981393949882268,7.7787134167164185,,,,12.297317866938178,13.341104266407502,5.69555148823741,10.904925124490397,5.714025095785483,11.881619584333132,0.0,12.759999115462449,,12.297317866938178,,5.96716376833464,6.022102765198487,12.415504997598328,11.037260313668911,6.248261628532093,5.788001980784582,,9.492090462838537,13.341104266407502,5.96716376833464,,13.85451747936807,0.0,7.779736031100921,8.701809671168826,11.701751743776933,14.366545877124942,10.449414806032166,5.69555148823741,6.022102765198487,13.85451747936807,,0.0,,7.278982756515468,,13.664836667552699,,10.904925124490397,12.415504997598328,0.0,0.0,,13.921795677048454,5.297972194380703,7.326608933907396,5.265359696838637,13.094304566778266,5.714025095785483,11.037260313668911,7.779736031100921,,13.921795677048454,,0.0,7.448109251514262,8.794554417576478,11.981393949882268,11.881619584333132,6.248261628532093,8.701809671168826,7.278982756515468,5.297972194380703,0.0,,13.218025940068083,9.011647870223289,7.7787134167164185,0.0,5.788001980784582,11.701751743776933,,7.326608933907396,7.448109251514262,13.218025940068083,,7.109828435863265,,12.759999115462449,,14.366545877124942,13.664836667552699,5.265359696838637,8.794554417576478,9.011647870223289,7.109828435863265,
93,,,,9.492090462838537,10.449414806032166,,13.094304566778266,11.981393949882268,7.7787134167164185,,,,12.297317866938178,13.341104266407502,5.69555148823741,10.904925124490397,5.714025095785483,11.881619584333132,0.0,12.759999115462449,,12.297317866938178,,5.96716376833464,6.022102765198487,12.415504997598328,11.037260313668911,,5.788001980784582,,9.492090462838537,13.341104266407502,5.96716376833464,,13.85451747936807,0.0,7.779736031100921,8.701809671168826,11.701751743776933,14.366545877124942,10.449414806032166,5.69555148823741,6.022102765198487,13.85451747936807,,0.0,,7.278982756515468,,13.664836667552699,,10.904925124490397,12.415504997598328,0.0,0.0,,13.921795677048454,5.297972194380703,7.326608933907396,5.265359696838637,13.094304566778266,5.714025095785483,11.037260313668911,7.779736031100921,,13.921795677048454,,6.71138648198097,7.448109251514262,,11.981393949882268,11.881619584333132,,8.701809671168826,7.278982756515468,5.297972194380703,6.71138648198097,,13.218025940068083,9.011647870223289,7.7787134167164185,0.0,5.788001980784582,11.701751743776933,,7.326608933907396,7.448109251514262,13.218025940068083,,7.109828435863265,,12.759999115462449,,14.366545877124942,13.664836667552699,5.265359696838637,,9.011647870223289,7.109828435863265,
94,,,,9.492090462838537,10.449414806032166,,13.094304566778266,11.981393949882268,7.7787134167164185,,,,12.297317866938178,13.341104266407502,5.69555148823741,10.904925124490397,5.714025095785483,11.881619584333132,0.0,12.759999115462449,,12.297317866938178,,5.96716376833464,6.022102765198487,12.415504997598328,11.037260313668911,6.248261628532093,5.788001980784582,,9.492090462838537,13.341104266407502,5.96716376833464,,13.85451747936807,6.024951761715075,,8.701809671168826,11.701751743776933,14.366545877124942,10.449414806032166,5.69555148823741,6.022102765198487,13.85451747936807,,,,7.278982756515468,,13.664836667552699,,10.904925124490397,12.415504997598328,6.024951761715075,,,13.921795677048454,5.297972194380703,7.326608933907396,5.265359696838637,13.094304566778266,5.714025095785483,11.037260313668911,,,13.921795677048454,,6.71138648198097,7.448109251514262,8.794554417576478,11.981393949882268,11.881619584333132,6.248261628532093,8.701809671168826,7.278982756515468,5.297972194380703,6.71138648198097,,13.218025940068083,9.011647870223289,7.7787134167164185,0.0,5.788001980784582,11.701751743776933,,7.326608933907396,7.448109251514262,13.218025940068083,,7.109828435863265,,12.759999115462449,,14.366545877124942,13.664836667552699,5.265359696838637,8.794554417576478,9.011647870223289,7.109828435863265,
95,,,,9.492090462838537,10.449414806032166,,13.094304566778266,11.981393949882268,7.7787134167164185,,,,12.297317866938178,13.341104266407502,5.69555148823741,10.904925124490397,5.714025095785483,11.881619584333132,0.0,12.759999115462449,,12.297317866938178,,5.96716376833464,6.022102765198487,12.415504997598328,11.037260313668911,6.248261628532093,5.788001980784582,,9.492090462838537,13.341104266407502,5.96716376833464,,13.85451747936807,6.024951761715075,7.779736031100921,8.701809671168826,11.701751743776933,14.366545877124942,10.449414806032166,5.69555148823741,6.022102765198487,13.85451747936807,,7.232107381488228,,7.278982756515468,,13.664836667552699,,10.904925124490397,12.415504997598328,6.024951761715075,7.232107381488228,,13.921795677048454,5.297972194380703,7.326608933907396,5.265359696838637,13.094304566778266,5.714025095785483,11.037260313668911,7.779736031100921,,13.921795677048454,,6.71138648198097,7.448109251514262,8.794554417576478,11.981393949882268,11.881619584333132,6.248261628532093,8.701809671168826,7.278982756515468,5.297972194380703,6.71138648198097,,13.218025940068083,9.011647870223289,7.7787134167164185,0.0,5.788001980784582,11.701751743776933,,7.326608933907396,7.448109251514262,13.218025940068083,,7.109828435863265,,12.759999115462449,,14.366545877124942,13.664836667552699,5.265359696838637,8.794554417576478,9.011647870223289,7.109828435863265,
96,,,,9.492090462838537,10.449414806032166,,13.094304566778266,11.981393949882268,7.7787134167164185,,,,12.297317866938178,13.341104266407502,5.69555148823741,10.904925124490397,5.714025095785483,11.881619584333132,0.0,12.759999115462449,,12.297317866938178,,5.96716376833464,6.022102765198487,12.415504997598328,11.037260313668911,6.248261628532093,5.788001980784582,,9.492090462838537,13.341104266407502,5.96716376833464,,13.85451747936807,6.024951761715075,7.779736031100921,8.701809671168826,11.701751743776933,14.366545877124942,10.449414806032166,5.69555148823741,6.022102765198487,13.85451747936807,,7.232107381488228,,7.278982756515468,,13.664836667552699,,10.904925124490397,12.415504997598328,6.024951761715075,7.232107381488228,,13.921795677048454,5.297972194380703,7.326608933907396,5.265359696838637,13.094304566778266,5.714025095785483,11.037260313668911,7.779736031100921,,13.921795677048454,,6.71138648198097,7.448109251514262,8.794554417576478,11.981393949882268,11.881619584333132,6.248261628532093,8.701809671168826,7.278982756515468,5.297972194380703,6.71138648198097,,13.218025940068083,9.011647870223289,7.7787134167164185,0.0,5.788001980784582,11.701751743776933,,7.326608933907396,7.448109251514262,13.218025940068083,,7.109828435863265,,12.759999115462449,,14.366545877124942,13.664836667552699,5.265359696838637,8.794554417576478,9.011647870223289,7.109828435863265,
97,,,,9.492090462838537,10.449414806032166,,13.094304566778266,11.981393949882268,7.7787134167164185,,,,12.297317866938178,13.341104266407502,5.69555148823741,10.904925124490397,5.714025095785483,11.881619584333132,0.0,12.759999115462449,,12.297317866938178,,5.96716376833464,6.022102765198487,12.415504997598328,11.037260313668911,6.248261628532093,,,9.492090462838537,13.341104266407502,5.96716376833464,,13.85451747936807,6.024951761715075,7.779736031100921,8.701809671168826,11.701751743776933,,10.449414806032166,5.69555148823741,6.022102765198487,13.85451747936807,,7.232107381488228,,7.278982756515468,,13.664836667552699,,10.904925124490397,12.415504997598328,6.024951761715075,7.232107381488228,,,5.297972194380703,7.326608933907396,5.265359696838637,13.094304566778266,5.714025095785483,11.037260313668911,7.779736031100921,,,,6.71138648198097,7.448109251514262,8.794554417576478,11.981393949882268,11.881619584333132,6.248261628532093,8.701809671168826,7.278982756515468,5.297972194380703,6.71138648198097,,13.218025940068083,9.011647870223289,7.7787134167164185,0.0,,11.701751743776933,,7.326608933907396,7.448109251514262,13.218025940068083,,7.109828435863265,,12.759999115462449,,,13.664836667552699,5.265359696838637,8.794554417576478,9.011647870223289,7.109828435863265,
98,,,,9.492090462838537,10.449414806032166,,13.094304566778266,11.981393949882268,7.7787134167164185,,,,12.297317866938178,13.341104266407502,5.69555148823741,10.904925124490397,5.714025095785483,11.881619584333132,11.846142509898744,12.759999115462449,,12.297317866938178,,5.96716376833464,6.022102765198487,12.415504997598328,11.037260313668911,6.248261628532093,5.788001980784582,,9.492090462838537,13.341104266407502,5.96716376833464,,13.85451747936807,6.024951761715075,,8.701809671168826,11.701751743776933,14.366545877124942,10.449414806032166,5.69555148823741,6.022102765198487,13.85451747936807,,7.232107381488228,,7.278982756515468,,13.664836667552699,,10.904925124490397,12.415504997598328,6.024951761715075,7.232107381488228,,13.921795677048454,5.297972194380703,7.326608933907396,5.265359696838637,13.094304566778266,5.714025095785483,11.037260313668911,,,13.921795677048454,,6.71138648198097,7.448109251514262,8.794554417576478,11.981393949882268,11.881619584333132,6.248261628532093,8.701809671168826,7.278982756515468,5.297972194380703,6.71138648198097,,13.218025940068083,9.011647870223289,7.7787134167164185,11.846142509898744,5.788001980784582,11.701751743776933,,7.326608933907396,7.448109251514262,13.218025940068083,,7.109828435863265,,12.759999115462449,,14.366545877124942,13.664836667552699,5.265359696838637,8.794554417576478,9.011647870223289,7.109828435863265,
99,,,,9.492090462838537,10.449414806032166,,13.094304566778266,11.981393949882268,7.7787134167164185,,,,12.297317866938178,13.341104266407502,5.69555148823741,10.904925124490397,5.714025095785483,11.881619584333132,11.846142509898744,12.759999115462449,,12.297317866938178,,5.96716376833464,6.022102765198487,12.415504997598328,11.037260313668911,6.248261628532093,5.788001980784582,,9.492090462838537,13.341104266407502,5.96716376833464,,13.85451747936807,6.024951761715075,7.779736031100921,8.701809671168826,11.701751743776933,14.366545877124942,10.449414806032166,5.69555148823741,6.022102765198487,13.85451747936807,,7.232107381488228,,7.278982756515468,,13.664836667552699,,10.904925124490397,12.415504997598328,6.024951761715075,7.232107381488228,,,5.297972194380703,7.326608933907396,5.265359696838637,13.094304566778266,5.714025095785483,11.037260313668911,7.779736031100921,,,,6.71138648198097,7.448109251514262,8.794554417576478,11.981393949882268,11.881619584333132,6.248261628532093,8.701809671168826,7.278982756515468,5.297972194380703,6.71138648198097,,,9.011647870223289,7.7787134167164185,11.846142509898744,5.788001980784582,11.701751743776933,,7.326608933907396,7.448109251514262,,,7.109828435863265,,12.759999115462449,,14.366545877124942,13.664836667552699,5.265359696838637,8.794554417576478,9.011647870223289,7.109828435863265,
