,"('C', 'C')","('C', 'J')","('C', 'B')","('C', 'H')","('C', 'D')","('C', 'F')","('C', 'G')","('C', 'I')","('C', 'A')","('C', 'E')","('J', 'C')","('J', 'J')","('J', 'B')","('J', 'H')","('J', 'D')","('J', 'F')","('J', 'G')","('J', 'I')","('J', 'A')","('J', 'E')","('B', 'C')","('B', 'J')","('B', 'B')","('B', 'H')","('B', 'D')","('B', 'F')","('B', 'G')","('B', 'I')","('B', 'A')","('B', 'E')","('H', 'C')","('H', 'J')","('H', 'B')","('H', 'H')","('H', 'D')","('H', 'F')","('H', 'G')","('H', 'I')","('H', 'A')","('H', 'E')","('D', 'C')","('D', 'J')","('D', 'B')","('D', 'H')","('D', 'D')","('D', 'F')","('D', 'G')","('D', 'I')","('D', 'A')","('D', 'E')","('F', 'C')","('F', 'J')","('F', 'B')","('F', 'H')","('F', 'D')","('F', 'F')","('F', 'G')","('F', 'I')","('F', 'A')","('F', 'E')","('G', 'C')","('G', 'J')","('G', 'B')","('G', 'H')","('G', 'D')","('G', 'F')","('G', 'G')","('G', 'I')","('G', 'A')","('G', 'E')","('I', 'C')","('I', 'J')","('I', 'B')","('I', 'H')","('I', 'D')","('I', 'F')","('I', 'G')","('I', 'I')","('I', 'A')","('I', 'E')","('A', 'C')","('A', 'J')","('A', 'B')","('A', 'H')","('A', 'D')","('A', 'F')","('A', 'G')","('A', 'I')","('A', 'A')","('A', 'E')","('E', 'C')","('E', 'J')","('E', 'B')","('E', 'H')","('E', 'D')","('E', 'F')","('E', 'G')","('E', 'I')","('E', 'A')","('E', 'E')"
0,,,,,,,,,,,,,,,,,,,,,,,,,,,,,,,,,,,,,,,,,,,,,,,,,,,,,,,,,,,,,,,,,,,,,,,,,,,,,,,,,,,,,,,,,,,,,,,,,,,,
1,,,,,,,,,,,,,,,,,,,,,,,,,,,,,,,,,,,,,,,,,,,,,,,,,,,,,,,,,,,,,,,,,,,,,,,,,,,,,,,,,,,,,,,,,,,,,,,,,,,,
2,,,,,,,,,,,,,,,,,,,,,,,,,,,,,,,,,,,,,,,,,,,,,,,,,,,,,,,,,,,,,,,,,,,,,,,,,,,,,,,,,,,,,,,,,,,,,,,,,,,,
3,,,,,,,,,,,,,,,,,,,,,,,,,,,,,,,,,,,,,,,,,,,,,,,,,,,,,,,,,,,,,,,,,,,,,,,,,,,,,,,,,,,,,,,,,,,,,,,,,,,,
4,,,,,,,,,,,,,,,,,,,,,,,,,,,,,,,,,,,,,,,,,,,,,,,,,,,,,,,,,,,,,,,,,,,,,,,,,,,,,,,,,,,,,,,,,,,,,,,,,,,,
5,,,,,,,,,,,,,,,,,,,,,,,,,,,,,,,,,,,,,,,,,,,,,,,,,,,,,,,,,,,,,,,,,,,,,,,,,,,,,,,,,,,,,,,,,,,,,,,,,,,,
6,,0.0,,0.0,0.0,11.037260313668911,0.0,0.0,0.0,0.0,0.0,,0.0,0.0,0.0,0.0,0.0,0.0,0.0,0.0,,0.0,,0.0,0.0,13.094304566778266,0.0,0.0,,0.0,0.0,0.0,0.0,,0.0,0.0,0.0,0.0,0.0,0.0,0.0,0.0,0.0,0.0,,0.0,0.0,0.0,0.0,0.0,11.037260313668911,0.0,13.094304566778266,0.0,0.0,,0.0,0.0,0.0,0.0,0.0,0.0,0.0,0.0,0.0,0.0,,0.0,10.904925124490397,0.0,0.0,0.0,0.0,0.0,0.0,0.0,0.0,,,0.0,0.0,0.0,,0.0,0.0,0.0,10.904925124490397,,,0.0,0.0,0.0,0.0,0.0,0.0,0.0,0.0,0.0,0.0,
7,,0.0,0.0,0.0,0.0,11.037260313668911,0.0,0.0,0.0,0.0,0.0,,0.0,0.0,0.0,0.0,0.0,0.0,0.0,0.0,0.0,0.0,,0.0,0.0,13.094304566778266,0.0,0.0,,0.0,0.0,0.0,0.0,,0.0,0.0,0.0,0.0,0.0,0.0,0.0,0.0,0.0,0.0,,0.0,0.0,0.0,0.0,0.0,11.037260313668911,0.0,13.094304566778266,0.0,0.0,,0.0,0.0,,0.0,0.0,0.0,0.0,0.0,0.0,0.0,,0.0,10.904925124490397,0.0,0.0,0.0,0.0,0.0,0.0,0.0,0.0,,,0.0,0.0,0.0,,0.0,0.0,,10.904925124490397,,,0.0,0.0,0.0,0.0,0.0,0.0,0.0,0.0,0.0,0.0,
8,,0.0,0.0,0.0,0.0,11.037260313668911,0.0,0.0,0.0,0.0,0.0,,0.0,9.011647870223289,0.0,0.0,0.0,0.0,0.0,0.0,0.0,0.0,,,0.0,13.094304566778266,0.0,0.0,,0.0,0.0,9.011647870223289,,,0.0,0.0,0.0,0.0,0.0,0.0,0.0,0.0,0.0,0.0,,0.0,0.0,0.0,0.0,0.0,11.037260313668911,0.0,13.094304566778266,0.0,0.0,,0.0,0.0,0.0,0.0,0.0,0.0,0.0,0.0,0.0,0.0,,0.0,10.904925124490397,0.0,0.0,0.0,0.0,0.0,0.0,0.0,0.0,,0.0,0.0,0.0,0.0,,0.0,0.0,0.0,10.904925124490397,0.0,,0.0,0.0,0.0,0.0,0.0,0.0,0.0,0.0,0.0,0.0,
9,,0.0,0.0,0.0,0.0,,0.0,0.0,0.0,0.0,0.0,,0.0,9.011647870223289,0.0,0.0,0.0,0.0,0.0,0.0,0.0,0.0,,0.0,0.0,13.094304566778266,0.0,0.0,,0.0,0.0,9.011647870223289,0.0,,0.0,0.0,0.0,0.0,0.0,0.0,0.0,0.0,0.0,0.0,,0.0,0.0,0.0,0.0,0.0,,0.0,13.094304566778266,0.0,0.0,,0.0,0.0,0.0,0.0,0.0,0.0,0.0,0.0,0.0,0.0,,0.0,10.904925124490397,0.0,0.0,0.0,0.0,0.0,0.0,0.0,0.0,,0.0,0.0,0.0,0.0,,0.0,0.0,0.0,10.904925124490397,0.0,,0.0,0.0,0.0,0.0,0.0,0.0,0.0,0.0,0.0,0.0,
10,,0.0,0.0,0.0,0.0,11.037260313668911,0.0,0.0,0.0,0.0,0.0,,0.0,9.011647870223289,0.0,0.0,0.0,0.0,0.0,0.0,0.0,0.0,,0.0,0.0,13.094304566778266,0.0,0.0,,0.0,0.0,9.011647870223289,0.0,,0.0,0.0,0.0,0.0,0.0,0.0,0.0,0.0,0.0,0.0,,0.0,0.0,0.0,0.0,0.0,11.037260313668911,0.0,13.094304566778266,0.0,0.0,,0.0,0.0,0.0,0.0,0.0,0.0,0.0,0.0,0.0,0.0,,0.0,10.904925124490397,,0.0,0.0,0.0,0.0,0.0,0.0,0.0,,0.0,0.0,0.0,0.0,,0.0,0.0,0.0,10.904925124490397,0.0,,0.0,0.0,0.0,0.0,0.0,0.0,0.0,,0.0,0.0,
11,,0.0,0.0,0.0,0.0,11.037260313668911,0.0,0.0,0.0,0.0,0.0,,0.0,9.011647870223289,0.0,0.0,0.0,0.0,0.0,0.0,0.0,0.0,,0.0,0.0,13.094304566778266,0.0,0.0,,0.0,0.0,9.011647870223289,0.0,,0.0,0.0,0.0,,0.0,0.0,0.0,0.0,0.0,0.0,,0.0,0.0,0.0,0.0,0.0,11.037260313668911,0.0,13.094304566778266,0.0,0.0,,0.0,0.0,13.921795677048454,0.0,0.0,0.0,0.0,0.0,0.0,0.0,,0.0,10.904925124490397,0.0,0.0,0.0,0.0,,0.0,0.0,0.0,,0.0,0.0,0.0,0.0,,0.0,0.0,13.921795677048454,10.904925124490397,0.0,,0.0,0.0,0.0,0.0,0.0,0.0,0.0,0.0,0.0,0.0,
12,,0.0,0.0,0.0,,11.037260313668911,0.0,0.0,0.0,0.0,0.0,,0.0,9.011647870223289,0.0,0.0,0.0,0.0,0.0,0.0,0.0,0.0,,0.0,0.0,13.094304566778266,,0.0,,0.0,0.0,9.011647870223289,0.0,,0.0,0.0,0.0,0.0,0.0,0.0,,0.0,0.0,0.0,,,0.0,0.0,,0.0,11.037260313668911,0.0,13.094304566778266,0.0,,,0.0,0.0,13.921795677048454,0.0,0.0,0.0,,0.0,0.0,0.0,,0.0,10.904925124490397,0.0,0.0,0.0,0.0,0.0,0.0,0.0,0.0,,0.0,0.0,0.0,0.0,,0.0,,13.921795677048454,10.904925124490397,0.0,,0.0,0.0,0.0,0.0,0.0,0.0,0.0,0.0,0.0,0.0,
13,,0.0,0.0,0.0,0.0,,0.0,0.0,0.0,0.0,0.0,,0.0,9.011647870223289,0.0,0.0,0.0,0.0,0.0,0.0,0.0,0.0,,0.0,0.0,13.094304566778266,0.0,0.0,,0.0,0.0,9.011647870223289,0.0,,0.0,0.0,0.0,0.0,0.0,0.0,0.0,0.0,0.0,0.0,,0.0,0.0,0.0,0.0,0.0,,0.0,13.094304566778266,0.0,0.0,,0.0,0.0,13.921795677048454,0.0,0.0,0.0,0.0,0.0,0.0,0.0,,0.0,10.904925124490397,0.0,0.0,0.0,0.0,0.0,0.0,0.0,0.0,,0.0,0.0,0.0,0.0,,0.0,0.0,13.921795677048454,10.904925124490397,0.0,,0.0,0.0,0.0,0.0,0.0,0.0,0.0,0.0,0.0,0.0,
14,,0.0,0.0,0.0,0.0,11.037260313668911,0.0,0.0,0.0,0.0,0.0,,0.0,9.011647870223289,0.0,0.0,0.0,0.0,0.0,0.0,0.0,0.0,,0.0,0.0,13.094304566778266,0.0,0.0,,0.0,0.0,9.011647870223289,0.0,,0.0,0.0,0.0,0.0,0.0,0.0,0.0,0.0,0.0,0.0,,0.0,0.0,0.0,0.0,0.0,11.037260313668911,0.0,13.094304566778266,0.0,0.0,,0.0,0.0,13.921795677048454,0.0,0.0,0.0,0.0,0.0,0.0,0.0,,0.0,10.904925124490397,0.0,0.0,0.0,0.0,0.0,0.0,0.0,0.0,,0.0,0.0,0.0,0.0,,0.0,0.0,13.921795677048454,10.904925124490397,0.0,,0.0,0.0,0.0,0.0,0.0,0.0,0.0,0.0,0.0,0.0,
15,,0.0,0.0,0.0,0.0,11.037260313668911,0.0,0.0,0.0,0.0,0.0,,0.0,9.011647870223289,0.0,0.0,,0.0,0.0,0.0,0.0,0.0,,0.0,0.0,,0.0,0.0,,0.0,0.0,9.011647870223289,0.0,,0.0,0.0,0.0,0.0,0.0,0.0,0.0,0.0,0.0,0.0,,0.0,0.0,0.0,0.0,0.0,11.037260313668911,0.0,,0.0,0.0,,0.0,0.0,13.921795677048454,0.0,0.0,,0.0,0.0,0.0,0.0,,0.0,10.904925124490397,0.0,0.0,0.0,0.0,0.0,0.0,0.0,0.0,,0.0,0.0,0.0,0.0,,0.0,0.0,13.921795677048454,10.904925124490397,0.0,,0.0,0.0,0.0,0.0,0.0,0.0,0.0,0.0,0.0,0.0,
16,,0.0,0.0,0.0,0.0,11.037260313668911,0.0,,0.0,0.0,0.0,,0.0,9.011647870223289,0.0,0.0,0.0,0.0,0.0,,0.0,0.0,,0.0,,13.094304566778266,0.0,0.0,,0.0,0.0,9.011647870223289,0.0,,0.0,0.0,0.0,0.0,0.0,0.0,0.0,0.0,,0.0,,0.0,0.0,0.0,,0.0,11.037260313668911,0.0,13.094304566778266,0.0,0.0,,0.0,,13.921795677048454,0.0,0.0,0.0,0.0,0.0,0.0,0.0,,,10.904925124490397,,,0.0,0.0,0.0,0.0,,,,0.0,0.0,0.0,0.0,,0.0,,13.921795677048454,10.904925124490397,0.0,,0.0,0.0,,0.0,0.0,0.0,0.0,,0.0,0.0,
17,,0.0,0.0,0.0,0.0,11.037260313668911,0.0,0.0,0.0,0.0,0.0,,0.0,,0.0,0.0,0.0,0.0,0.0,0.0,0.0,0.0,,0.0,0.0,13.094304566778266,0.0,0.0,,0.0,0.0,,0.0,,0.0,0.0,,0.0,0.0,0.0,0.0,0.0,0.0,0.0,,,0.0,0.0,0.0,0.0,11.037260313668911,0.0,13.094304566778266,0.0,,,,0.0,13.921795677048454,0.0,0.0,0.0,0.0,,0.0,,,0.0,,0.0,0.0,0.0,0.0,0.0,0.0,0.0,0.0,,0.0,0.0,0.0,0.0,,0.0,0.0,13.921795677048454,,0.0,,0.0,0.0,0.0,0.0,0.0,0.0,0.0,0.0,0.0,0.0,
18,,0.0,0.0,0.0,0.0,,0.0,0.0,0.0,0.0,0.0,,,9.011647870223289,0.0,0.0,0.0,0.0,0.0,0.0,0.0,,,0.0,0.0,13.094304566778266,0.0,0.0,,0.0,0.0,9.011647870223289,0.0,,0.0,0.0,0.0,,0.0,0.0,0.0,0.0,0.0,0.0,,0.0,0.0,0.0,0.0,0.0,,0.0,13.094304566778266,0.0,0.0,,0.0,0.0,13.921795677048454,0.0,0.0,0.0,0.0,0.0,0.0,0.0,,0.0,10.904925124490397,0.0,0.0,0.0,0.0,,0.0,0.0,0.0,,0.0,0.0,0.0,0.0,,0.0,0.0,13.921795677048454,10.904925124490397,0.0,,0.0,0.0,0.0,0.0,0.0,0.0,0.0,0.0,0.0,0.0,
19,,0.0,0.0,0.0,0.0,11.037260313668911,0.0,0.0,0.0,0.0,0.0,,0.0,9.011647870223289,0.0,0.0,0.0,0.0,0.0,0.0,0.0,0.0,,0.0,0.0,13.094304566778266,0.0,0.0,,0.0,0.0,9.011647870223289,0.0,,0.0,0.0,0.0,0.0,0.0,0.0,0.0,0.0,0.0,0.0,,0.0,0.0,0.0,0.0,0.0,11.037260313668911,0.0,13.094304566778266,0.0,0.0,,0.0,,13.921795677048454,0.0,0.0,0.0,0.0,0.0,0.0,0.0,,0.0,,0.0,0.0,0.0,0.0,0.0,0.0,,0.0,,0.0,0.0,0.0,0.0,,0.0,0.0,13.921795677048454,,0.0,,0.0,0.0,0.0,0.0,0.0,0.0,0.0,0.0,0.0,0.0,
20,,0.0,0.0,0.0,0.0,11.037260313668911,0.0,0.0,0.0,0.0,0.0,,0.0,9.011647870223289,0.0,0.0,0.0,0.0,0.0,0.0,0.0,0.0,,0.0,0.0,13.094304566778266,,0.0,,0.0,0.0,9.011647870223289,0.0,,0.0,0.0,0.0,0.0,0.0,0.0,0.0,0.0,0.0,0.0,,0.0,0.0,0.0,0.0,0.0,11.037260313668911,0.0,13.094304566778266,0.0,0.0,,0.0,0.0,13.921795677048454,0.0,0.0,0.0,,0.0,0.0,0.0,,0.0,10.904925124490397,13.341104266407502,0.0,0.0,0.0,0.0,0.0,0.0,0.0,,0.0,0.0,0.0,0.0,,0.0,0.0,13.921795677048454,10.904925124490397,0.0,,0.0,0.0,0.0,0.0,0.0,0.0,0.0,13.341104266407502,0.0,0.0,
21,,0.0,0.0,0.0,0.0,11.037260313668911,0.0,0.0,0.0,0.0,0.0,,0.0,9.011647870223289,0.0,0.0,0.0,0.0,0.0,0.0,0.0,0.0,,0.0,0.0,13.094304566778266,,0.0,,0.0,0.0,9.011647870223289,0.0,,0.0,0.0,0.0,0.0,0.0,0.0,0.0,0.0,0.0,0.0,,0.0,0.0,0.0,0.0,0.0,11.037260313668911,0.0,13.094304566778266,0.0,0.0,,0.0,0.0,13.921795677048454,0.0,0.0,0.0,,0.0,0.0,0.0,,0.0,10.904925124490397,13.341104266407502,0.0,0.0,0.0,0.0,0.0,0.0,0.0,,0.0,0.0,0.0,0.0,,0.0,0.0,13.921795677048454,10.904925124490397,0.0,,0.0,0.0,0.0,0.0,0.0,0.0,0.0,13.341104266407502,0.0,0.0,
22,,0.0,0.0,,0.0,,0.0,0.0,0.0,0.0,0.0,,0.0,9.011647870223289,0.0,0.0,0.0,0.0,0.0,0.0,0.0,0.0,,,0.0,13.094304566778266,,0.0,,0.0,,9.011647870223289,,,0.0,0.0,0.0,0.0,0.0,,0.0,0.0,0.0,0.0,,0.0,0.0,0.0,0.0,0.0,,0.0,13.094304566778266,0.0,0.0,,0.0,0.0,13.921795677048454,0.0,0.0,0.0,,0.0,0.0,0.0,,0.0,10.904925124490397,13.341104266407502,0.0,0.0,0.0,0.0,0.0,0.0,0.0,,0.0,0.0,0.0,0.0,,0.0,0.0,13.921795677048454,10.904925124490397,0.0,,0.0,0.0,0.0,0.0,,0.0,0.0,13.341104266407502,0.0,0.0,
23,,0.0,0.0,0.0,0.0,11.037260313668911,0.0,0.0,0.0,0.0,0.0,,0.0,9.011647870223289,0.0,0.0,0.0,0.0,0.0,0.0,0.0,0.0,,0.0,0.0,13.094304566778266,,,,0.0,0.0,9.011647870223289,0.0,,0.0,0.0,0.0,0.0,0.0,0.0,0.0,0.0,0.0,0.0,,0.0,0.0,0.0,0.0,0.0,11.037260313668911,0.0,13.094304566778266,0.0,0.0,,0.0,0.0,13.921795677048454,0.0,0.0,0.0,,0.0,0.0,0.0,,0.0,10.904925124490397,13.341104266407502,0.0,0.0,,0.0,0.0,0.0,0.0,,0.0,0.0,0.0,0.0,,0.0,0.0,13.921795677048454,10.904925124490397,0.0,,0.0,0.0,0.0,0.0,0.0,0.0,0.0,13.341104266407502,0.0,0.0,
24,,0.0,0.0,,0.0,11.037260313668911,0.0,0.0,0.0,0.0,0.0,,0.0,9.011647870223289,0.0,0.0,0.0,0.0,0.0,0.0,0.0,0.0,,0.0,0.0,13.094304566778266,,0.0,,0.0,,9.011647870223289,0.0,,0.0,0.0,0.0,0.0,0.0,,0.0,0.0,0.0,0.0,,0.0,0.0,0.0,0.0,0.0,11.037260313668911,0.0,13.094304566778266,0.0,0.0,,0.0,0.0,13.921795677048454,0.0,0.0,0.0,,0.0,0.0,0.0,,0.0,10.904925124490397,13.341104266407502,0.0,0.0,0.0,0.0,0.0,0.0,0.0,,0.0,0.0,0.0,0.0,,0.0,0.0,13.921795677048454,10.904925124490397,0.0,,0.0,0.0,0.0,0.0,,0.0,0.0,13.341104266407502,0.0,0.0,
25,,0.0,0.0,0.0,0.0,11.037260313668911,0.0,0.0,0.0,0.0,0.0,,,9.011647870223289,0.0,0.0,0.0,0.0,5.265359696838637,0.0,0.0,,,0.0,0.0,13.094304566778266,,0.0,,0.0,0.0,9.011647870223289,0.0,,0.0,0.0,0.0,0.0,0.0,0.0,0.0,0.0,0.0,0.0,,0.0,0.0,0.0,0.0,0.0,11.037260313668911,0.0,13.094304566778266,0.0,0.0,,0.0,0.0,13.921795677048454,0.0,0.0,0.0,,0.0,0.0,0.0,,0.0,,13.341104266407502,0.0,0.0,0.0,0.0,0.0,0.0,0.0,,0.0,0.0,0.0,5.265359696838637,,0.0,0.0,13.921795677048454,,0.0,,0.0,0.0,0.0,0.0,0.0,0.0,0.0,13.341104266407502,0.0,0.0,
26,,0.0,0.0,0.0,0.0,11.037260313668911,0.0,0.0,0.0,0.0,0.0,,0.0,9.011647870223289,0.0,0.0,0.0,0.0,5.265359696838637,0.0,0.0,0.0,,0.0,0.0,13.094304566778266,,0.0,,0.0,0.0,9.011647870223289,0.0,,0.0,0.0,0.0,0.0,0.0,8.701809671168826,0.0,0.0,0.0,0.0,,0.0,0.0,0.0,,0.0,11.037260313668911,0.0,13.094304566778266,0.0,0.0,,0.0,0.0,13.921795677048454,0.0,0.0,0.0,,0.0,0.0,0.0,,0.0,10.904925124490397,13.341104266407502,0.0,0.0,0.0,0.0,0.0,0.0,0.0,,0.0,0.0,0.0,5.265359696838637,,0.0,,13.921795677048454,10.904925124490397,0.0,,0.0,0.0,0.0,0.0,8.701809671168826,0.0,0.0,13.341104266407502,0.0,0.0,
27,,0.0,0.0,0.0,0.0,,0.0,0.0,0.0,0.0,0.0,,0.0,9.011647870223289,0.0,0.0,0.0,0.0,5.265359696838637,0.0,0.0,0.0,,0.0,0.0,13.094304566778266,,7.7787134167164185,,0.0,0.0,9.011647870223289,0.0,,0.0,0.0,0.0,0.0,5.297972194380703,8.701809671168826,0.0,0.0,0.0,0.0,,0.0,0.0,0.0,0.0,0.0,,0.0,13.094304566778266,0.0,0.0,,0.0,0.0,13.921795677048454,0.0,0.0,0.0,,0.0,0.0,0.0,,0.0,10.904925124490397,13.341104266407502,0.0,0.0,7.7787134167164185,0.0,0.0,0.0,0.0,,0.0,0.0,0.0,5.265359696838637,,5.297972194380703,0.0,13.921795677048454,10.904925124490397,0.0,,0.0,0.0,0.0,0.0,8.701809671168826,0.0,0.0,13.341104266407502,0.0,0.0,
28,,0.0,0.0,0.0,0.0,11.037260313668911,,0.0,0.0,0.0,0.0,,0.0,9.011647870223289,0.0,0.0,0.0,0.0,5.265359696838637,0.0,0.0,0.0,,0.0,10.449414806032166,13.094304566778266,,7.7787134167164185,,0.0,0.0,9.011647870223289,0.0,,0.0,0.0,11.881619584333132,0.0,5.297972194380703,8.701809671168826,0.0,0.0,10.449414806032166,0.0,,0.0,0.0,0.0,0.0,0.0,11.037260313668911,0.0,13.094304566778266,0.0,0.0,,0.0,0.0,13.921795677048454,0.0,,0.0,,11.881619584333132,0.0,0.0,,,,13.341104266407502,0.0,0.0,7.7787134167164185,0.0,0.0,0.0,,,0.0,0.0,0.0,5.265359696838637,,5.297972194380703,0.0,13.921795677048454,,0.0,,0.0,0.0,0.0,0.0,8.701809671168826,0.0,0.0,13.341104266407502,0.0,0.0,
29,,0.0,0.0,0.0,0.0,11.037260313668911,0.0,0.0,0.0,0.0,0.0,,0.0,9.011647870223289,0.0,0.0,,0.0,5.265359696838637,0.0,0.0,0.0,,,10.449414806032166,13.094304566778266,,7.7787134167164185,,0.0,0.0,9.011647870223289,,,0.0,0.0,11.881619584333132,0.0,5.297972194380703,8.701809671168826,0.0,0.0,10.449414806032166,0.0,,0.0,0.0,14.852215206607578,,0.0,11.037260313668911,0.0,13.094304566778266,0.0,0.0,,0.0,0.0,13.921795677048454,0.0,0.0,,,11.881619584333132,0.0,0.0,,0.0,10.904925124490397,13.341104266407502,0.0,0.0,7.7787134167164185,0.0,14.852215206607578,0.0,0.0,,0.0,0.0,0.0,5.265359696838637,,5.297972194380703,,13.921795677048454,10.904925124490397,0.0,,0.0,0.0,0.0,0.0,8.701809671168826,0.0,0.0,13.341104266407502,0.0,0.0,
30,,0.0,0.0,0.0,0.0,11.037260313668911,0.0,0.0,0.0,0.0,0.0,,0.0,9.011647870223289,0.0,0.0,12.759999115462449,0.0,5.265359696838637,0.0,0.0,0.0,,,,13.094304566778266,,7.7787134167164185,,0.0,0.0,9.011647870223289,,,0.0,0.0,11.881619584333132,0.0,5.297972194380703,8.701809671168826,0.0,0.0,,0.0,,0.0,0.0,14.852215206607578,0.0,0.0,11.037260313668911,0.0,13.094304566778266,0.0,0.0,,0.0,0.0,13.921795677048454,0.0,0.0,12.759999115462449,,11.881619584333132,0.0,0.0,,0.0,10.904925124490397,13.341104266407502,0.0,0.0,7.7787134167164185,0.0,14.852215206607578,0.0,0.0,,0.0,0.0,0.0,5.265359696838637,,5.297972194380703,0.0,13.921795677048454,10.904925124490397,0.0,,0.0,0.0,0.0,0.0,8.701809671168826,0.0,0.0,13.341104266407502,0.0,0.0,
31,,0.0,0.0,0.0,0.0,11.037260313668911,0.0,0.0,12.415504997598328,0.0,0.0,,0.0,9.011647870223289,0.0,0.0,,0.0,5.265359696838637,0.0,0.0,0.0,,0.0,10.449414806032166,13.094304566778266,,7.7787134167164185,,0.0,0.0,9.011647870223289,0.0,,0.0,0.0,11.881619584333132,0.0,5.297972194380703,8.701809671168826,0.0,0.0,10.449414806032166,0.0,,0.0,0.0,14.852215206607578,0.0,0.0,11.037260313668911,0.0,13.094304566778266,0.0,0.0,,0.0,0.0,13.921795677048454,0.0,0.0,,,11.881619584333132,0.0,0.0,,0.0,10.904925124490397,13.341104266407502,0.0,0.0,7.7787134167164185,0.0,14.852215206607578,0.0,0.0,,0.0,0.0,12.415504997598328,5.265359696838637,,5.297972194380703,0.0,13.921795677048454,10.904925124490397,0.0,,0.0,0.0,0.0,0.0,8.701809671168826,0.0,0.0,13.341104266407502,0.0,0.0,
32,,0.0,0.0,,0.0,11.037260313668911,0.0,0.0,12.415504997598328,0.0,0.0,,0.0,9.011647870223289,0.0,0.0,12.759999115462449,0.0,5.265359696838637,0.0,0.0,0.0,,0.0,10.449414806032166,13.094304566778266,,7.7787134167164185,,0.0,,9.011647870223289,0.0,,0.0,0.0,11.881619584333132,0.0,5.297972194380703,,0.0,0.0,10.449414806032166,0.0,,0.0,0.0,14.852215206607578,0.0,0.0,11.037260313668911,0.0,13.094304566778266,0.0,0.0,,0.0,0.0,13.921795677048454,0.0,0.0,12.759999115462449,,11.881619584333132,0.0,0.0,,0.0,10.904925124490397,13.341104266407502,0.0,0.0,7.7787134167164185,0.0,14.852215206607578,0.0,0.0,,,0.0,12.415504997598328,5.265359696838637,,5.297972194380703,0.0,13.921795677048454,10.904925124490397,,,0.0,0.0,0.0,0.0,,0.0,0.0,13.341104266407502,0.0,0.0,
33,,,0.0,0.0,0.0,11.037260313668911,0.0,0.0,12.415504997598328,0.0,,,0.0,9.011647870223289,0.0,0.0,12.759999115462449,0.0,5.265359696838637,0.0,0.0,0.0,,,10.449414806032166,,,7.7787134167164185,,0.0,0.0,9.011647870223289,,,0.0,0.0,11.881619584333132,0.0,5.297972194380703,8.701809671168826,0.0,0.0,10.449414806032166,0.0,,0.0,0.0,14.852215206607578,0.0,0.0,11.037260313668911,0.0,,0.0,0.0,,0.0,0.0,,0.0,0.0,12.759999115462449,,11.881619584333132,0.0,0.0,,0.0,10.904925124490397,13.341104266407502,0.0,0.0,7.7787134167164185,0.0,14.852215206607578,0.0,0.0,,0.0,0.0,12.415504997598328,5.265359696838637,,5.297972194380703,0.0,,10.904925124490397,0.0,,0.0,0.0,0.0,0.0,8.701809671168826,0.0,0.0,13.341104266407502,0.0,0.0,
34,,0.0,0.0,0.0,0.0,11.037260313668911,0.0,0.0,12.415504997598328,0.0,0.0,,0.0,9.011647870223289,0.0,0.0,12.759999115462449,0.0,5.265359696838637,0.0,0.0,0.0,,0.0,10.449414806032166,13.094304566778266,,7.7787134167164185,,0.0,0.0,9.011647870223289,0.0,,0.0,0.0,11.881619584333132,0.0,5.297972194380703,8.701809671168826,0.0,0.0,10.449414806032166,0.0,,0.0,0.0,14.852215206607578,0.0,0.0,11.037260313668911,0.0,13.094304566778266,0.0,0.0,,0.0,0.0,13.921795677048454,0.0,0.0,12.759999115462449,,11.881619584333132,0.0,0.0,,0.0,10.904925124490397,13.341104266407502,0.0,0.0,7.7787134167164185,0.0,14.852215206607578,0.0,0.0,,0.0,0.0,12.415504997598328,5.265359696838637,,5.297972194380703,0.0,13.921795677048454,10.904925124490397,0.0,,0.0,0.0,0.0,0.0,8.701809671168826,0.0,0.0,13.341104266407502,0.0,0.0,
35,,0.0,0.0,0.0,0.0,11.037260313668911,0.0,0.0,12.415504997598328,0.0,0.0,,0.0,9.011647870223289,0.0,0.0,12.759999115462449,0.0,5.265359696838637,0.0,0.0,0.0,,0.0,10.449414806032166,13.094304566778266,,7.7787134167164185,,9.492090462838537,0.0,9.011647870223289,0.0,,0.0,0.0,11.881619584333132,0.0,5.297972194380703,8.701809671168826,0.0,0.0,10.449414806032166,0.0,,,0.0,14.852215206607578,0.0,0.0,11.037260313668911,0.0,13.094304566778266,0.0,,,0.0,0.0,13.921795677048454,0.0,0.0,12.759999115462449,,11.881619584333132,0.0,0.0,,0.0,10.904925124490397,13.341104266407502,0.0,0.0,7.7787134167164185,0.0,14.852215206607578,0.0,0.0,,0.0,0.0,12.415504997598328,5.265359696838637,,5.297972194380703,0.0,13.921795677048454,10.904925124490397,0.0,,0.0,0.0,0.0,9.492090462838537,8.701809671168826,0.0,0.0,13.341104266407502,0.0,0.0,
36,,0.0,0.0,0.0,0.0,,0.0,0.0,12.415504997598328,0.0,0.0,,0.0,9.011647870223289,0.0,0.0,,0.0,5.265359696838637,0.0,0.0,0.0,,0.0,10.449414806032166,13.094304566778266,,7.7787134167164185,,9.492090462838537,0.0,9.011647870223289,0.0,,0.0,0.0,11.881619584333132,0.0,5.297972194380703,8.701809671168826,0.0,0.0,10.449414806032166,0.0,,,0.0,14.852215206607578,0.0,0.0,,0.0,13.094304566778266,0.0,,,,0.0,13.921795677048454,0.0,0.0,,,11.881619584333132,0.0,,,0.0,10.904925124490397,13.341104266407502,0.0,0.0,7.7787134167164185,0.0,14.852215206607578,0.0,0.0,,0.0,0.0,12.415504997598328,5.265359696838637,,5.297972194380703,0.0,13.921795677048454,10.904925124490397,0.0,,0.0,0.0,0.0,9.492090462838537,8.701809671168826,0.0,0.0,13.341104266407502,0.0,0.0,
37,,0.0,0.0,0.0,0.0,11.037260313668911,0.0,5.788001980784582,12.415504997598328,0.0,0.0,,0.0,9.011647870223289,0.0,0.0,12.759999115462449,0.0,5.265359696838637,0.0,0.0,0.0,,0.0,10.449414806032166,13.094304566778266,,7.7787134167164185,,9.492090462838537,0.0,9.011647870223289,0.0,,7.278982756515468,0.0,11.881619584333132,0.0,5.297972194380703,8.701809671168826,0.0,0.0,10.449414806032166,7.278982756515468,,0.0,0.0,14.852215206607578,0.0,0.0,11.037260313668911,0.0,13.094304566778266,0.0,0.0,,0.0,0.0,13.921795677048454,0.0,0.0,12.759999115462449,,11.881619584333132,0.0,0.0,,0.0,10.904925124490397,13.341104266407502,5.788001980784582,0.0,7.7787134167164185,0.0,14.852215206607578,0.0,0.0,,0.0,0.0,12.415504997598328,5.265359696838637,,5.297972194380703,0.0,13.921795677048454,10.904925124490397,0.0,,0.0,0.0,0.0,9.492090462838537,8.701809671168826,0.0,0.0,13.341104266407502,0.0,0.0,
38,,0.0,0.0,0.0,0.0,11.037260313668911,0.0,5.788001980784582,12.415504997598328,0.0,0.0,,0.0,9.011647870223289,0.0,0.0,12.759999115462449,0.0,5.265359696838637,0.0,0.0,0.0,,0.0,10.449414806032166,13.094304566778266,,7.7787134167164185,,9.492090462838537,0.0,9.011647870223289,0.0,,7.278982756515468,0.0,11.881619584333132,0.0,5.297972194380703,8.701809671168826,0.0,0.0,10.449414806032166,7.278982756515468,,0.0,0.0,14.852215206607578,0.0,0.0,11.037260313668911,0.0,13.094304566778266,0.0,0.0,,0.0,0.0,13.921795677048454,0.0,0.0,12.759999115462449,,11.881619584333132,0.0,0.0,,0.0,10.904925124490397,13.341104266407502,5.788001980784582,0.0,7.7787134167164185,0.0,14.852215206607578,0.0,0.0,,0.0,0.0,12.415504997598328,5.265359696838637,,5.297972194380703,0.0,13.921795677048454,10.904925124490397,0.0,,0.0,0.0,0.0,9.492090462838537,8.701809671168826,0.0,0.0,13.341104266407502,0.0,0.0,
39,,0.0,0.0,0.0,0.0,11.037260313668911,0.0,5.788001980784582,12.415504997598328,0.0,0.0,,0.0,9.011647870223289,0.0,0.0,12.759999115462449,0.0,5.265359696838637,0.0,0.0,0.0,,0.0,10.449414806032166,13.094304566778266,,7.7787134167164185,,9.492090462838537,0.0,9.011647870223289,0.0,,7.278982756515468,0.0,11.881619584333132,0.0,,8.701809671168826,0.0,0.0,10.449414806032166,7.278982756515468,,0.0,0.0,14.852215206607578,0.0,0.0,11.037260313668911,0.0,13.094304566778266,0.0,0.0,,0.0,0.0,,0.0,0.0,12.759999115462449,,11.881619584333132,0.0,0.0,,0.0,10.904925124490397,13.341104266407502,5.788001980784582,0.0,7.7787134167164185,0.0,14.852215206607578,0.0,0.0,,0.0,0.0,12.415504997598328,5.265359696838637,,,0.0,,10.904925124490397,0.0,,0.0,0.0,0.0,9.492090462838537,8.701809671168826,0.0,0.0,13.341104266407502,0.0,0.0,
40,,0.0,0.0,0.0,0.0,11.037260313668911,0.0,5.788001980784582,12.415504997598328,0.0,0.0,,0.0,9.011647870223289,0.0,0.0,12.759999115462449,0.0,5.265359696838637,0.0,0.0,0.0,,0.0,10.449414806032166,13.094304566778266,,7.7787134167164185,,9.492090462838537,0.0,9.011647870223289,0.0,,7.278982756515468,0.0,11.881619584333132,13.218025940068083,5.297972194380703,8.701809671168826,0.0,0.0,10.449414806032166,7.278982756515468,,0.0,0.0,14.852215206607578,0.0,0.0,11.037260313668911,0.0,13.094304566778266,0.0,0.0,,0.0,0.0,13.921795677048454,0.0,0.0,12.759999115462449,,11.881619584333132,0.0,0.0,,0.0,10.904925124490397,13.341104266407502,5.788001980784582,0.0,7.7787134167164185,13.218025940068083,14.852215206607578,0.0,0.0,,0.0,0.0,12.415504997598328,5.265359696838637,,5.297972194380703,0.0,13.921795677048454,10.904925124490397,0.0,,0.0,0.0,0.0,9.492090462838537,8.701809671168826,0.0,0.0,13.341104266407502,0.0,0.0,
41,,0.0,,0.0,0.0,11.037260313668911,0.0,5.788001980784582,12.415504997598328,0.0,0.0,,,9.011647870223289,0.0,0.0,12.759999115462449,0.0,5.265359696838637,0.0,,,,0.0,10.449414806032166,,,7.7787134167164185,,9.492090462838537,0.0,9.011647870223289,0.0,,7.278982756515468,0.0,11.881619584333132,13.218025940068083,5.297972194380703,8.701809671168826,0.0,0.0,10.449414806032166,7.278982756515468,,0.0,0.0,14.852215206607578,0.0,0.0,11.037260313668911,0.0,,0.0,0.0,,0.0,0.0,13.921795677048454,0.0,0.0,12.759999115462449,,11.881619584333132,0.0,0.0,,0.0,10.904925124490397,13.341104266407502,5.788001980784582,0.0,7.7787134167164185,13.218025940068083,14.852215206607578,0.0,0.0,,0.0,0.0,12.415504997598328,5.265359696838637,,5.297972194380703,0.0,13.921795677048454,10.904925124490397,0.0,,0.0,0.0,0.0,9.492090462838537,8.701809671168826,0.0,0.0,13.341104266407502,0.0,0.0,
42,,0.0,0.0,0.0,0.0,11.037260313668911,0.0,5.788001980784582,12.415504997598328,0.0,0.0,,0.0,9.011647870223289,0.0,0.0,12.759999115462449,0.0,5.265359696838637,0.0,0.0,0.0,,0.0,10.449414806032166,13.094304566778266,,7.7787134167164185,,9.492090462838537,0.0,9.011647870223289,0.0,,7.278982756515468,0.0,11.881619584333132,13.218025940068083,5.297972194380703,8.701809671168826,0.0,0.0,10.449414806032166,7.278982756515468,,0.0,0.0,14.852215206607578,0.0,0.0,11.037260313668911,0.0,13.094304566778266,0.0,0.0,,0.0,0.0,13.921795677048454,0.0,0.0,12.759999115462449,,11.881619584333132,0.0,0.0,,0.0,10.904925124490397,13.341104266407502,5.788001980784582,0.0,7.7787134167164185,13.218025940068083,14.852215206607578,0.0,0.0,,0.0,0.0,12.415504997598328,5.265359696838637,,5.297972194380703,0.0,13.921795677048454,10.904925124490397,0.0,,0.0,0.0,0.0,9.492090462838537,8.701809671168826,0.0,0.0,13.341104266407502,0.0,0.0,
43,,0.0,0.0,0.0,0.0,11.037260313668911,0.0,5.788001980784582,12.415504997598328,0.0,0.0,,,,0.0,0.0,12.759999115462449,0.0,5.265359696838637,0.0,0.0,,,11.981393949882268,10.449414806032166,13.094304566778266,,7.7787134167164185,,9.492090462838537,0.0,,11.981393949882268,,7.278982756515468,0.0,11.881619584333132,13.218025940068083,5.297972194380703,8.701809671168826,0.0,0.0,10.449414806032166,7.278982756515468,,0.0,0.0,14.852215206607578,0.0,0.0,11.037260313668911,0.0,13.094304566778266,0.0,0.0,,0.0,0.0,,0.0,0.0,12.759999115462449,,11.881619584333132,0.0,0.0,,0.0,10.904925124490397,13.341104266407502,5.788001980784582,0.0,7.7787134167164185,13.218025940068083,14.852215206607578,0.0,0.0,,0.0,0.0,12.415504997598328,5.265359696838637,,5.297972194380703,0.0,,10.904925124490397,0.0,,0.0,0.0,0.0,9.492090462838537,8.701809671168826,0.0,0.0,13.341104266407502,0.0,0.0,
44,,0.0,0.0,0.0,0.0,11.037260313668911,0.0,5.788001980784582,12.415504997598328,5.96716376833464,0.0,,,,0.0,0.0,,0.0,5.265359696838637,0.0,0.0,,,11.981393949882268,10.449414806032166,13.094304566778266,,7.7787134167164185,,9.492090462838537,0.0,,11.981393949882268,,7.278982756515468,0.0,11.881619584333132,13.218025940068083,5.297972194380703,8.701809671168826,0.0,0.0,10.449414806032166,7.278982756515468,,0.0,0.0,14.852215206607578,0.0,0.0,11.037260313668911,0.0,13.094304566778266,0.0,0.0,,0.0,0.0,13.921795677048454,0.0,0.0,,,11.881619584333132,0.0,0.0,,0.0,10.904925124490397,13.341104266407502,5.788001980784582,0.0,7.7787134167164185,13.218025940068083,14.852215206607578,0.0,0.0,,0.0,0.0,12.415504997598328,5.265359696838637,,5.297972194380703,0.0,13.921795677048454,10.904925124490397,0.0,,0.0,5.96716376833464,0.0,9.492090462838537,8.701809671168826,0.0,0.0,13.341104266407502,0.0,0.0,
45,,0.0,0.0,0.0,0.0,11.037260313668911,0.0,5.788001980784582,12.415504997598328,5.96716376833464,0.0,,,9.011647870223289,0.0,0.0,12.759999115462449,0.0,5.265359696838637,0.0,0.0,,,11.981393949882268,10.449414806032166,13.094304566778266,,7.7787134167164185,,9.492090462838537,0.0,9.011647870223289,11.981393949882268,,7.278982756515468,0.0,11.881619584333132,13.218025940068083,5.297972194380703,8.701809671168826,0.0,0.0,10.449414806032166,7.278982756515468,,0.0,0.0,,0.0,0.0,11.037260313668911,0.0,13.094304566778266,0.0,0.0,,0.0,0.0,13.921795677048454,0.0,0.0,12.759999115462449,,11.881619584333132,0.0,0.0,,0.0,10.904925124490397,13.341104266407502,5.788001980784582,0.0,7.7787134167164185,13.218025940068083,,0.0,0.0,,0.0,0.0,12.415504997598328,5.265359696838637,,5.297972194380703,0.0,13.921795677048454,10.904925124490397,0.0,,0.0,5.96716376833464,0.0,9.492090462838537,8.701809671168826,0.0,0.0,13.341104266407502,0.0,0.0,
46,,0.0,0.0,0.0,0.0,11.037260313668911,0.0,5.788001980784582,12.415504997598328,5.96716376833464,0.0,,,9.011647870223289,0.0,0.0,12.759999115462449,0.0,5.265359696838637,0.0,0.0,,,11.981393949882268,10.449414806032166,13.094304566778266,,7.7787134167164185,,9.492090462838537,0.0,9.011647870223289,11.981393949882268,,7.278982756515468,0.0,11.881619584333132,13.218025940068083,5.297972194380703,8.701809671168826,0.0,0.0,10.449414806032166,7.278982756515468,,0.0,0.0,14.852215206607578,0.0,13.85451747936807,11.037260313668911,0.0,13.094304566778266,0.0,0.0,,0.0,0.0,13.921795677048454,0.0,0.0,12.759999115462449,,11.881619584333132,0.0,0.0,,0.0,,13.341104266407502,5.788001980784582,0.0,7.7787134167164185,13.218025940068083,14.852215206607578,0.0,0.0,,0.0,0.0,12.415504997598328,5.265359696838637,,5.297972194380703,0.0,13.921795677048454,,0.0,,0.0,5.96716376833464,0.0,9.492090462838537,8.701809671168826,13.85451747936807,0.0,13.341104266407502,0.0,0.0,
47,,0.0,0.0,0.0,0.0,11.037260313668911,0.0,5.788001980784582,12.415504997598328,5.96716376833464,0.0,,,9.011647870223289,0.0,0.0,12.759999115462449,0.0,,0.0,0.0,,,11.981393949882268,10.449414806032166,13.094304566778266,,7.7787134167164185,,9.492090462838537,0.0,9.011647870223289,11.981393949882268,,7.278982756515468,0.0,11.881619584333132,13.218025940068083,5.297972194380703,8.701809671168826,0.0,0.0,10.449414806032166,7.278982756515468,,0.0,0.0,14.852215206607578,0.0,13.85451747936807,11.037260313668911,0.0,13.094304566778266,0.0,0.0,,0.0,0.0,13.921795677048454,0.0,0.0,12.759999115462449,,11.881619584333132,0.0,0.0,,0.0,10.904925124490397,13.341104266407502,5.788001980784582,0.0,7.7787134167164185,13.218025940068083,14.852215206607578,0.0,0.0,,0.0,0.0,12.415504997598328,,,5.297972194380703,0.0,13.921795677048454,10.904925124490397,0.0,,0.0,5.96716376833464,0.0,9.492090462838537,8.701809671168826,13.85451747936807,0.0,13.341104266407502,0.0,0.0,
48,,0.0,0.0,6.248261628532093,6.022102765198487,11.037260313668911,0.0,5.788001980784582,12.415504997598328,5.96716376833464,0.0,,,9.011647870223289,13.664836667552699,0.0,12.759999115462449,0.0,5.265359696838637,0.0,0.0,,,11.981393949882268,10.449414806032166,13.094304566778266,,7.7787134167164185,,9.492090462838537,6.248261628532093,9.011647870223289,11.981393949882268,,7.278982756515468,0.0,11.881619584333132,13.218025940068083,5.297972194380703,,6.022102765198487,13.664836667552699,10.449414806032166,7.278982756515468,,0.0,0.0,14.852215206607578,0.0,13.85451747936807,11.037260313668911,0.0,13.094304566778266,0.0,0.0,,0.0,0.0,13.921795677048454,0.0,0.0,12.759999115462449,,11.881619584333132,0.0,0.0,,0.0,10.904925124490397,13.341104266407502,5.788001980784582,0.0,7.7787134167164185,13.218025940068083,14.852215206607578,0.0,0.0,,0.0,0.0,12.415504997598328,5.265359696838637,,5.297972194380703,0.0,13.921795677048454,10.904925124490397,0.0,,0.0,5.96716376833464,0.0,9.492090462838537,,13.85451747936807,0.0,13.341104266407502,0.0,0.0,
49,,0.0,0.0,6.248261628532093,6.022102765198487,11.037260313668911,0.0,5.788001980784582,12.415504997598328,5.96716376833464,0.0,,,9.011647870223289,13.664836667552699,0.0,12.759999115462449,0.0,5.265359696838637,0.0,0.0,,,11.981393949882268,10.449414806032166,13.094304566778266,,7.7787134167164185,,9.492090462838537,6.248261628532093,9.011647870223289,11.981393949882268,,,0.0,11.881619584333132,13.218025940068083,5.297972194380703,,6.022102765198487,13.664836667552699,10.449414806032166,,,0.0,0.0,14.852215206607578,0.0,13.85451747936807,11.037260313668911,0.0,13.094304566778266,0.0,0.0,,0.0,0.0,13.921795677048454,0.0,0.0,12.759999115462449,,11.881619584333132,0.0,0.0,,0.0,10.904925124490397,13.341104266407502,5.788001980784582,0.0,7.7787134167164185,13.218025940068083,14.852215206607578,0.0,0.0,,0.0,0.0,12.415504997598328,5.265359696838637,,5.297972194380703,0.0,13.921795677048454,10.904925124490397,0.0,,0.0,5.96716376833464,0.0,9.492090462838537,,13.85451747936807,0.0,13.341104266407502,0.0,0.0,
50,,0.0,0.0,6.248261628532093,6.022102765198487,,0.0,5.788001980784582,12.415504997598328,5.96716376833464,0.0,,,9.011647870223289,13.664836667552699,0.0,12.759999115462449,0.0,5.265359696838637,0.0,0.0,,,11.981393949882268,10.449414806032166,13.094304566778266,,7.7787134167164185,,9.492090462838537,6.248261628532093,9.011647870223289,11.981393949882268,,7.278982756515468,0.0,11.881619584333132,13.218025940068083,5.297972194380703,,6.022102765198487,13.664836667552699,10.449414806032166,7.278982756515468,,0.0,0.0,14.852215206607578,0.0,13.85451747936807,,0.0,13.094304566778266,0.0,0.0,,0.0,0.0,,0.0,0.0,12.759999115462449,,11.881619584333132,0.0,0.0,,0.0,10.904925124490397,13.341104266407502,5.788001980784582,0.0,7.7787134167164185,13.218025940068083,14.852215206607578,0.0,0.0,,0.0,0.0,12.415504997598328,5.265359696838637,,5.297972194380703,0.0,,10.904925124490397,0.0,,0.0,5.96716376833464,0.0,9.492090462838537,,13.85451747936807,0.0,13.341104266407502,0.0,0.0,
51,,,0.0,6.248261628532093,6.022102765198487,11.037260313668911,0.0,5.788001980784582,12.415504997598328,5.96716376833464,,,,9.011647870223289,13.664836667552699,0.0,12.759999115462449,0.0,5.265359696838637,0.0,0.0,,,,10.449414806032166,13.094304566778266,,7.7787134167164185,,9.492090462838537,6.248261628532093,9.011647870223289,,,7.278982756515468,0.0,11.881619584333132,13.218025940068083,5.297972194380703,,6.022102765198487,13.664836667552699,10.449414806032166,7.278982756515468,,0.0,0.0,14.852215206607578,0.0,13.85451747936807,11.037260313668911,0.0,13.094304566778266,0.0,0.0,,0.0,0.0,13.921795677048454,0.0,0.0,12.759999115462449,,11.881619584333132,0.0,0.0,,0.0,10.904925124490397,13.341104266407502,5.788001980784582,0.0,7.7787134167164185,13.218025940068083,14.852215206607578,0.0,0.0,,0.0,0.0,12.415504997598328,5.265359696838637,,5.297972194380703,0.0,13.921795677048454,10.904925124490397,0.0,,0.0,5.96716376833464,0.0,9.492090462838537,,13.85451747936807,0.0,13.341104266407502,0.0,0.0,
52,,0.0,0.0,6.248261628532093,6.022102765198487,11.037260313668911,0.0,5.788001980784582,12.415504997598328,5.96716376833464,0.0,,,9.011647870223289,13.664836667552699,0.0,12.759999115462449,0.0,5.265359696838637,0.0,0.0,,,11.981393949882268,10.449414806032166,13.094304566778266,,7.7787134167164185,,9.492090462838537,6.248261628532093,9.011647870223289,11.981393949882268,,7.278982756515468,0.0,11.881619584333132,13.218025940068083,5.297972194380703,,6.022102765198487,13.664836667552699,10.449414806032166,7.278982756515468,,0.0,0.0,14.852215206607578,0.0,13.85451747936807,11.037260313668911,0.0,13.094304566778266,0.0,0.0,,0.0,0.0,13.921795677048454,0.0,0.0,12.759999115462449,,11.881619584333132,0.0,0.0,,0.0,10.904925124490397,13.341104266407502,5.788001980784582,0.0,7.7787134167164185,13.218025940068083,14.852215206607578,0.0,0.0,,0.0,0.0,12.415504997598328,5.265359696838637,,5.297972194380703,0.0,13.921795677048454,10.904925124490397,0.0,,0.0,5.96716376833464,0.0,9.492090462838537,,13.85451747936807,0.0,13.341104266407502,0.0,0.0,
53,,0.0,0.0,6.248261628532093,6.022102765198487,11.037260313668911,0.0,5.788001980784582,12.415504997598328,5.96716376833464,0.0,,,9.011647870223289,13.664836667552699,0.0,,0.0,5.265359696838637,0.0,0.0,,,11.981393949882268,10.449414806032166,,,7.7787134167164185,,9.492090462838537,6.248261628532093,9.011647870223289,11.981393949882268,,7.278982756515468,0.0,11.881619584333132,13.218025940068083,5.297972194380703,,6.022102765198487,13.664836667552699,10.449414806032166,7.278982756515468,,0.0,0.0,14.852215206607578,0.0,13.85451747936807,11.037260313668911,0.0,,0.0,0.0,,0.0,0.0,13.921795677048454,0.0,0.0,,,11.881619584333132,0.0,0.0,,0.0,10.904925124490397,13.341104266407502,5.788001980784582,0.0,7.7787134167164185,13.218025940068083,14.852215206607578,0.0,0.0,,,0.0,12.415504997598328,5.265359696838637,,5.297972194380703,0.0,13.921795677048454,10.904925124490397,,,0.0,5.96716376833464,0.0,9.492090462838537,,13.85451747936807,0.0,13.341104266407502,0.0,0.0,
54,,0.0,0.0,6.248261628532093,6.022102765198487,11.037260313668911,0.0,5.788001980784582,12.415504997598328,5.96716376833464,0.0,,,9.011647870223289,13.664836667552699,0.0,12.759999115462449,0.0,5.265359696838637,0.0,0.0,,,11.981393949882268,10.449414806032166,13.094304566778266,,7.7787134167164185,,9.492090462838537,6.248261628532093,9.011647870223289,11.981393949882268,,7.278982756515468,0.0,11.881619584333132,13.218025940068083,5.297972194380703,,6.022102765198487,13.664836667552699,10.449414806032166,7.278982756515468,,,0.0,,0.0,13.85451747936807,11.037260313668911,0.0,13.094304566778266,0.0,,,0.0,0.0,13.921795677048454,,0.0,12.759999115462449,,11.881619584333132,0.0,0.0,,0.0,10.904925124490397,13.341104266407502,5.788001980784582,0.0,7.7787134167164185,13.218025940068083,,0.0,0.0,,0.0,0.0,12.415504997598328,5.265359696838637,,5.297972194380703,0.0,13.921795677048454,10.904925124490397,0.0,,0.0,5.96716376833464,0.0,9.492090462838537,,13.85451747936807,,13.341104266407502,0.0,0.0,
55,,0.0,0.0,6.248261628532093,6.022102765198487,11.037260313668911,0.0,5.788001980784582,12.415504997598328,5.96716376833464,0.0,,,9.011647870223289,13.664836667552699,0.0,12.759999115462449,0.0,5.265359696838637,0.0,0.0,,,11.981393949882268,10.449414806032166,13.094304566778266,,7.7787134167164185,,9.492090462838537,6.248261628532093,9.011647870223289,11.981393949882268,,7.278982756515468,0.0,11.881619584333132,13.218025940068083,5.297972194380703,,6.022102765198487,13.664836667552699,10.449414806032166,7.278982756515468,,0.0,0.0,14.852215206607578,0.0,13.85451747936807,11.037260313668911,0.0,13.094304566778266,0.0,0.0,,0.0,0.0,13.921795677048454,0.0,0.0,12.759999115462449,,11.881619584333132,0.0,0.0,,0.0,10.904925124490397,13.341104266407502,5.788001980784582,0.0,7.7787134167164185,13.218025940068083,14.852215206607578,0.0,0.0,,0.0,0.0,12.415504997598328,5.265359696838637,,5.297972194380703,0.0,13.921795677048454,10.904925124490397,0.0,,0.0,5.96716376833464,0.0,9.492090462838537,,13.85451747936807,0.0,13.341104266407502,0.0,0.0,
56,,0.0,0.0,,6.022102765198487,11.037260313668911,0.0,5.788001980784582,12.415504997598328,5.96716376833464,0.0,,,9.011647870223289,13.664836667552699,0.0,12.759999115462449,0.0,5.265359696838637,0.0,0.0,,,11.981393949882268,10.449414806032166,13.094304566778266,,7.7787134167164185,,9.492090462838537,,9.011647870223289,11.981393949882268,,7.278982756515468,0.0,11.881619584333132,13.218025940068083,5.297972194380703,,6.022102765198487,13.664836667552699,10.449414806032166,7.278982756515468,,0.0,0.0,14.852215206607578,,13.85451747936807,11.037260313668911,0.0,13.094304566778266,0.0,0.0,,,0.0,,0.0,0.0,12.759999115462449,,11.881619584333132,0.0,,,0.0,10.904925124490397,13.341104266407502,5.788001980784582,0.0,7.7787134167164185,13.218025940068083,14.852215206607578,0.0,0.0,,0.0,0.0,12.415504997598328,5.265359696838637,,5.297972194380703,,,10.904925124490397,0.0,,0.0,5.96716376833464,0.0,9.492090462838537,,13.85451747936807,0.0,13.341104266407502,0.0,0.0,
57,,0.0,0.0,6.248261628532093,6.022102765198487,11.037260313668911,0.0,,12.415504997598328,5.96716376833464,0.0,,,9.011647870223289,13.664836667552699,0.0,12.759999115462449,0.0,5.265359696838637,0.0,0.0,,,11.981393949882268,10.449414806032166,13.094304566778266,,7.7787134167164185,,9.492090462838537,6.248261628532093,9.011647870223289,11.981393949882268,,7.278982756515468,0.0,11.881619584333132,13.218025940068083,5.297972194380703,,6.022102765198487,13.664836667552699,10.449414806032166,7.278982756515468,,0.0,0.0,14.852215206607578,0.0,13.85451747936807,11.037260313668911,0.0,13.094304566778266,0.0,0.0,,0.0,0.0,13.921795677048454,0.0,0.0,12.759999115462449,,11.881619584333132,0.0,0.0,,,10.904925124490397,13.341104266407502,,0.0,7.7787134167164185,13.218025940068083,14.852215206607578,0.0,,,0.0,0.0,12.415504997598328,5.265359696838637,,5.297972194380703,0.0,13.921795677048454,10.904925124490397,0.0,,0.0,5.96716376833464,0.0,9.492090462838537,,13.85451747936807,0.0,13.341104266407502,0.0,0.0,
58,,0.0,0.0,6.248261628532093,6.022102765198487,11.037260313668911,0.0,5.788001980784582,12.415504997598328,5.96716376833464,0.0,,,9.011647870223289,13.664836667552699,0.0,12.759999115462449,0.0,5.265359696838637,0.0,0.0,,,11.981393949882268,10.449414806032166,13.094304566778266,,7.7787134167164185,,9.492090462838537,6.248261628532093,9.011647870223289,11.981393949882268,,7.278982756515468,0.0,11.881619584333132,13.218025940068083,5.297972194380703,,6.022102765198487,13.664836667552699,10.449414806032166,7.278982756515468,,0.0,0.0,14.852215206607578,0.0,13.85451747936807,11.037260313668911,0.0,13.094304566778266,0.0,0.0,,0.0,0.0,13.921795677048454,0.0,0.0,12.759999115462449,,11.881619584333132,0.0,0.0,,0.0,10.904925124490397,13.341104266407502,5.788001980784582,0.0,7.7787134167164185,13.218025940068083,14.852215206607578,0.0,0.0,,0.0,0.0,12.415504997598328,5.265359696838637,,5.297972194380703,0.0,13.921795677048454,10.904925124490397,0.0,,0.0,5.96716376833464,0.0,9.492090462838537,,13.85451747936807,0.0,13.341104266407502,0.0,0.0,
59,,0.0,0.0,,6.022102765198487,11.037260313668911,0.0,5.788001980784582,12.415504997598328,5.96716376833464,0.0,,,9.011647870223289,13.664836667552699,0.0,12.759999115462449,0.0,5.265359696838637,0.0,0.0,,,11.981393949882268,10.449414806032166,13.094304566778266,,7.7787134167164185,,9.492090462838537,,9.011647870223289,11.981393949882268,,7.278982756515468,0.0,11.881619584333132,13.218025940068083,5.297972194380703,,6.022102765198487,13.664836667552699,10.449414806032166,7.278982756515468,,0.0,0.0,14.852215206607578,0.0,13.85451747936807,11.037260313668911,0.0,13.094304566778266,0.0,0.0,,0.0,7.448109251514262,13.921795677048454,0.0,0.0,12.759999115462449,,11.881619584333132,0.0,0.0,,0.0,10.904925124490397,13.341104266407502,5.788001980784582,0.0,7.7787134167164185,13.218025940068083,14.852215206607578,7.448109251514262,0.0,,0.0,0.0,12.415504997598328,5.265359696838637,,5.297972194380703,0.0,13.921795677048454,10.904925124490397,0.0,,0.0,5.96716376833464,0.0,9.492090462838537,,13.85451747936807,0.0,13.341104266407502,0.0,0.0,
60,,0.0,0.0,6.248261628532093,6.022102765198487,11.037260313668911,0.0,,12.415504997598328,5.96716376833464,0.0,,,9.011647870223289,13.664836667552699,0.0,,0.0,5.265359696838637,0.0,0.0,,,11.981393949882268,10.449414806032166,13.094304566778266,,7.7787134167164185,,9.492090462838537,6.248261628532093,9.011647870223289,11.981393949882268,,7.278982756515468,0.0,,13.218025940068083,5.297972194380703,,6.022102765198487,13.664836667552699,10.449414806032166,7.278982756515468,,0.0,0.0,14.852215206607578,0.0,13.85451747936807,11.037260313668911,0.0,13.094304566778266,0.0,0.0,,0.0,7.448109251514262,13.921795677048454,0.0,0.0,,,,0.0,0.0,,,10.904925124490397,13.341104266407502,,0.0,7.7787134167164185,13.218025940068083,14.852215206607578,7.448109251514262,,,0.0,0.0,12.415504997598328,5.265359696838637,,5.297972194380703,0.0,13.921795677048454,10.904925124490397,0.0,,0.0,5.96716376833464,0.0,9.492090462838537,,13.85451747936807,0.0,13.341104266407502,0.0,0.0,
61,,0.0,0.0,,6.022102765198487,11.037260313668911,0.0,5.788001980784582,12.415504997598328,5.96716376833464,0.0,,,9.011647870223289,13.664836667552699,0.0,,0.0,5.265359696838637,0.0,0.0,,,11.981393949882268,10.449414806032166,,,,,9.492090462838537,,9.011647870223289,11.981393949882268,,7.278982756515468,0.0,11.881619584333132,13.218025940068083,5.297972194380703,,6.022102765198487,13.664836667552699,10.449414806032166,7.278982756515468,,0.0,0.0,14.852215206607578,0.0,13.85451747936807,11.037260313668911,0.0,,0.0,0.0,,0.0,7.448109251514262,13.921795677048454,0.0,0.0,,,11.881619584333132,0.0,0.0,,0.0,10.904925124490397,13.341104266407502,5.788001980784582,0.0,,13.218025940068083,14.852215206607578,7.448109251514262,0.0,,0.0,0.0,12.415504997598328,5.265359696838637,,5.297972194380703,0.0,13.921795677048454,10.904925124490397,0.0,,0.0,5.96716376833464,0.0,9.492090462838537,,13.85451747936807,0.0,13.341104266407502,0.0,0.0,
62,,0.0,0.0,6.248261628532093,6.022102765198487,11.037260313668911,0.0,5.788001980784582,12.415504997598328,5.96716376833464,0.0,,,9.011647870223289,13.664836667552699,0.0,12.759999115462449,0.0,5.265359696838637,0.0,0.0,,,11.981393949882268,10.449414806032166,13.094304566778266,,7.7787134167164185,,9.492090462838537,6.248261628532093,9.011647870223289,11.981393949882268,,7.278982756515468,0.0,11.881619584333132,13.218025940068083,5.297972194380703,,6.022102765198487,13.664836667552699,10.449414806032166,7.278982756515468,,0.0,0.0,14.852215206607578,0.0,13.85451747936807,11.037260313668911,0.0,13.094304566778266,0.0,0.0,,0.0,,13.921795677048454,0.0,0.0,12.759999115462449,,11.881619584333132,0.0,0.0,,0.0,10.904925124490397,13.341104266407502,5.788001980784582,0.0,7.7787134167164185,13.218025940068083,14.852215206607578,,0.0,,0.0,0.0,12.415504997598328,5.265359696838637,,5.297972194380703,0.0,13.921795677048454,10.904925124490397,0.0,,0.0,5.96716376833464,0.0,9.492090462838537,,13.85451747936807,0.0,13.341104266407502,0.0,0.0,
63,,0.0,0.0,6.248261628532093,6.022102765198487,,0.0,5.788001980784582,12.415504997598328,5.96716376833464,0.0,,,9.011647870223289,13.664836667552699,0.0,12.759999115462449,0.0,5.265359696838637,0.0,0.0,,,11.981393949882268,10.449414806032166,13.094304566778266,,7.7787134167164185,,9.492090462838537,6.248261628532093,9.011647870223289,11.981393949882268,,7.278982756515468,,11.881619584333132,13.218025940068083,5.297972194380703,,6.022102765198487,13.664836667552699,10.449414806032166,7.278982756515468,,0.0,0.0,14.852215206607578,0.0,13.85451747936807,,0.0,13.094304566778266,,0.0,,0.0,7.448109251514262,13.921795677048454,0.0,0.0,12.759999115462449,,11.881619584333132,0.0,0.0,,0.0,10.904925124490397,13.341104266407502,5.788001980784582,0.0,7.7787134167164185,13.218025940068083,14.852215206607578,7.448109251514262,0.0,,0.0,0.0,12.415504997598328,5.265359696838637,,5.297972194380703,0.0,13.921795677048454,10.904925124490397,0.0,,0.0,5.96716376833464,0.0,9.492090462838537,,13.85451747936807,0.0,13.341104266407502,0.0,0.0,
64,,0.0,0.0,6.248261628532093,6.022102765198487,11.037260313668911,0.0,5.788001980784582,12.415504997598328,5.96716376833464,0.0,,,9.011647870223289,,0.0,12.759999115462449,0.0,5.265359696838637,0.0,0.0,,,11.981393949882268,10.449414806032166,13.094304566778266,,7.7787134167164185,,9.492090462838537,6.248261628532093,9.011647870223289,11.981393949882268,,7.278982756515468,0.0,11.881619584333132,13.218025940068083,5.297972194380703,,6.022102765198487,,10.449414806032166,7.278982756515468,,0.0,0.0,14.852215206607578,0.0,13.85451747936807,11.037260313668911,0.0,13.094304566778266,0.0,0.0,,0.0,7.448109251514262,13.921795677048454,0.0,0.0,12.759999115462449,,11.881619584333132,0.0,0.0,,0.0,10.904925124490397,13.341104266407502,5.788001980784582,0.0,7.7787134167164185,13.218025940068083,14.852215206607578,7.448109251514262,0.0,,0.0,0.0,12.415504997598328,5.265359696838637,,5.297972194380703,0.0,13.921795677048454,10.904925124490397,0.0,,0.0,5.96716376833464,0.0,9.492090462838537,,13.85451747936807,0.0,13.341104266407502,0.0,0.0,
65,,0.0,0.0,6.248261628532093,6.022102765198487,11.037260313668911,0.0,5.788001980784582,12.415504997598328,5.96716376833464,0.0,,,9.011647870223289,13.664836667552699,0.0,,0.0,5.265359696838637,0.0,0.0,,,11.981393949882268,10.449414806032166,13.094304566778266,,7.7787134167164185,,9.492090462838537,6.248261628532093,9.011647870223289,11.981393949882268,,7.278982756515468,0.0,,13.218025940068083,5.297972194380703,,6.022102765198487,13.664836667552699,10.449414806032166,7.278982756515468,,0.0,0.0,14.852215206607578,0.0,13.85451747936807,11.037260313668911,0.0,13.094304566778266,0.0,0.0,,0.0,7.448109251514262,13.921795677048454,0.0,0.0,,,,0.0,0.0,,0.0,10.904925124490397,13.341104266407502,5.788001980784582,0.0,7.7787134167164185,13.218025940068083,14.852215206607578,7.448109251514262,0.0,,0.0,0.0,12.415504997598328,5.265359696838637,,5.297972194380703,0.0,13.921795677048454,10.904925124490397,0.0,,0.0,5.96716376833464,0.0,9.492090462838537,,13.85451747936807,0.0,13.341104266407502,0.0,0.0,
66,,0.0,0.0,6.248261628532093,6.022102765198487,11.037260313668911,0.0,5.788001980784582,12.415504997598328,5.96716376833464,0.0,,,9.011647870223289,13.664836667552699,0.0,12.759999115462449,0.0,5.265359696838637,0.0,0.0,,,11.981393949882268,10.449414806032166,13.094304566778266,,7.7787134167164185,,9.492090462838537,6.248261628532093,9.011647870223289,11.981393949882268,,7.278982756515468,0.0,11.881619584333132,13.218025940068083,5.297972194380703,,6.022102765198487,13.664836667552699,10.449414806032166,7.278982756515468,,0.0,0.0,14.852215206607578,0.0,13.85451747936807,11.037260313668911,0.0,13.094304566778266,0.0,0.0,,0.0,,,0.0,0.0,12.759999115462449,,11.881619584333132,0.0,0.0,,0.0,10.904925124490397,13.341104266407502,5.788001980784582,0.0,7.7787134167164185,13.218025940068083,14.852215206607578,,0.0,,0.0,0.0,12.415504997598328,5.265359696838637,,5.297972194380703,0.0,,10.904925124490397,0.0,,0.0,5.96716376833464,0.0,9.492090462838537,,13.85451747936807,0.0,13.341104266407502,0.0,0.0,
67,,0.0,0.0,6.248261628532093,6.022102765198487,11.037260313668911,0.0,5.788001980784582,12.415504997598328,5.96716376833464,0.0,,,9.011647870223289,13.664836667552699,0.0,12.759999115462449,0.0,5.265359696838637,0.0,0.0,,,11.981393949882268,,13.094304566778266,,7.7787134167164185,,9.492090462838537,6.248261628532093,9.011647870223289,11.981393949882268,,7.278982756515468,0.0,11.881619584333132,13.218025940068083,5.297972194380703,,6.022102765198487,13.664836667552699,,7.278982756515468,,0.0,0.0,14.852215206607578,0.0,13.85451747936807,11.037260313668911,0.0,13.094304566778266,0.0,0.0,,0.0,7.448109251514262,13.921795677048454,,0.0,12.759999115462449,,11.881619584333132,0.0,0.0,,0.0,10.904925124490397,13.341104266407502,5.788001980784582,0.0,7.7787134167164185,13.218025940068083,14.852215206607578,7.448109251514262,0.0,,0.0,0.0,12.415504997598328,5.265359696838637,,5.297972194380703,0.0,13.921795677048454,10.904925124490397,0.0,,0.0,5.96716376833464,0.0,9.492090462838537,,13.85451747936807,,13.341104266407502,0.0,0.0,
68,,0.0,0.0,6.248261628532093,6.022102765198487,11.037260313668911,12.297317866938178,5.788001980784582,12.415504997598328,5.96716376833464,0.0,,,9.011647870223289,13.664836667552699,0.0,12.759999115462449,0.0,5.265359696838637,0.0,0.0,,,11.981393949882268,,13.094304566778266,,7.7787134167164185,,9.492090462838537,6.248261628532093,9.011647870223289,11.981393949882268,,7.278982756515468,0.0,11.881619584333132,13.218025940068083,5.297972194380703,,6.022102765198487,13.664836667552699,,7.278982756515468,,0.0,0.0,14.852215206607578,0.0,13.85451747936807,11.037260313668911,0.0,13.094304566778266,0.0,0.0,,0.0,7.448109251514262,13.921795677048454,0.0,12.297317866938178,12.759999115462449,,11.881619584333132,0.0,0.0,,0.0,10.904925124490397,13.341104266407502,5.788001980784582,0.0,7.7787134167164185,13.218025940068083,14.852215206607578,7.448109251514262,0.0,,0.0,0.0,12.415504997598328,5.265359696838637,,5.297972194380703,0.0,13.921795677048454,10.904925124490397,0.0,,0.0,5.96716376833464,0.0,9.492090462838537,,13.85451747936807,0.0,13.341104266407502,0.0,0.0,
69,,0.0,0.0,,6.022102765198487,11.037260313668911,12.297317866938178,5.788001980784582,12.415504997598328,5.96716376833464,0.0,,,9.011647870223289,13.664836667552699,0.0,12.759999115462449,0.0,5.265359696838637,0.0,0.0,,,,,,,7.7787134167164185,,,,9.011647870223289,,,7.278982756515468,0.0,11.881619584333132,13.218025940068083,5.297972194380703,,6.022102765198487,13.664836667552699,,7.278982756515468,,0.0,0.0,14.852215206607578,0.0,13.85451747936807,11.037260313668911,0.0,,0.0,0.0,,0.0,7.448109251514262,,0.0,12.297317866938178,12.759999115462449,,11.881619584333132,0.0,0.0,,0.0,10.904925124490397,13.341104266407502,5.788001980784582,0.0,7.7787134167164185,13.218025940068083,14.852215206607578,7.448109251514262,0.0,,0.0,0.0,12.415504997598328,5.265359696838637,,5.297972194380703,0.0,,10.904925124490397,0.0,,0.0,5.96716376833464,0.0,,,13.85451747936807,0.0,13.341104266407502,0.0,0.0,
70,,0.0,0.0,6.248261628532093,6.022102765198487,11.037260313668911,12.297317866938178,5.788001980784582,12.415504997598328,5.96716376833464,0.0,,,9.011647870223289,13.664836667552699,0.0,,0.0,5.265359696838637,0.0,0.0,,,11.981393949882268,10.449414806032166,,,7.7787134167164185,,9.492090462838537,6.248261628532093,9.011647870223289,11.981393949882268,,7.278982756515468,0.0,11.881619584333132,13.218025940068083,5.297972194380703,,6.022102765198487,13.664836667552699,10.449414806032166,7.278982756515468,,0.0,0.0,14.852215206607578,0.0,13.85451747936807,11.037260313668911,0.0,,0.0,0.0,,0.0,7.448109251514262,13.921795677048454,0.0,12.297317866938178,,,11.881619584333132,0.0,0.0,,0.0,10.904925124490397,13.341104266407502,5.788001980784582,0.0,7.7787134167164185,13.218025940068083,14.852215206607578,7.448109251514262,0.0,,0.0,0.0,12.415504997598328,5.265359696838637,,5.297972194380703,0.0,13.921795677048454,10.904925124490397,0.0,,0.0,5.96716376833464,0.0,9.492090462838537,,13.85451747936807,0.0,13.341104266407502,0.0,0.0,
71,,0.0,0.0,6.248261628532093,6.022102765198487,11.037260313668911,12.297317866938178,5.788001980784582,12.415504997598328,5.96716376833464,0.0,,,9.011647870223289,13.664836667552699,0.0,12.759999115462449,0.0,5.265359696838637,0.0,0.0,,,11.981393949882268,10.449414806032166,13.094304566778266,,7.7787134167164185,,9.492090462838537,6.248261628532093,9.011647870223289,11.981393949882268,,7.278982756515468,0.0,11.881619584333132,13.218025940068083,5.297972194380703,,6.022102765198487,13.664836667552699,10.449414806032166,7.278982756515468,,0.0,0.0,14.852215206607578,0.0,13.85451747936807,11.037260313668911,0.0,13.094304566778266,0.0,0.0,,0.0,,13.921795677048454,0.0,12.297317866938178,12.759999115462449,,11.881619584333132,0.0,0.0,,0.0,10.904925124490397,13.341104266407502,5.788001980784582,0.0,7.7787134167164185,13.218025940068083,14.852215206607578,,0.0,,0.0,0.0,12.415504997598328,5.265359696838637,,5.297972194380703,0.0,13.921795677048454,10.904925124490397,0.0,,0.0,5.96716376833464,0.0,9.492090462838537,,13.85451747936807,0.0,13.341104266407502,0.0,0.0,
72,,0.0,0.0,6.248261628532093,6.022102765198487,11.037260313668911,12.297317866938178,5.788001980784582,12.415504997598328,5.96716376833464,0.0,,,9.011647870223289,13.664836667552699,0.0,12.759999115462449,7.109828435863265,5.265359696838637,0.0,0.0,,,11.981393949882268,10.449414806032166,13.094304566778266,,7.7787134167164185,,9.492090462838537,6.248261628532093,9.011647870223289,11.981393949882268,,7.278982756515468,0.0,11.881619584333132,,5.297972194380703,,6.022102765198487,13.664836667552699,10.449414806032166,7.278982756515468,,0.0,0.0,14.852215206607578,0.0,13.85451747936807,11.037260313668911,0.0,13.094304566778266,0.0,0.0,,0.0,,13.921795677048454,0.0,12.297317866938178,12.759999115462449,,11.881619584333132,0.0,0.0,,0.0,10.904925124490397,13.341104266407502,5.788001980784582,7.109828435863265,7.7787134167164185,,14.852215206607578,,0.0,,0.0,0.0,12.415504997598328,5.265359696838637,,5.297972194380703,0.0,13.921795677048454,10.904925124490397,0.0,,0.0,5.96716376833464,0.0,9.492090462838537,,13.85451747936807,0.0,13.341104266407502,0.0,0.0,
73,,0.0,,6.248261628532093,6.022102765198487,11.037260313668911,12.297317866938178,5.788001980784582,12.415504997598328,5.96716376833464,0.0,,,9.011647870223289,13.664836667552699,0.0,12.759999115462449,7.109828435863265,5.265359696838637,0.0,,,,11.981393949882268,10.449414806032166,,,7.7787134167164185,,9.492090462838537,6.248261628532093,9.011647870223289,11.981393949882268,,7.278982756515468,0.0,11.881619584333132,13.218025940068083,5.297972194380703,,6.022102765198487,13.664836667552699,10.449414806032166,7.278982756515468,,0.0,0.0,14.852215206607578,0.0,13.85451747936807,11.037260313668911,0.0,,0.0,0.0,,0.0,7.448109251514262,13.921795677048454,0.0,12.297317866938178,12.759999115462449,,11.881619584333132,0.0,0.0,,0.0,10.904925124490397,13.341104266407502,5.788001980784582,7.109828435863265,7.7787134167164185,13.218025940068083,14.852215206607578,7.448109251514262,0.0,,0.0,0.0,12.415504997598328,5.265359696838637,,5.297972194380703,0.0,13.921795677048454,10.904925124490397,0.0,,0.0,5.96716376833464,0.0,9.492090462838537,,13.85451747936807,0.0,13.341104266407502,0.0,0.0,
74,,0.0,0.0,,6.022102765198487,11.037260313668911,12.297317866938178,5.788001980784582,12.415504997598328,5.96716376833464,0.0,,,9.011647870223289,13.664836667552699,0.0,12.759999115462449,7.109828435863265,5.265359696838637,0.0,0.0,,,,10.449414806032166,,,7.7787134167164185,,9.492090462838537,,9.011647870223289,,,7.278982756515468,0.0,11.881619584333132,13.218025940068083,5.297972194380703,,6.022102765198487,13.664836667552699,10.449414806032166,7.278982756515468,,0.0,0.0,14.852215206607578,0.0,13.85451747936807,11.037260313668911,0.0,,0.0,0.0,,0.0,7.448109251514262,13.921795677048454,0.0,12.297317866938178,12.759999115462449,,11.881619584333132,0.0,0.0,,0.0,10.904925124490397,13.341104266407502,5.788001980784582,7.109828435863265,7.7787134167164185,13.218025940068083,14.852215206607578,7.448109251514262,0.0,,0.0,0.0,12.415504997598328,5.265359696838637,,5.297972194380703,0.0,13.921795677048454,10.904925124490397,0.0,,0.0,5.96716376833464,0.0,9.492090462838537,,13.85451747936807,0.0,13.341104266407502,0.0,0.0,
75,,0.0,0.0,6.248261628532093,,,12.297317866938178,5.788001980784582,12.415504997598328,5.96716376833464,0.0,,,9.011647870223289,13.664836667552699,0.0,12.759999115462449,7.109828435863265,5.265359696838637,0.0,0.0,,,11.981393949882268,10.449414806032166,13.094304566778266,,7.7787134167164185,,9.492090462838537,6.248261628532093,9.011647870223289,11.981393949882268,,7.278982756515468,0.0,11.881619584333132,13.218025940068083,5.297972194380703,,,13.664836667552699,10.449414806032166,7.278982756515468,,0.0,0.0,,0.0,13.85451747936807,,0.0,13.094304566778266,0.0,0.0,,0.0,7.448109251514262,13.921795677048454,0.0,12.297317866938178,12.759999115462449,,11.881619584333132,0.0,0.0,,0.0,10.904925124490397,13.341104266407502,5.788001980784582,7.109828435863265,7.7787134167164185,13.218025940068083,,7.448109251514262,0.0,,0.0,0.0,12.415504997598328,5.265359696838637,,5.297972194380703,0.0,13.921795677048454,10.904925124490397,0.0,,0.0,5.96716376833464,0.0,9.492090462838537,,13.85451747936807,0.0,13.341104266407502,0.0,0.0,
76,,0.0,0.0,6.248261628532093,6.022102765198487,11.037260313668911,12.297317866938178,,12.415504997598328,5.96716376833464,0.0,,,9.011647870223289,13.664836667552699,0.0,12.759999115462449,7.109828435863265,,0.0,0.0,,,11.981393949882268,10.449414806032166,13.094304566778266,,7.7787134167164185,,9.492090462838537,6.248261628532093,9.011647870223289,11.981393949882268,,7.278982756515468,0.0,11.881619584333132,13.218025940068083,5.297972194380703,,6.022102765198487,13.664836667552699,10.449414806032166,7.278982756515468,,0.0,0.0,14.852215206607578,0.0,13.85451747936807,11.037260313668911,0.0,13.094304566778266,0.0,0.0,,0.0,7.448109251514262,13.921795677048454,0.0,12.297317866938178,12.759999115462449,,11.881619584333132,0.0,0.0,,,10.904925124490397,13.341104266407502,,7.109828435863265,7.7787134167164185,13.218025940068083,14.852215206607578,7.448109251514262,,,0.0,0.0,12.415504997598328,,,5.297972194380703,0.0,13.921795677048454,10.904925124490397,0.0,,0.0,5.96716376833464,0.0,9.492090462838537,,13.85451747936807,0.0,13.341104266407502,0.0,0.0,
77,,0.0,0.0,6.248261628532093,6.022102765198487,11.037260313668911,12.297317866938178,5.788001980784582,12.415504997598328,5.96716376833464,0.0,,,9.011647870223289,13.664836667552699,0.0,12.759999115462449,7.109828435863265,5.265359696838637,0.0,0.0,,,11.981393949882268,10.449414806032166,13.094304566778266,,7.7787134167164185,,9.492090462838537,6.248261628532093,9.011647870223289,11.981393949882268,,7.278982756515468,0.0,11.881619584333132,13.218025940068083,5.297972194380703,,6.022102765198487,13.664836667552699,10.449414806032166,7.278982756515468,,0.0,0.0,14.852215206607578,0.0,13.85451747936807,11.037260313668911,0.0,13.094304566778266,0.0,0.0,,0.0,7.448109251514262,13.921795677048454,0.0,12.297317866938178,12.759999115462449,,11.881619584333132,0.0,0.0,,0.0,10.904925124490397,13.341104266407502,5.788001980784582,7.109828435863265,7.7787134167164185,13.218025940068083,14.852215206607578,7.448109251514262,0.0,,7.326608933907396,0.0,12.415504997598328,5.265359696838637,,5.297972194380703,0.0,13.921795677048454,10.904925124490397,7.326608933907396,,0.0,5.96716376833464,0.0,9.492090462838537,,13.85451747936807,0.0,13.341104266407502,0.0,0.0,
78,,0.0,0.0,6.248261628532093,6.022102765198487,11.037260313668911,12.297317866938178,5.788001980784582,12.415504997598328,5.96716376833464,0.0,,,9.011647870223289,13.664836667552699,0.0,,7.109828435863265,5.265359696838637,,0.0,,,11.981393949882268,10.449414806032166,13.094304566778266,,7.7787134167164185,,,6.248261628532093,9.011647870223289,11.981393949882268,,7.278982756515468,0.0,11.881619584333132,13.218025940068083,5.297972194380703,,6.022102765198487,13.664836667552699,10.449414806032166,7.278982756515468,,0.0,0.0,14.852215206607578,0.0,13.85451747936807,11.037260313668911,0.0,13.094304566778266,0.0,0.0,,0.0,7.448109251514262,13.921795677048454,,12.297317866938178,,,11.881619584333132,0.0,0.0,,0.0,10.904925124490397,13.341104266407502,5.788001980784582,7.109828435863265,7.7787134167164185,13.218025940068083,14.852215206607578,7.448109251514262,0.0,,7.326608933907396,0.0,12.415504997598328,5.265359696838637,,5.297972194380703,0.0,13.921795677048454,10.904925124490397,7.326608933907396,,0.0,5.96716376833464,,,,13.85451747936807,,13.341104266407502,0.0,0.0,
79,,,0.0,6.248261628532093,6.022102765198487,11.037260313668911,12.297317866938178,,12.415504997598328,5.96716376833464,,,,9.011647870223289,13.664836667552699,0.0,12.759999115462449,7.109828435863265,5.265359696838637,0.0,0.0,,,11.981393949882268,10.449414806032166,13.094304566778266,,7.7787134167164185,,9.492090462838537,6.248261628532093,9.011647870223289,11.981393949882268,,7.278982756515468,0.0,11.881619584333132,13.218025940068083,5.297972194380703,,6.022102765198487,13.664836667552699,10.449414806032166,7.278982756515468,,0.0,0.0,14.852215206607578,0.0,13.85451747936807,11.037260313668911,0.0,13.094304566778266,0.0,0.0,,0.0,7.448109251514262,13.921795677048454,0.0,12.297317866938178,12.759999115462449,,11.881619584333132,0.0,0.0,,,10.904925124490397,13.341104266407502,,7.109828435863265,7.7787134167164185,13.218025940068083,14.852215206607578,7.448109251514262,,,7.326608933907396,0.0,12.415504997598328,5.265359696838637,,5.297972194380703,0.0,13.921795677048454,10.904925124490397,7.326608933907396,,0.0,5.96716376833464,0.0,9.492090462838537,,13.85451747936807,0.0,13.341104266407502,0.0,0.0,
80,,,0.0,6.248261628532093,6.022102765198487,11.037260313668911,12.297317866938178,5.788001980784582,12.415504997598328,5.96716376833464,,,,9.011647870223289,13.664836667552699,0.0,12.759999115462449,7.109828435863265,5.265359696838637,0.0,0.0,,,11.981393949882268,10.449414806032166,13.094304566778266,,7.7787134167164185,,9.492090462838537,6.248261628532093,9.011647870223289,11.981393949882268,,7.278982756515468,0.0,11.881619584333132,13.218025940068083,5.297972194380703,,6.022102765198487,13.664836667552699,10.449414806032166,7.278982756515468,,0.0,0.0,14.852215206607578,0.0,13.85451747936807,11.037260313668911,0.0,13.094304566778266,0.0,0.0,,0.0,7.448109251514262,13.921795677048454,0.0,12.297317866938178,12.759999115462449,,11.881619584333132,0.0,0.0,,0.0,10.904925124490397,13.341104266407502,5.788001980784582,7.109828435863265,7.7787134167164185,13.218025940068083,14.852215206607578,7.448109251514262,0.0,,7.326608933907396,0.0,12.415504997598328,5.265359696838637,,5.297972194380703,0.0,13.921795677048454,10.904925124490397,7.326608933907396,,0.0,5.96716376833464,0.0,9.492090462838537,,13.85451747936807,0.0,13.341104266407502,0.0,0.0,
81,,,0.0,6.248261628532093,6.022102765198487,11.037260313668911,12.297317866938178,5.788001980784582,12.415504997598328,5.96716376833464,,,,9.011647870223289,13.664836667552699,8.794554417576478,12.759999115462449,7.109828435863265,5.265359696838637,,0.0,,,11.981393949882268,10.449414806032166,13.094304566778266,,7.7787134167164185,,9.492090462838537,6.248261628532093,9.011647870223289,11.981393949882268,,7.278982756515468,0.0,11.881619584333132,,5.297972194380703,,6.022102765198487,13.664836667552699,10.449414806032166,7.278982756515468,,0.0,0.0,14.852215206607578,0.0,13.85451747936807,11.037260313668911,8.794554417576478,13.094304566778266,0.0,0.0,,,7.448109251514262,13.921795677048454,7.779736031100921,12.297317866938178,12.759999115462449,,11.881619584333132,0.0,,,0.0,10.904925124490397,13.341104266407502,5.788001980784582,7.109828435863265,7.7787134167164185,,14.852215206607578,7.448109251514262,0.0,,7.326608933907396,0.0,12.415504997598328,5.265359696838637,,5.297972194380703,0.0,13.921795677048454,10.904925124490397,7.326608933907396,,0.0,5.96716376833464,,9.492090462838537,,13.85451747936807,7.779736031100921,13.341104266407502,0.0,0.0,
82,,,0.0,6.248261628532093,6.022102765198487,11.037260313668911,12.297317866938178,5.788001980784582,12.415504997598328,5.96716376833464,,,,9.011647870223289,13.664836667552699,8.794554417576478,12.759999115462449,7.109828435863265,5.265359696838637,14.366545877124942,0.0,,,11.981393949882268,,13.094304566778266,,7.7787134167164185,,9.492090462838537,6.248261628532093,9.011647870223289,11.981393949882268,,7.278982756515468,0.0,11.881619584333132,13.218025940068083,5.297972194380703,,6.022102765198487,13.664836667552699,,7.278982756515468,,0.0,0.0,14.852215206607578,0.0,13.85451747936807,11.037260313668911,8.794554417576478,13.094304566778266,0.0,0.0,,5.714025095785483,7.448109251514262,,7.779736031100921,12.297317866938178,12.759999115462449,,11.881619584333132,0.0,5.714025095785483,,0.0,10.904925124490397,13.341104266407502,5.788001980784582,7.109828435863265,7.7787134167164185,13.218025940068083,14.852215206607578,7.448109251514262,0.0,,7.326608933907396,0.0,12.415504997598328,5.265359696838637,,5.297972194380703,0.0,,10.904925124490397,7.326608933907396,,0.0,5.96716376833464,14.366545877124942,9.492090462838537,,13.85451747936807,7.779736031100921,13.341104266407502,0.0,0.0,
83,,,0.0,6.248261628532093,6.022102765198487,11.037260313668911,12.297317866938178,5.788001980784582,12.415504997598328,5.96716376833464,,,,9.011647870223289,13.664836667552699,8.794554417576478,12.759999115462449,7.109828435863265,5.265359696838637,14.366545877124942,0.0,,,11.981393949882268,10.449414806032166,13.094304566778266,,7.7787134167164185,,9.492090462838537,6.248261628532093,9.011647870223289,11.981393949882268,,7.278982756515468,0.0,11.881619584333132,13.218025940068083,5.297972194380703,,6.022102765198487,13.664836667552699,10.449414806032166,7.278982756515468,,0.0,0.0,14.852215206607578,0.0,13.85451747936807,11.037260313668911,8.794554417576478,13.094304566778266,0.0,0.0,,5.714025095785483,7.448109251514262,13.921795677048454,7.779736031100921,12.297317866938178,12.759999115462449,,11.881619584333132,0.0,5.714025095785483,,0.0,10.904925124490397,13.341104266407502,5.788001980784582,7.109828435863265,7.7787134167164185,13.218025940068083,14.852215206607578,7.448109251514262,0.0,,7.326608933907396,0.0,12.415504997598328,5.265359696838637,,5.297972194380703,0.0,13.921795677048454,10.904925124490397,7.326608933907396,,0.0,5.96716376833464,14.366545877124942,9.492090462838537,,13.85451747936807,7.779736031100921,13.341104266407502,0.0,0.0,
84,,,0.0,6.248261628532093,6.022102765198487,11.037260313668911,12.297317866938178,5.788001980784582,12.415504997598328,5.96716376833464,,,,9.011647870223289,13.664836667552699,8.794554417576478,12.759999115462449,7.109828435863265,5.265359696838637,14.366545877124942,0.0,,,11.981393949882268,10.449414806032166,,,7.7787134167164185,,9.492090462838537,6.248261628532093,9.011647870223289,11.981393949882268,,7.278982756515468,0.0,11.881619584333132,13.218025940068083,5.297972194380703,,6.022102765198487,13.664836667552699,10.449414806032166,7.278982756515468,,0.0,5.69555148823741,14.852215206607578,0.0,13.85451747936807,11.037260313668911,8.794554417576478,,0.0,0.0,,5.714025095785483,7.448109251514262,13.921795677048454,7.779736031100921,12.297317866938178,12.759999115462449,,11.881619584333132,5.69555148823741,5.714025095785483,,0.0,10.904925124490397,13.341104266407502,5.788001980784582,7.109828435863265,7.7787134167164185,13.218025940068083,14.852215206607578,7.448109251514262,0.0,,7.326608933907396,0.0,12.415504997598328,5.265359696838637,,5.297972194380703,0.0,13.921795677048454,10.904925124490397,7.326608933907396,,0.0,5.96716376833464,14.366545877124942,9.492090462838537,,13.85451747936807,7.779736031100921,13.341104266407502,0.0,0.0,
85,,,0.0,6.248261628532093,6.022102765198487,,12.297317866938178,5.788001980784582,12.415504997598328,5.96716376833464,,,,9.011647870223289,13.664836667552699,8.794554417576478,12.759999115462449,7.109828435863265,5.265359696838637,14.366545877124942,0.0,,,11.981393949882268,10.449414806032166,13.094304566778266,,7.7787134167164185,,9.492090462838537,6.248261628532093,9.011647870223289,11.981393949882268,,7.278982756515468,0.0,11.881619584333132,13.218025940068083,5.297972194380703,,6.022102765198487,13.664836667552699,10.449414806032166,7.278982756515468,,0.0,5.69555148823741,14.852215206607578,0.0,13.85451747936807,,8.794554417576478,13.094304566778266,0.0,0.0,,5.714025095785483,7.448109251514262,13.921795677048454,7.779736031100921,12.297317866938178,12.759999115462449,,11.881619584333132,5.69555148823741,5.714025095785483,,0.0,10.904925124490397,13.341104266407502,5.788001980784582,7.109828435863265,7.7787134167164185,13.218025940068083,14.852215206607578,7.448109251514262,0.0,,7.326608933907396,0.0,12.415504997598328,5.265359696838637,,5.297972194380703,0.0,13.921795677048454,10.904925124490397,7.326608933907396,,0.0,5.96716376833464,14.366545877124942,9.492090462838537,,13.85451747936807,7.779736031100921,13.341104266407502,0.0,0.0,
86,,,0.0,6.248261628532093,6.022102765198487,11.037260313668911,12.297317866938178,5.788001980784582,12.415504997598328,5.96716376833464,,,,,13.664836667552699,8.794554417576478,12.759999115462449,7.109828435863265,5.265359696838637,14.366545877124942,0.0,,,11.981393949882268,10.449414806032166,13.094304566778266,,7.7787134167164185,,9.492090462838537,6.248261628532093,,11.981393949882268,,7.278982756515468,0.0,11.881619584333132,13.218025940068083,5.297972194380703,,6.022102765198487,13.664836667552699,10.449414806032166,7.278982756515468,,0.0,5.69555148823741,14.852215206607578,0.0,13.85451747936807,11.037260313668911,8.794554417576478,13.094304566778266,0.0,0.0,,5.714025095785483,7.448109251514262,13.921795677048454,7.779736031100921,12.297317866938178,12.759999115462449,,11.881619584333132,5.69555148823741,5.714025095785483,,0.0,10.904925124490397,13.341104266407502,5.788001980784582,7.109828435863265,7.7787134167164185,13.218025940068083,14.852215206607578,7.448109251514262,0.0,,7.326608933907396,0.0,12.415504997598328,5.265359696838637,,5.297972194380703,0.0,13.921795677048454,10.904925124490397,7.326608933907396,,0.0,5.96716376833464,14.366545877124942,9.492090462838537,,13.85451747936807,7.779736031100921,13.341104266407502,0.0,0.0,
87,,,0.0,6.248261628532093,6.022102765198487,11.037260313668911,12.297317866938178,5.788001980784582,12.415504997598328,5.96716376833464,,,,9.011647870223289,13.664836667552699,8.794554417576478,12.759999115462449,7.109828435863265,5.265359696838637,14.366545877124942,0.0,,,,10.449414806032166,13.094304566778266,,7.7787134167164185,,9.492090462838537,6.248261628532093,9.011647870223289,,,7.278982756515468,0.0,11.881619584333132,,5.297972194380703,,6.022102765198487,13.664836667552699,10.449414806032166,7.278982756515468,,0.0,5.69555148823741,14.852215206607578,0.0,13.85451747936807,11.037260313668911,8.794554417576478,13.094304566778266,0.0,0.0,,5.714025095785483,7.448109251514262,13.921795677048454,,12.297317866938178,12.759999115462449,,11.881619584333132,5.69555148823741,5.714025095785483,,0.0,10.904925124490397,13.341104266407502,5.788001980784582,7.109828435863265,7.7787134167164185,,14.852215206607578,7.448109251514262,0.0,,7.326608933907396,0.0,12.415504997598328,5.265359696838637,,5.297972194380703,0.0,13.921795677048454,10.904925124490397,7.326608933907396,,0.0,5.96716376833464,14.366545877124942,9.492090462838537,,13.85451747936807,,13.341104266407502,0.0,0.0,
88,,,0.0,6.248261628532093,6.022102765198487,,12.297317866938178,,12.415504997598328,5.96716376833464,,,,9.011647870223289,13.664836667552699,8.794554417576478,12.759999115462449,7.109828435863265,5.265359696838637,14.366545877124942,0.0,,,11.981393949882268,10.449414806032166,13.094304566778266,,7.7787134167164185,,9.492090462838537,6.248261628532093,9.011647870223289,11.981393949882268,,7.278982756515468,0.0,11.881619584333132,13.218025940068083,,,6.022102765198487,13.664836667552699,10.449414806032166,7.278982756515468,,0.0,5.69555148823741,14.852215206607578,0.0,13.85451747936807,,8.794554417576478,13.094304566778266,0.0,0.0,,5.714025095785483,7.448109251514262,13.921795677048454,7.779736031100921,12.297317866938178,12.759999115462449,,11.881619584333132,5.69555148823741,5.714025095785483,,,10.904925124490397,13.341104266407502,,7.109828435863265,7.7787134167164185,13.218025940068083,14.852215206607578,7.448109251514262,,,7.326608933907396,0.0,12.415504997598328,5.265359696838637,,,0.0,13.921795677048454,10.904925124490397,7.326608933907396,,0.0,5.96716376833464,14.366545877124942,9.492090462838537,,13.85451747936807,7.779736031100921,13.341104266407502,0.0,0.0,
89,,,,6.248261628532093,6.022102765198487,,12.297317866938178,5.788001980784582,12.415504997598328,5.96716376833464,,,,9.011647870223289,13.664836667552699,8.794554417576478,12.759999115462449,7.109828435863265,5.265359696838637,14.366545877124942,,,,11.981393949882268,10.449414806032166,,,7.7787134167164185,,9.492090462838537,6.248261628532093,9.011647870223289,11.981393949882268,,7.278982756515468,0.0,11.881619584333132,13.218025940068083,5.297972194380703,,6.022102765198487,13.664836667552699,10.449414806032166,7.278982756515468,,0.0,5.69555148823741,14.852215206607578,0.0,13.85451747936807,,8.794554417576478,,0.0,0.0,,5.714025095785483,7.448109251514262,,7.779736031100921,12.297317866938178,12.759999115462449,,11.881619584333132,5.69555148823741,5.714025095785483,,0.0,10.904925124490397,13.341104266407502,5.788001980784582,7.109828435863265,7.7787134167164185,13.218025940068083,14.852215206607578,7.448109251514262,0.0,,7.326608933907396,11.701751743776933,12.415504997598328,5.265359696838637,,5.297972194380703,0.0,,10.904925124490397,7.326608933907396,,0.0,5.96716376833464,14.366545877124942,9.492090462838537,,13.85451747936807,7.779736031100921,13.341104266407502,11.701751743776933,0.0,
90,,,,,6.022102765198487,11.037260313668911,,5.788001980784582,12.415504997598328,5.96716376833464,,,,9.011647870223289,13.664836667552699,8.794554417576478,12.759999115462449,7.109828435863265,5.265359696838637,14.366545877124942,,,,11.981393949882268,10.449414806032166,13.094304566778266,,7.7787134167164185,,,,9.011647870223289,11.981393949882268,,7.278982756515468,0.0,11.881619584333132,13.218025940068083,5.297972194380703,,6.022102765198487,13.664836667552699,10.449414806032166,7.278982756515468,,,5.69555148823741,14.852215206607578,0.0,13.85451747936807,11.037260313668911,8.794554417576478,13.094304566778266,0.0,,,5.714025095785483,7.448109251514262,13.921795677048454,7.779736031100921,,12.759999115462449,,11.881619584333132,5.69555148823741,5.714025095785483,,,10.904925124490397,13.341104266407502,5.788001980784582,7.109828435863265,7.7787134167164185,13.218025940068083,14.852215206607578,7.448109251514262,,,7.326608933907396,11.701751743776933,12.415504997598328,5.265359696838637,,5.297972194380703,0.0,13.921795677048454,10.904925124490397,7.326608933907396,,0.0,5.96716376833464,14.366545877124942,,,13.85451747936807,7.779736031100921,13.341104266407502,11.701751743776933,0.0,
91,,,,6.248261628532093,6.022102765198487,11.037260313668911,12.297317866938178,5.788001980784582,12.415504997598328,5.96716376833464,,,,9.011647870223289,13.664836667552699,8.794554417576478,12.759999115462449,7.109828435863265,5.265359696838637,14.366545877124942,,,,11.981393949882268,10.449414806032166,13.094304566778266,,7.7787134167164185,,9.492090462838537,6.248261628532093,9.011647870223289,11.981393949882268,,7.278982756515468,0.0,11.881619584333132,13.218025940068083,5.297972194380703,,6.022102765198487,13.664836667552699,10.449414806032166,7.278982756515468,,,5.69555148823741,14.852215206607578,0.0,13.85451747936807,11.037260313668911,8.794554417576478,13.094304566778266,0.0,,,5.714025095785483,7.448109251514262,13.921795677048454,7.779736031100921,12.297317866938178,12.759999115462449,,11.881619584333132,5.69555148823741,5.714025095785483,,0.0,10.904925124490397,13.341104266407502,5.788001980784582,7.109828435863265,7.7787134167164185,13.218025940068083,14.852215206607578,7.448109251514262,0.0,,7.326608933907396,11.701751743776933,12.415504997598328,5.265359696838637,,5.297972194380703,0.0,13.921795677048454,10.904925124490397,7.326608933907396,,0.0,5.96716376833464,14.366545877124942,9.492090462838537,,13.85451747936807,7.779736031100921,13.341104266407502,11.701751743776933,0.0,
92,,,,6.248261628532093,6.022102765198487,11.037260313668911,12.297317866938178,5.788001980784582,12.415504997598328,5.96716376833464,,,,9.011647870223289,13.664836667552699,,,7.109828435863265,5.265359696838637,14.366545877124942,,,,11.981393949882268,10.449414806032166,,,7.7787134167164185,,9.492090462838537,6.248261628532093,9.011647870223289,11.981393949882268,,7.278982756515468,0.0,,13.218025940068083,5.297972194380703,,6.022102765198487,13.664836667552699,10.449414806032166,7.278982756515468,,,5.69555148823741,14.852215206607578,0.0,13.85451747936807,11.037260313668911,,,0.0,,,,7.448109251514262,13.921795677048454,7.779736031100921,12.297317866938178,,,,5.69555148823741,,,0.0,10.904925124490397,13.341104266407502,5.788001980784582,7.109828435863265,7.7787134167164185,13.218025940068083,14.852215206607578,7.448109251514262,0.0,,7.326608933907396,11.701751743776933,12.415504997598328,5.265359696838637,,5.297972194380703,0.0,13.921795677048454,10.904925124490397,7.326608933907396,,0.0,5.96716376833464,14.366545877124942,9.492090462838537,,13.85451747936807,7.779736031100921,13.341104266407502,11.701751743776933,0.0,
93,,,,6.248261628532093,6.022102765198487,11.037260313668911,12.297317866938178,5.788001980784582,12.415504997598328,5.96716376833464,,,,9.011647870223289,13.664836667552699,8.794554417576478,12.759999115462449,7.109828435863265,5.265359696838637,14.366545877124942,,,,11.981393949882268,10.449414806032166,13.094304566778266,,7.7787134167164185,,9.492090462838537,6.248261628532093,9.011647870223289,11.981393949882268,,7.278982756515468,6.71138648198097,11.881619584333132,13.218025940068083,5.297972194380703,,6.022102765198487,13.664836667552699,10.449414806032166,7.278982756515468,,,5.69555148823741,14.852215206607578,0.0,13.85451747936807,11.037260313668911,8.794554417576478,13.094304566778266,6.71138648198097,,,5.714025095785483,7.448109251514262,13.921795677048454,7.779736031100921,12.297317866938178,12.759999115462449,,11.881619584333132,5.69555148823741,5.714025095785483,,0.0,,13.341104266407502,5.788001980784582,7.109828435863265,7.7787134167164185,13.218025940068083,14.852215206607578,7.448109251514262,0.0,,7.326608933907396,11.701751743776933,12.415504997598328,5.265359696838637,,5.297972194380703,0.0,13.921795677048454,,7.326608933907396,,0.0,5.96716376833464,14.366545877124942,9.492090462838537,,13.85451747936807,7.779736031100921,13.341104266407502,11.701751743776933,0.0,
94,,,,6.248261628532093,6.022102765198487,11.037260313668911,,5.788001980784582,12.415504997598328,5.96716376833464,,,,9.011647870223289,13.664836667552699,8.794554417576478,12.759999115462449,7.109828435863265,5.265359696838637,14.366545877124942,,,,11.981393949882268,10.449414806032166,13.094304566778266,,7.7787134167164185,,9.492090462838537,6.248261628532093,9.011647870223289,11.981393949882268,,7.278982756515468,6.71138648198097,11.881619584333132,13.218025940068083,5.297972194380703,,6.022102765198487,13.664836667552699,10.449414806032166,7.278982756515468,,,5.69555148823741,14.852215206607578,7.232107381488228,13.85451747936807,11.037260313668911,8.794554417576478,13.094304566778266,6.71138648198097,,,5.714025095785483,7.448109251514262,13.921795677048454,7.779736031100921,,12.759999115462449,,11.881619584333132,5.69555148823741,5.714025095785483,,,10.904925124490397,13.341104266407502,5.788001980784582,7.109828435863265,7.7787134167164185,13.218025940068083,14.852215206607578,7.448109251514262,,,7.326608933907396,11.701751743776933,12.415504997598328,5.265359696838637,,5.297972194380703,7.232107381488228,13.921795677048454,10.904925124490397,7.326608933907396,,6.024951761715075,5.96716376833464,14.366545877124942,9.492090462838537,,13.85451747936807,7.779736031100921,13.341104266407502,11.701751743776933,6.024951761715075,
95,,,,6.248261628532093,6.022102765198487,11.037260313668911,12.297317866938178,5.788001980784582,12.415504997598328,5.96716376833464,,,,9.011647870223289,13.664836667552699,8.794554417576478,12.759999115462449,7.109828435863265,5.265359696838637,14.366545877124942,,,,,10.449414806032166,,,7.7787134167164185,,9.492090462838537,6.248261628532093,9.011647870223289,,,7.278982756515468,6.71138648198097,11.881619584333132,13.218025940068083,5.297972194380703,,6.022102765198487,13.664836667552699,10.449414806032166,7.278982756515468,,,5.69555148823741,14.852215206607578,7.232107381488228,13.85451747936807,11.037260313668911,8.794554417576478,,6.71138648198097,,,5.714025095785483,7.448109251514262,13.921795677048454,7.779736031100921,12.297317866938178,12.759999115462449,,11.881619584333132,5.69555148823741,5.714025095785483,,0.0,10.904925124490397,13.341104266407502,5.788001980784582,7.109828435863265,7.7787134167164185,13.218025940068083,14.852215206607578,7.448109251514262,0.0,,7.326608933907396,11.701751743776933,12.415504997598328,5.265359696838637,,5.297972194380703,7.232107381488228,13.921795677048454,10.904925124490397,7.326608933907396,,6.024951761715075,5.96716376833464,14.366545877124942,9.492090462838537,,13.85451747936807,7.779736031100921,13.341104266407502,11.701751743776933,6.024951761715075,
96,,,,6.248261628532093,6.022102765198487,11.037260313668911,12.297317866938178,5.788001980784582,12.415504997598328,5.96716376833464,,,,9.011647870223289,13.664836667552699,,12.759999115462449,7.109828435863265,5.265359696838637,14.366545877124942,,,,11.981393949882268,,13.094304566778266,,7.7787134167164185,,9.492090462838537,6.248261628532093,9.011647870223289,11.981393949882268,,7.278982756515468,6.71138648198097,11.881619584333132,13.218025940068083,5.297972194380703,,6.022102765198487,13.664836667552699,,7.278982756515468,,,5.69555148823741,14.852215206607578,7.232107381488228,13.85451747936807,11.037260313668911,,13.094304566778266,6.71138648198097,,,5.714025095785483,7.448109251514262,13.921795677048454,7.779736031100921,12.297317866938178,12.759999115462449,,11.881619584333132,5.69555148823741,5.714025095785483,,0.0,,13.341104266407502,5.788001980784582,7.109828435863265,7.7787134167164185,13.218025940068083,14.852215206607578,7.448109251514262,0.0,,7.326608933907396,11.701751743776933,12.415504997598328,5.265359696838637,,5.297972194380703,7.232107381488228,13.921795677048454,,7.326608933907396,,6.024951761715075,5.96716376833464,14.366545877124942,9.492090462838537,,13.85451747936807,7.779736031100921,13.341104266407502,11.701751743776933,6.024951761715075,
97,,,,6.248261628532093,6.022102765198487,11.037260313668911,12.297317866938178,5.788001980784582,12.415504997598328,5.96716376833464,,,,9.011647870223289,13.664836667552699,8.794554417576478,12.759999115462449,7.109828435863265,5.265359696838637,14.366545877124942,,,,11.981393949882268,10.449414806032166,,,7.7787134167164185,,9.492090462838537,6.248261628532093,9.011647870223289,11.981393949882268,,7.278982756515468,6.71138648198097,11.881619584333132,13.218025940068083,5.297972194380703,,6.022102765198487,13.664836667552699,10.449414806032166,7.278982756515468,,,5.69555148823741,14.852215206607578,7.232107381488228,13.85451747936807,11.037260313668911,8.794554417576478,,6.71138648198097,,,5.714025095785483,7.448109251514262,13.921795677048454,7.779736031100921,12.297317866938178,12.759999115462449,,11.881619584333132,5.69555148823741,5.714025095785483,,0.0,10.904925124490397,13.341104266407502,5.788001980784582,7.109828435863265,7.7787134167164185,13.218025940068083,14.852215206607578,7.448109251514262,0.0,,7.326608933907396,11.701751743776933,12.415504997598328,5.265359696838637,,5.297972194380703,7.232107381488228,13.921795677048454,10.904925124490397,7.326608933907396,,6.024951761715075,5.96716376833464,14.366545877124942,9.492090462838537,,13.85451747936807,7.779736031100921,13.341104266407502,11.701751743776933,6.024951761715075,
98,,,,6.248261628532093,6.022102765198487,11.037260313668911,12.297317866938178,5.788001980784582,12.415504997598328,5.96716376833464,,,,9.011647870223289,13.664836667552699,8.794554417576478,12.759999115462449,7.109828435863265,5.265359696838637,14.366545877124942,,,,11.981393949882268,10.449414806032166,13.094304566778266,,7.7787134167164185,,9.492090462838537,6.248261628532093,9.011647870223289,11.981393949882268,,7.278982756515468,6.71138648198097,11.881619584333132,13.218025940068083,5.297972194380703,,6.022102765198487,13.664836667552699,10.449414806032166,7.278982756515468,,,5.69555148823741,14.852215206607578,7.232107381488228,13.85451747936807,11.037260313668911,8.794554417576478,13.094304566778266,6.71138648198097,,,5.714025095785483,7.448109251514262,13.921795677048454,7.779736031100921,12.297317866938178,12.759999115462449,,11.881619584333132,5.69555148823741,5.714025095785483,,,10.904925124490397,13.341104266407502,5.788001980784582,7.109828435863265,7.7787134167164185,13.218025940068083,14.852215206607578,7.448109251514262,,,7.326608933907396,11.701751743776933,12.415504997598328,5.265359696838637,,5.297972194380703,7.232107381488228,13.921795677048454,10.904925124490397,7.326608933907396,,6.024951761715075,5.96716376833464,14.366545877124942,9.492090462838537,,13.85451747936807,7.779736031100921,13.341104266407502,11.701751743776933,6.024951761715075,
99,,,,,6.022102765198487,11.037260313668911,12.297317866938178,5.788001980784582,12.415504997598328,5.96716376833464,,,,9.011647870223289,13.664836667552699,8.794554417576478,12.759999115462449,7.109828435863265,5.265359696838637,14.366545877124942,,,,11.981393949882268,10.449414806032166,,,7.7787134167164185,,9.492090462838537,,9.011647870223289,11.981393949882268,,7.278982756515468,6.71138648198097,11.881619584333132,13.218025940068083,5.297972194380703,,6.022102765198487,13.664836667552699,10.449414806032166,7.278982756515468,,,5.69555148823741,14.852215206607578,7.232107381488228,13.85451747936807,11.037260313668911,8.794554417576478,,6.71138648198097,,,5.714025095785483,7.448109251514262,13.921795677048454,7.779736031100921,12.297317866938178,12.759999115462449,,11.881619584333132,5.69555148823741,5.714025095785483,,,10.904925124490397,13.341104266407502,5.788001980784582,7.109828435863265,7.7787134167164185,13.218025940068083,14.852215206607578,7.448109251514262,,,7.326608933907396,11.701751743776933,12.415504997598328,5.265359696838637,,5.297972194380703,7.232107381488228,13.921795677048454,10.904925124490397,7.326608933907396,,6.024951761715075,5.96716376833464,14.366545877124942,9.492090462838537,,13.85451747936807,7.779736031100921,13.341104266407502,11.701751743776933,6.024951761715075,
