,"('F', 'F')","('F', 'A')","('F', 'H')","('F', 'C')","('F', 'J')","('F', 'D')","('F', 'G')","('F', 'I')","('F', 'E')","('F', 'B')","('A', 'F')","('A', 'A')","('A', 'H')","('A', 'C')","('A', 'J')","('A', 'D')","('A', 'G')","('A', 'I')","('A', 'E')","('A', 'B')","('H', 'F')","('H', 'A')","('H', 'H')","('H', 'C')","('H', 'J')","('H', 'D')","('H', 'G')","('H', 'I')","('H', 'E')","('H', 'B')","('C', 'F')","('C', 'A')","('C', 'H')","('C', 'C')","('C', 'J')","('C', 'D')","('C', 'G')","('C', 'I')","('C', 'E')","('C', 'B')","('J', 'F')","('J', 'A')","('J', 'H')","('J', 'C')","('J', 'J')","('J', 'D')","('J', 'G')","('J', 'I')","('J', 'E')","('J', 'B')","('D', 'F')","('D', 'A')","('D', 'H')","('D', 'C')","('D', 'J')","('D', 'D')","('D', 'G')","('D', 'I')","('D', 'E')","('D', 'B')","('G', 'F')","('G', 'A')","('G', 'H')","('G', 'C')","('G', 'J')","('G', 'D')","('G', 'G')","('G', 'I')","('G', 'E')","('G', 'B')","('I', 'F')","('I', 'A')","('I', 'H')","('I', 'C')","('I', 'J')","('I', 'D')","('I', 'G')","('I', 'I')","('I', 'E')","('I', 'B')","('E', 'F')","('E', 'A')","('E', 'H')","('E', 'C')","('E', 'J')","('E', 'D')","('E', 'G')","('E', 'I')","('E', 'E')","('E', 'B')","('B', 'F')","('B', 'A')","('B', 'H')","('B', 'C')","('B', 'J')","('B', 'D')","('B', 'G')","('B', 'I')","('B', 'E')","('B', 'B')"
0,,,,,,,,,,,,,,,,,,,,,,,,,,,,,,,,,,,,,,,,,,,,,,,,,,,,,,,,,,,,,,,,,,,,,,,,,,,,,,,,,,,,,,,,,,,,,,,,,,,,
1,,0.0,0.0,0.0,0.0,0.0,0.0,0.0,0.0,,0.0,,0.0,0.0,0.0,0.0,0.0,0.0,0.0,0.0,0.0,0.0,,0.0,0.0,0.0,0.0,,0.0,0.0,0.0,0.0,0.0,,0.0,0.0,0.0,0.0,0.0,0.0,0.0,0.0,0.0,0.0,,0.0,0.0,0.0,0.0,0.0,0.0,0.0,0.0,0.0,0.0,,0.0,0.0,0.0,0.0,0.0,0.0,0.0,0.0,0.0,0.0,,0.0,0.0,0.0,0.0,0.0,,0.0,0.0,0.0,0.0,,0.0,0.0,0.0,0.0,0.0,0.0,0.0,0.0,0.0,0.0,,0.0,,0.0,0.0,0.0,0.0,0.0,0.0,0.0,0.0,
2,,0.0,0.0,0.0,0.0,0.0,0.0,0.0,,,0.0,,,0.0,0.0,0.0,0.0,0.0,0.0,,0.0,,,0.0,0.0,0.0,0.0,,,0.0,0.0,0.0,0.0,,0.0,0.0,0.0,0.0,0.0,,0.0,0.0,0.0,0.0,,0.0,0.0,0.0,0.0,0.0,0.0,0.0,0.0,0.0,0.0,,0.0,0.0,0.0,0.0,0.0,0.0,0.0,0.0,0.0,0.0,,0.0,0.0,0.0,0.0,0.0,,0.0,0.0,0.0,0.0,,0.0,0.0,,0.0,,0.0,0.0,0.0,0.0,0.0,,0.0,,,0.0,,0.0,0.0,0.0,0.0,0.0,
3,,0.0,0.0,0.0,0.0,0.0,0.0,0.0,0.0,,0.0,,0.0,0.0,0.0,0.0,0.0,0.0,0.0,,0.0,0.0,,0.0,0.0,0.0,0.0,0.0,0.0,0.0,0.0,0.0,0.0,,0.0,0.0,0.0,0.0,0.0,0.0,0.0,0.0,0.0,0.0,,0.0,0.0,0.0,0.0,0.0,0.0,0.0,0.0,0.0,0.0,,0.0,0.0,0.0,0.0,0.0,0.0,0.0,0.0,0.0,0.0,,0.0,0.0,0.0,0.0,0.0,0.0,0.0,0.0,0.0,0.0,,0.0,0.0,0.0,0.0,0.0,0.0,0.0,0.0,0.0,0.0,,0.0,,,0.0,0.0,0.0,0.0,0.0,0.0,0.0,
4,,0.0,0.0,0.0,0.0,0.0,0.0,0.0,0.0,,0.0,,0.0,0.0,0.0,0.0,10.904925124490397,,0.0,,0.0,0.0,,0.0,0.0,0.0,0.0,0.0,0.0,0.0,0.0,0.0,0.0,,0.0,0.0,0.0,0.0,0.0,0.0,0.0,0.0,0.0,0.0,,0.0,0.0,0.0,,0.0,0.0,0.0,0.0,0.0,0.0,,0.0,0.0,0.0,0.0,0.0,10.904925124490397,0.0,0.0,0.0,0.0,,0.0,0.0,0.0,0.0,,0.0,0.0,0.0,0.0,0.0,,0.0,0.0,0.0,0.0,0.0,0.0,,0.0,0.0,0.0,,0.0,,,0.0,0.0,0.0,0.0,0.0,0.0,0.0,
5,,0.0,0.0,11.037260313668911,0.0,0.0,0.0,0.0,0.0,,0.0,,0.0,0.0,0.0,0.0,10.904925124490397,0.0,0.0,,0.0,0.0,,0.0,0.0,0.0,0.0,0.0,0.0,0.0,11.037260313668911,0.0,0.0,,0.0,0.0,0.0,0.0,0.0,0.0,0.0,0.0,0.0,0.0,,0.0,0.0,0.0,0.0,0.0,0.0,0.0,0.0,0.0,0.0,,0.0,,0.0,0.0,0.0,10.904925124490397,0.0,0.0,0.0,0.0,,0.0,0.0,0.0,0.0,0.0,0.0,0.0,0.0,,0.0,,0.0,0.0,0.0,0.0,0.0,0.0,0.0,0.0,0.0,0.0,,0.0,,,0.0,0.0,0.0,0.0,0.0,0.0,0.0,
6,,,0.0,,0.0,0.0,0.0,0.0,0.0,,,,0.0,0.0,0.0,0.0,10.904925124490397,0.0,0.0,,0.0,0.0,,0.0,0.0,0.0,0.0,0.0,0.0,0.0,,0.0,0.0,,0.0,0.0,0.0,0.0,0.0,0.0,0.0,0.0,0.0,0.0,,0.0,0.0,0.0,0.0,0.0,0.0,0.0,0.0,0.0,0.0,,0.0,0.0,0.0,0.0,0.0,10.904925124490397,0.0,0.0,0.0,0.0,,0.0,0.0,0.0,0.0,0.0,0.0,0.0,0.0,0.0,0.0,,0.0,0.0,0.0,0.0,0.0,0.0,0.0,0.0,0.0,0.0,,0.0,,,0.0,0.0,0.0,0.0,0.0,0.0,0.0,
7,,0.0,0.0,11.037260313668911,0.0,0.0,0.0,0.0,0.0,,0.0,,0.0,0.0,0.0,0.0,10.904925124490397,0.0,0.0,,0.0,0.0,,,0.0,0.0,0.0,0.0,0.0,0.0,11.037260313668911,0.0,,,0.0,0.0,0.0,0.0,0.0,0.0,0.0,0.0,0.0,0.0,,0.0,0.0,0.0,0.0,0.0,0.0,0.0,0.0,0.0,0.0,,0.0,0.0,0.0,0.0,0.0,10.904925124490397,0.0,0.0,0.0,0.0,,0.0,0.0,0.0,0.0,0.0,0.0,0.0,0.0,0.0,0.0,,0.0,0.0,0.0,0.0,0.0,0.0,0.0,0.0,0.0,0.0,,0.0,,,0.0,0.0,0.0,0.0,0.0,0.0,0.0,
8,,0.0,0.0,11.037260313668911,0.0,0.0,0.0,0.0,0.0,,0.0,,0.0,0.0,0.0,0.0,10.904925124490397,0.0,0.0,,0.0,0.0,,0.0,9.011647870223289,,0.0,0.0,0.0,0.0,11.037260313668911,0.0,0.0,,0.0,0.0,0.0,0.0,0.0,0.0,0.0,0.0,9.011647870223289,0.0,,0.0,0.0,0.0,0.0,0.0,0.0,0.0,,0.0,0.0,,0.0,0.0,0.0,0.0,0.0,10.904925124490397,0.0,0.0,0.0,0.0,,0.0,0.0,0.0,0.0,0.0,0.0,0.0,0.0,0.0,0.0,,0.0,,0.0,0.0,0.0,0.0,0.0,0.0,0.0,0.0,,0.0,,,0.0,0.0,0.0,0.0,0.0,,0.0,
9,,0.0,0.0,11.037260313668911,,0.0,0.0,0.0,0.0,,0.0,,0.0,0.0,0.0,0.0,10.904925124490397,0.0,0.0,,0.0,0.0,,0.0,9.011647870223289,0.0,0.0,0.0,0.0,,11.037260313668911,0.0,0.0,,0.0,0.0,0.0,0.0,0.0,0.0,,0.0,9.011647870223289,0.0,,0.0,,0.0,0.0,0.0,0.0,0.0,0.0,0.0,0.0,,,0.0,0.0,0.0,0.0,10.904925124490397,0.0,0.0,,,,0.0,0.0,0.0,0.0,0.0,0.0,0.0,0.0,0.0,0.0,,0.0,0.0,0.0,0.0,0.0,0.0,0.0,0.0,0.0,0.0,,0.0,,,,0.0,0.0,0.0,0.0,0.0,0.0,
10,,0.0,0.0,11.037260313668911,0.0,0.0,0.0,0.0,0.0,,0.0,,0.0,0.0,0.0,0.0,10.904925124490397,0.0,0.0,,0.0,0.0,,0.0,9.011647870223289,0.0,,0.0,0.0,0.0,11.037260313668911,0.0,0.0,,0.0,0.0,0.0,0.0,0.0,0.0,0.0,0.0,9.011647870223289,0.0,,0.0,0.0,0.0,0.0,0.0,0.0,0.0,0.0,0.0,0.0,,0.0,0.0,0.0,0.0,0.0,10.904925124490397,,0.0,0.0,0.0,,0.0,0.0,0.0,0.0,0.0,0.0,0.0,0.0,0.0,0.0,,0.0,0.0,0.0,0.0,0.0,0.0,0.0,0.0,0.0,0.0,,0.0,,,0.0,0.0,0.0,0.0,0.0,0.0,0.0,
11,,13.921795677048454,0.0,,0.0,0.0,0.0,0.0,0.0,,13.921795677048454,,0.0,0.0,0.0,0.0,10.904925124490397,0.0,0.0,,0.0,0.0,,0.0,9.011647870223289,0.0,0.0,0.0,0.0,0.0,,0.0,0.0,,0.0,0.0,0.0,0.0,0.0,0.0,0.0,0.0,9.011647870223289,0.0,,0.0,0.0,0.0,0.0,0.0,0.0,0.0,0.0,0.0,0.0,,0.0,0.0,0.0,0.0,0.0,10.904925124490397,0.0,0.0,0.0,0.0,,0.0,0.0,0.0,0.0,0.0,0.0,0.0,0.0,0.0,0.0,,,0.0,0.0,0.0,0.0,0.0,0.0,0.0,0.0,,,0.0,,,0.0,0.0,0.0,0.0,0.0,0.0,0.0,
12,,13.921795677048454,0.0,,0.0,0.0,0.0,0.0,0.0,,13.921795677048454,,0.0,0.0,0.0,0.0,10.904925124490397,0.0,0.0,,0.0,0.0,,0.0,9.011647870223289,0.0,0.0,0.0,0.0,0.0,,0.0,0.0,,0.0,0.0,0.0,0.0,0.0,0.0,0.0,0.0,9.011647870223289,0.0,,0.0,0.0,0.0,,0.0,0.0,0.0,0.0,0.0,0.0,,0.0,0.0,0.0,0.0,0.0,10.904925124490397,0.0,0.0,0.0,0.0,,0.0,0.0,0.0,0.0,0.0,0.0,0.0,0.0,0.0,0.0,,0.0,,0.0,0.0,0.0,0.0,,0.0,0.0,0.0,,0.0,,,0.0,0.0,0.0,0.0,0.0,,0.0,
13,,,0.0,,0.0,0.0,0.0,,0.0,,,,0.0,0.0,0.0,0.0,,0.0,0.0,,0.0,0.0,,0.0,9.011647870223289,0.0,0.0,0.0,0.0,0.0,,0.0,0.0,,0.0,0.0,0.0,0.0,0.0,0.0,0.0,0.0,9.011647870223289,0.0,,0.0,0.0,0.0,0.0,0.0,0.0,0.0,0.0,0.0,0.0,,0.0,0.0,0.0,0.0,0.0,,0.0,0.0,0.0,0.0,,0.0,0.0,0.0,,0.0,0.0,0.0,0.0,0.0,0.0,,0.0,0.0,0.0,0.0,0.0,0.0,0.0,0.0,0.0,0.0,,0.0,,,0.0,0.0,0.0,0.0,0.0,0.0,0.0,
14,,13.921795677048454,0.0,,0.0,0.0,0.0,0.0,0.0,,13.921795677048454,,0.0,0.0,0.0,0.0,10.904925124490397,0.0,0.0,,0.0,0.0,,0.0,9.011647870223289,0.0,0.0,0.0,0.0,0.0,,0.0,0.0,,0.0,0.0,0.0,0.0,0.0,0.0,0.0,0.0,9.011647870223289,0.0,,0.0,0.0,0.0,0.0,0.0,0.0,0.0,0.0,0.0,0.0,,0.0,0.0,0.0,0.0,0.0,10.904925124490397,0.0,0.0,0.0,0.0,,0.0,0.0,0.0,0.0,0.0,0.0,0.0,0.0,0.0,0.0,,0.0,0.0,0.0,0.0,0.0,0.0,0.0,0.0,0.0,0.0,,0.0,,,0.0,0.0,0.0,0.0,0.0,0.0,0.0,
15,,13.921795677048454,0.0,,0.0,0.0,0.0,0.0,0.0,,13.921795677048454,,0.0,0.0,0.0,0.0,10.904925124490397,0.0,0.0,,0.0,0.0,,0.0,9.011647870223289,0.0,0.0,0.0,0.0,0.0,,0.0,0.0,,0.0,0.0,0.0,0.0,0.0,0.0,0.0,0.0,9.011647870223289,0.0,,0.0,0.0,0.0,0.0,0.0,0.0,0.0,0.0,0.0,0.0,,0.0,0.0,0.0,0.0,0.0,10.904925124490397,0.0,0.0,0.0,0.0,,0.0,0.0,0.0,0.0,0.0,0.0,0.0,0.0,0.0,0.0,,0.0,0.0,0.0,0.0,0.0,0.0,0.0,0.0,0.0,0.0,,0.0,,,0.0,0.0,0.0,0.0,0.0,0.0,0.0,
16,,13.921795677048454,0.0,,0.0,0.0,0.0,0.0,0.0,,13.921795677048454,,0.0,0.0,0.0,0.0,10.904925124490397,0.0,0.0,,0.0,0.0,,0.0,9.011647870223289,0.0,0.0,0.0,,,,0.0,0.0,,0.0,0.0,0.0,0.0,0.0,0.0,0.0,0.0,9.011647870223289,0.0,,0.0,0.0,0.0,0.0,0.0,0.0,0.0,0.0,0.0,0.0,,0.0,0.0,0.0,0.0,0.0,10.904925124490397,0.0,0.0,0.0,0.0,,0.0,0.0,0.0,0.0,0.0,0.0,0.0,0.0,0.0,0.0,,0.0,0.0,0.0,0.0,,0.0,0.0,0.0,0.0,0.0,,0.0,,,,0.0,0.0,0.0,0.0,0.0,0.0,
17,,13.921795677048454,0.0,,0.0,0.0,0.0,0.0,0.0,,13.921795677048454,,0.0,0.0,0.0,0.0,10.904925124490397,0.0,0.0,,0.0,0.0,,0.0,9.011647870223289,0.0,0.0,0.0,0.0,0.0,,0.0,0.0,,0.0,0.0,0.0,,0.0,0.0,0.0,0.0,9.011647870223289,0.0,,0.0,0.0,0.0,0.0,0.0,0.0,0.0,0.0,0.0,0.0,,0.0,0.0,0.0,0.0,0.0,10.904925124490397,0.0,0.0,0.0,0.0,,0.0,0.0,0.0,0.0,0.0,0.0,,0.0,0.0,0.0,,0.0,0.0,0.0,0.0,0.0,0.0,0.0,0.0,0.0,0.0,,0.0,,,0.0,0.0,0.0,0.0,0.0,0.0,0.0,
18,,13.921795677048454,0.0,,0.0,0.0,0.0,0.0,0.0,,13.921795677048454,,0.0,0.0,0.0,,10.904925124490397,0.0,0.0,,0.0,0.0,,0.0,9.011647870223289,0.0,0.0,0.0,0.0,0.0,,0.0,0.0,,0.0,0.0,0.0,0.0,0.0,0.0,0.0,0.0,9.011647870223289,0.0,,0.0,0.0,0.0,0.0,0.0,0.0,,0.0,0.0,0.0,,0.0,0.0,0.0,0.0,0.0,10.904925124490397,0.0,0.0,0.0,0.0,,0.0,0.0,0.0,0.0,0.0,0.0,0.0,0.0,0.0,0.0,,0.0,0.0,0.0,0.0,0.0,0.0,0.0,0.0,0.0,0.0,,0.0,,,0.0,0.0,0.0,0.0,0.0,0.0,0.0,
19,,13.921795677048454,0.0,,0.0,0.0,0.0,0.0,0.0,,13.921795677048454,,0.0,0.0,0.0,0.0,,0.0,0.0,,0.0,0.0,,0.0,9.011647870223289,0.0,0.0,0.0,0.0,0.0,,0.0,0.0,,0.0,0.0,0.0,0.0,0.0,0.0,0.0,0.0,9.011647870223289,0.0,,0.0,0.0,0.0,,0.0,0.0,0.0,0.0,0.0,0.0,,0.0,0.0,0.0,0.0,0.0,,0.0,0.0,0.0,0.0,,0.0,0.0,,0.0,0.0,0.0,0.0,0.0,0.0,0.0,,0.0,0.0,0.0,0.0,0.0,0.0,,0.0,0.0,0.0,,0.0,,,0.0,0.0,0.0,0.0,,0.0,0.0,
20,,13.921795677048454,0.0,,0.0,0.0,0.0,0.0,0.0,,13.921795677048454,,0.0,0.0,0.0,0.0,10.904925124490397,0.0,0.0,,0.0,0.0,,0.0,9.011647870223289,0.0,0.0,0.0,0.0,0.0,,0.0,0.0,,0.0,0.0,0.0,0.0,0.0,0.0,0.0,0.0,9.011647870223289,0.0,,0.0,0.0,0.0,0.0,0.0,0.0,0.0,0.0,0.0,0.0,,0.0,0.0,0.0,0.0,0.0,10.904925124490397,0.0,0.0,0.0,0.0,,0.0,13.341104266407502,,0.0,0.0,0.0,0.0,0.0,0.0,0.0,,0.0,0.0,0.0,0.0,0.0,0.0,0.0,0.0,13.341104266407502,0.0,,0.0,,,0.0,0.0,0.0,0.0,,0.0,0.0,
21,,13.921795677048454,0.0,,0.0,0.0,,0.0,0.0,,13.921795677048454,,0.0,0.0,0.0,0.0,10.904925124490397,0.0,0.0,,0.0,0.0,,0.0,9.011647870223289,0.0,0.0,0.0,0.0,0.0,,0.0,0.0,,0.0,0.0,0.0,0.0,0.0,,0.0,0.0,9.011647870223289,0.0,,,,0.0,0.0,0.0,0.0,0.0,0.0,0.0,,,0.0,0.0,0.0,,,10.904925124490397,0.0,0.0,,0.0,,0.0,13.341104266407502,,0.0,0.0,0.0,0.0,0.0,0.0,0.0,,0.0,0.0,0.0,0.0,0.0,0.0,0.0,0.0,13.341104266407502,0.0,,0.0,,,0.0,,0.0,,,0.0,0.0,
22,,13.921795677048454,0.0,,0.0,0.0,0.0,0.0,0.0,,13.921795677048454,,0.0,0.0,0.0,0.0,10.904925124490397,0.0,0.0,,0.0,0.0,,0.0,9.011647870223289,0.0,0.0,0.0,0.0,0.0,,0.0,0.0,,0.0,0.0,0.0,0.0,0.0,0.0,0.0,0.0,9.011647870223289,0.0,,0.0,0.0,0.0,0.0,0.0,0.0,0.0,0.0,0.0,0.0,,0.0,0.0,0.0,0.0,0.0,10.904925124490397,0.0,0.0,0.0,0.0,,0.0,13.341104266407502,,0.0,0.0,0.0,0.0,0.0,0.0,0.0,,0.0,0.0,0.0,0.0,0.0,0.0,0.0,0.0,13.341104266407502,0.0,,0.0,,,0.0,0.0,0.0,0.0,,0.0,0.0,
23,,13.921795677048454,0.0,,0.0,0.0,0.0,0.0,0.0,,13.921795677048454,,0.0,0.0,0.0,0.0,10.904925124490397,0.0,0.0,,0.0,0.0,,0.0,9.011647870223289,0.0,0.0,0.0,0.0,0.0,,0.0,0.0,,0.0,0.0,0.0,0.0,0.0,,0.0,0.0,9.011647870223289,0.0,,0.0,0.0,0.0,0.0,0.0,0.0,0.0,0.0,0.0,0.0,,0.0,0.0,0.0,0.0,0.0,10.904925124490397,0.0,0.0,0.0,0.0,,0.0,13.341104266407502,,0.0,0.0,0.0,0.0,0.0,0.0,0.0,,0.0,0.0,0.0,0.0,0.0,0.0,0.0,0.0,13.341104266407502,0.0,,0.0,,,0.0,,0.0,0.0,,0.0,0.0,
24,,13.921795677048454,0.0,,0.0,0.0,0.0,0.0,0.0,,13.921795677048454,,0.0,0.0,0.0,0.0,10.904925124490397,0.0,0.0,,0.0,0.0,,0.0,9.011647870223289,0.0,0.0,0.0,0.0,0.0,,0.0,0.0,,0.0,0.0,0.0,0.0,0.0,,0.0,0.0,9.011647870223289,0.0,,0.0,0.0,0.0,0.0,0.0,0.0,0.0,0.0,0.0,0.0,,0.0,0.0,0.0,0.0,0.0,10.904925124490397,0.0,0.0,0.0,0.0,,0.0,13.341104266407502,,0.0,0.0,0.0,0.0,0.0,0.0,0.0,,0.0,0.0,0.0,0.0,0.0,0.0,0.0,0.0,13.341104266407502,0.0,,0.0,,,0.0,,0.0,0.0,,0.0,0.0,
25,,13.921795677048454,0.0,,0.0,,0.0,0.0,0.0,,13.921795677048454,,0.0,0.0,,0.0,10.904925124490397,0.0,0.0,,0.0,0.0,,0.0,9.011647870223289,0.0,0.0,0.0,0.0,0.0,,0.0,0.0,,0.0,0.0,0.0,0.0,0.0,0.0,0.0,,9.011647870223289,0.0,,0.0,0.0,0.0,0.0,0.0,,0.0,0.0,0.0,0.0,,0.0,0.0,0.0,0.0,0.0,10.904925124490397,0.0,0.0,0.0,0.0,,0.0,13.341104266407502,,0.0,0.0,0.0,0.0,0.0,0.0,0.0,,0.0,0.0,0.0,0.0,0.0,0.0,0.0,0.0,13.341104266407502,0.0,,0.0,,,0.0,0.0,0.0,0.0,,0.0,0.0,
26,,,0.0,,0.0,0.0,0.0,0.0,0.0,,,,0.0,0.0,5.265359696838637,0.0,10.904925124490397,0.0,0.0,,0.0,0.0,,0.0,9.011647870223289,0.0,0.0,0.0,8.701809671168826,0.0,,0.0,0.0,,0.0,0.0,0.0,0.0,0.0,,0.0,5.265359696838637,9.011647870223289,0.0,,0.0,0.0,0.0,0.0,0.0,0.0,0.0,0.0,0.0,0.0,,0.0,0.0,0.0,0.0,0.0,10.904925124490397,0.0,0.0,0.0,0.0,,0.0,13.341104266407502,,0.0,0.0,0.0,0.0,0.0,0.0,0.0,,0.0,0.0,0.0,0.0,8.701809671168826,0.0,0.0,0.0,13.341104266407502,0.0,,0.0,,,0.0,,0.0,0.0,,0.0,0.0,
27,,13.921795677048454,0.0,,0.0,0.0,0.0,0.0,0.0,,13.921795677048454,,5.297972194380703,0.0,5.265359696838637,0.0,10.904925124490397,0.0,0.0,,0.0,5.297972194380703,,0.0,9.011647870223289,0.0,0.0,0.0,,0.0,,0.0,0.0,,0.0,0.0,0.0,0.0,0.0,0.0,0.0,5.265359696838637,9.011647870223289,0.0,,0.0,0.0,0.0,0.0,0.0,0.0,0.0,0.0,0.0,0.0,,0.0,0.0,0.0,0.0,0.0,10.904925124490397,0.0,0.0,0.0,0.0,,0.0,13.341104266407502,,0.0,0.0,0.0,0.0,0.0,0.0,0.0,,0.0,7.7787134167164185,0.0,0.0,,0.0,0.0,0.0,13.341104266407502,0.0,,0.0,,,0.0,0.0,0.0,0.0,,7.7787134167164185,0.0,
28,,13.921795677048454,0.0,,0.0,0.0,0.0,0.0,0.0,,13.921795677048454,,5.297972194380703,0.0,5.265359696838637,,10.904925124490397,0.0,0.0,,0.0,5.297972194380703,,0.0,9.011647870223289,0.0,11.881619584333132,0.0,8.701809671168826,0.0,,0.0,0.0,,0.0,0.0,0.0,0.0,0.0,0.0,0.0,5.265359696838637,9.011647870223289,0.0,,0.0,0.0,0.0,0.0,0.0,0.0,,0.0,0.0,0.0,,0.0,,0.0,10.449414806032166,0.0,10.904925124490397,11.881619584333132,0.0,0.0,0.0,,0.0,13.341104266407502,,0.0,0.0,0.0,0.0,0.0,,0.0,,0.0,7.7787134167164185,0.0,0.0,8.701809671168826,0.0,0.0,0.0,13.341104266407502,0.0,,0.0,,,0.0,0.0,0.0,10.449414806032166,,7.7787134167164185,0.0,
29,,,0.0,,0.0,0.0,0.0,0.0,0.0,,,,5.297972194380703,0.0,5.265359696838637,0.0,10.904925124490397,0.0,0.0,,0.0,5.297972194380703,,0.0,9.011647870223289,0.0,11.881619584333132,,8.701809671168826,0.0,,0.0,0.0,,0.0,0.0,0.0,0.0,0.0,0.0,0.0,5.265359696838637,9.011647870223289,0.0,,0.0,,0.0,0.0,0.0,0.0,0.0,0.0,0.0,0.0,,0.0,14.852215206607578,0.0,,0.0,10.904925124490397,11.881619584333132,0.0,,0.0,,0.0,13.341104266407502,,0.0,0.0,,0.0,0.0,14.852215206607578,0.0,,0.0,7.7787134167164185,0.0,0.0,8.701809671168826,0.0,0.0,0.0,13.341104266407502,0.0,,0.0,,,0.0,0.0,0.0,,,7.7787134167164185,0.0,
30,,13.921795677048454,0.0,,0.0,0.0,0.0,0.0,0.0,,13.921795677048454,,5.297972194380703,0.0,5.265359696838637,0.0,,0.0,0.0,,0.0,5.297972194380703,,0.0,9.011647870223289,0.0,11.881619584333132,0.0,8.701809671168826,0.0,,0.0,0.0,,0.0,0.0,0.0,0.0,0.0,0.0,0.0,5.265359696838637,9.011647870223289,0.0,,0.0,,0.0,0.0,0.0,0.0,0.0,0.0,0.0,0.0,,0.0,14.852215206607578,0.0,10.449414806032166,0.0,,11.881619584333132,0.0,,0.0,,0.0,13.341104266407502,,0.0,0.0,0.0,0.0,0.0,14.852215206607578,0.0,,0.0,7.7787134167164185,0.0,0.0,8.701809671168826,0.0,0.0,0.0,13.341104266407502,0.0,,0.0,,,0.0,0.0,0.0,10.449414806032166,,7.7787134167164185,0.0,
31,,13.921795677048454,0.0,,0.0,0.0,0.0,0.0,0.0,,13.921795677048454,,5.297972194380703,12.415504997598328,5.265359696838637,0.0,10.904925124490397,0.0,0.0,,0.0,5.297972194380703,,0.0,9.011647870223289,0.0,11.881619584333132,0.0,8.701809671168826,0.0,,12.415504997598328,0.0,,0.0,0.0,0.0,0.0,0.0,,0.0,5.265359696838637,9.011647870223289,0.0,,,,0.0,0.0,0.0,0.0,0.0,0.0,0.0,,,0.0,14.852215206607578,0.0,10.449414806032166,0.0,10.904925124490397,11.881619584333132,0.0,,0.0,,0.0,13.341104266407502,,0.0,0.0,0.0,0.0,0.0,14.852215206607578,0.0,,0.0,7.7787134167164185,0.0,0.0,8.701809671168826,0.0,0.0,0.0,13.341104266407502,0.0,,0.0,,,0.0,,0.0,10.449414806032166,,7.7787134167164185,0.0,
32,,13.921795677048454,0.0,,0.0,0.0,0.0,0.0,0.0,,13.921795677048454,,5.297972194380703,12.415504997598328,5.265359696838637,0.0,10.904925124490397,0.0,0.0,,0.0,5.297972194380703,,0.0,9.011647870223289,0.0,11.881619584333132,0.0,8.701809671168826,0.0,,12.415504997598328,0.0,,0.0,0.0,0.0,,0.0,0.0,0.0,5.265359696838637,9.011647870223289,0.0,,0.0,,0.0,0.0,0.0,0.0,0.0,0.0,0.0,0.0,,0.0,14.852215206607578,0.0,10.449414806032166,0.0,10.904925124490397,11.881619584333132,0.0,,0.0,,0.0,13.341104266407502,,0.0,0.0,0.0,,0.0,14.852215206607578,0.0,,0.0,7.7787134167164185,0.0,0.0,8.701809671168826,0.0,0.0,0.0,13.341104266407502,0.0,,0.0,,,0.0,0.0,0.0,10.449414806032166,,7.7787134167164185,0.0,
33,,13.921795677048454,0.0,,0.0,,0.0,0.0,0.0,,13.921795677048454,,5.297972194380703,12.415504997598328,5.265359696838637,0.0,10.904925124490397,0.0,0.0,,0.0,5.297972194380703,,0.0,9.011647870223289,0.0,,0.0,8.701809671168826,0.0,,12.415504997598328,0.0,,0.0,0.0,0.0,0.0,0.0,0.0,0.0,5.265359696838637,9.011647870223289,0.0,,0.0,,0.0,0.0,,,0.0,0.0,0.0,0.0,,0.0,14.852215206607578,0.0,10.449414806032166,0.0,10.904925124490397,,0.0,,0.0,,0.0,13.341104266407502,,0.0,0.0,0.0,0.0,0.0,14.852215206607578,0.0,,0.0,7.7787134167164185,0.0,0.0,8.701809671168826,0.0,0.0,0.0,13.341104266407502,0.0,,0.0,,,0.0,0.0,,10.449414806032166,,7.7787134167164185,0.0,
34,,13.921795677048454,0.0,,0.0,0.0,0.0,0.0,0.0,,13.921795677048454,,,12.415504997598328,5.265359696838637,0.0,10.904925124490397,0.0,0.0,,0.0,,,0.0,9.011647870223289,0.0,11.881619584333132,0.0,8.701809671168826,0.0,,12.415504997598328,0.0,,0.0,0.0,0.0,0.0,0.0,0.0,0.0,5.265359696838637,9.011647870223289,0.0,,0.0,,0.0,0.0,0.0,0.0,0.0,0.0,0.0,0.0,,0.0,14.852215206607578,0.0,10.449414806032166,0.0,10.904925124490397,11.881619584333132,0.0,,0.0,,0.0,13.341104266407502,,0.0,0.0,0.0,0.0,0.0,14.852215206607578,0.0,,0.0,7.7787134167164185,0.0,0.0,8.701809671168826,0.0,0.0,0.0,13.341104266407502,0.0,,0.0,,,0.0,0.0,0.0,10.449414806032166,,7.7787134167164185,0.0,
35,,13.921795677048454,0.0,,0.0,0.0,0.0,0.0,,,13.921795677048454,,5.297972194380703,12.415504997598328,5.265359696838637,0.0,10.904925124490397,0.0,0.0,,0.0,5.297972194380703,,0.0,9.011647870223289,0.0,,0.0,8.701809671168826,0.0,,12.415504997598328,0.0,,0.0,0.0,0.0,0.0,0.0,0.0,0.0,5.265359696838637,9.011647870223289,0.0,,0.0,,0.0,0.0,0.0,0.0,0.0,0.0,0.0,0.0,,0.0,14.852215206607578,0.0,10.449414806032166,0.0,10.904925124490397,,0.0,,0.0,,0.0,13.341104266407502,,0.0,0.0,0.0,0.0,0.0,14.852215206607578,0.0,,0.0,7.7787134167164185,,0.0,8.701809671168826,0.0,0.0,0.0,13.341104266407502,0.0,,9.492090462838537,,,0.0,0.0,0.0,10.449414806032166,,7.7787134167164185,9.492090462838537,
36,,13.921795677048454,0.0,,0.0,0.0,0.0,0.0,0.0,,13.921795677048454,,5.297972194380703,12.415504997598328,5.265359696838637,0.0,10.904925124490397,0.0,0.0,,0.0,5.297972194380703,,0.0,9.011647870223289,0.0,11.881619584333132,0.0,8.701809671168826,0.0,,12.415504997598328,0.0,,0.0,0.0,0.0,0.0,0.0,0.0,0.0,5.265359696838637,9.011647870223289,0.0,,0.0,,0.0,0.0,0.0,0.0,0.0,0.0,0.0,0.0,,0.0,14.852215206607578,0.0,10.449414806032166,0.0,10.904925124490397,11.881619584333132,0.0,,0.0,,0.0,13.341104266407502,,0.0,0.0,0.0,0.0,0.0,14.852215206607578,0.0,,0.0,7.7787134167164185,0.0,0.0,8.701809671168826,0.0,0.0,0.0,13.341104266407502,0.0,,9.492090462838537,,,0.0,0.0,0.0,10.449414806032166,,7.7787134167164185,9.492090462838537,
37,,13.921795677048454,0.0,,,0.0,0.0,0.0,0.0,,13.921795677048454,,5.297972194380703,12.415504997598328,5.265359696838637,0.0,10.904925124490397,0.0,0.0,,0.0,5.297972194380703,,0.0,9.011647870223289,7.278982756515468,11.881619584333132,0.0,8.701809671168826,0.0,,12.415504997598328,0.0,,0.0,0.0,0.0,5.788001980784582,0.0,0.0,,5.265359696838637,9.011647870223289,0.0,,0.0,,0.0,0.0,0.0,0.0,0.0,7.278982756515468,0.0,0.0,,0.0,14.852215206607578,0.0,10.449414806032166,0.0,10.904925124490397,11.881619584333132,0.0,,0.0,,0.0,13.341104266407502,,0.0,0.0,0.0,5.788001980784582,0.0,14.852215206607578,0.0,,0.0,7.7787134167164185,0.0,0.0,8.701809671168826,0.0,0.0,0.0,13.341104266407502,0.0,,9.492090462838537,,,0.0,0.0,0.0,10.449414806032166,,7.7787134167164185,9.492090462838537,
38,,13.921795677048454,0.0,,0.0,0.0,0.0,0.0,0.0,,13.921795677048454,,5.297972194380703,12.415504997598328,5.265359696838637,0.0,,0.0,0.0,,0.0,5.297972194380703,,0.0,9.011647870223289,7.278982756515468,11.881619584333132,0.0,8.701809671168826,,,12.415504997598328,0.0,,0.0,0.0,0.0,5.788001980784582,0.0,0.0,0.0,5.265359696838637,9.011647870223289,0.0,,0.0,,0.0,0.0,0.0,0.0,0.0,7.278982756515468,0.0,0.0,,0.0,14.852215206607578,0.0,10.449414806032166,0.0,,11.881619584333132,0.0,,0.0,,0.0,13.341104266407502,,0.0,0.0,0.0,5.788001980784582,0.0,14.852215206607578,0.0,,0.0,7.7787134167164185,0.0,0.0,8.701809671168826,0.0,0.0,0.0,13.341104266407502,0.0,,9.492090462838537,,,,0.0,0.0,10.449414806032166,,7.7787134167164185,9.492090462838537,
39,,13.921795677048454,0.0,,0.0,0.0,0.0,0.0,0.0,,13.921795677048454,,5.297972194380703,12.415504997598328,5.265359696838637,0.0,10.904925124490397,0.0,0.0,,0.0,5.297972194380703,,0.0,9.011647870223289,7.278982756515468,11.881619584333132,0.0,8.701809671168826,0.0,,12.415504997598328,0.0,,0.0,0.0,0.0,5.788001980784582,0.0,0.0,0.0,5.265359696838637,9.011647870223289,0.0,,0.0,,0.0,0.0,0.0,0.0,0.0,7.278982756515468,0.0,0.0,,0.0,14.852215206607578,0.0,10.449414806032166,0.0,10.904925124490397,11.881619584333132,0.0,,0.0,,0.0,13.341104266407502,,0.0,0.0,0.0,5.788001980784582,0.0,14.852215206607578,0.0,,0.0,7.7787134167164185,0.0,0.0,8.701809671168826,0.0,0.0,0.0,13.341104266407502,0.0,,9.492090462838537,,,0.0,0.0,0.0,10.449414806032166,,7.7787134167164185,9.492090462838537,
40,,13.921795677048454,0.0,,0.0,0.0,0.0,0.0,0.0,,13.921795677048454,,5.297972194380703,12.415504997598328,5.265359696838637,0.0,10.904925124490397,0.0,0.0,,0.0,5.297972194380703,,0.0,9.011647870223289,7.278982756515468,11.881619584333132,13.218025940068083,8.701809671168826,0.0,,12.415504997598328,0.0,,,0.0,0.0,5.788001980784582,0.0,0.0,0.0,5.265359696838637,9.011647870223289,,,0.0,,0.0,,0.0,0.0,0.0,7.278982756515468,0.0,0.0,,0.0,,0.0,10.449414806032166,0.0,10.904925124490397,11.881619584333132,0.0,,0.0,,0.0,13.341104266407502,,0.0,0.0,13.218025940068083,5.788001980784582,0.0,,0.0,,0.0,7.7787134167164185,0.0,0.0,8.701809671168826,0.0,,0.0,13.341104266407502,0.0,,9.492090462838537,,,0.0,0.0,0.0,10.449414806032166,,7.7787134167164185,9.492090462838537,
41,,13.921795677048454,0.0,,0.0,0.0,0.0,0.0,0.0,,13.921795677048454,,5.297972194380703,12.415504997598328,5.265359696838637,0.0,10.904925124490397,0.0,0.0,,0.0,5.297972194380703,,,9.011647870223289,7.278982756515468,11.881619584333132,13.218025940068083,8.701809671168826,,,12.415504997598328,,,0.0,0.0,0.0,5.788001980784582,0.0,0.0,0.0,5.265359696838637,9.011647870223289,0.0,,0.0,,0.0,,0.0,0.0,0.0,7.278982756515468,0.0,0.0,,0.0,14.852215206607578,0.0,,0.0,10.904925124490397,11.881619584333132,0.0,,0.0,,0.0,13.341104266407502,,0.0,0.0,13.218025940068083,5.788001980784582,0.0,14.852215206607578,0.0,,0.0,7.7787134167164185,0.0,0.0,8.701809671168826,0.0,,0.0,13.341104266407502,0.0,,9.492090462838537,,,,0.0,0.0,,,7.7787134167164185,9.492090462838537,
42,,13.921795677048454,0.0,,0.0,0.0,0.0,0.0,0.0,,13.921795677048454,,5.297972194380703,12.415504997598328,5.265359696838637,0.0,10.904925124490397,0.0,0.0,,0.0,5.297972194380703,,,9.011647870223289,7.278982756515468,11.881619584333132,13.218025940068083,8.701809671168826,0.0,,12.415504997598328,,,0.0,0.0,0.0,5.788001980784582,0.0,0.0,0.0,5.265359696838637,9.011647870223289,0.0,,0.0,,0.0,,0.0,0.0,0.0,7.278982756515468,0.0,0.0,,0.0,14.852215206607578,0.0,10.449414806032166,0.0,10.904925124490397,11.881619584333132,0.0,,0.0,,0.0,13.341104266407502,,0.0,0.0,13.218025940068083,5.788001980784582,0.0,14.852215206607578,0.0,,0.0,7.7787134167164185,0.0,0.0,8.701809671168826,0.0,,0.0,13.341104266407502,0.0,,9.492090462838537,,,0.0,0.0,0.0,10.449414806032166,,7.7787134167164185,9.492090462838537,
43,,13.921795677048454,0.0,,0.0,0.0,,0.0,0.0,,13.921795677048454,,5.297972194380703,12.415504997598328,5.265359696838637,0.0,10.904925124490397,0.0,0.0,,0.0,5.297972194380703,,0.0,9.011647870223289,7.278982756515468,11.881619584333132,13.218025940068083,8.701809671168826,11.981393949882268,,12.415504997598328,0.0,,0.0,0.0,0.0,5.788001980784582,0.0,0.0,0.0,5.265359696838637,9.011647870223289,0.0,,0.0,,0.0,0.0,,0.0,0.0,7.278982756515468,0.0,0.0,,0.0,14.852215206607578,0.0,10.449414806032166,,10.904925124490397,11.881619584333132,0.0,,0.0,,0.0,13.341104266407502,,0.0,0.0,13.218025940068083,5.788001980784582,0.0,14.852215206607578,0.0,,0.0,7.7787134167164185,0.0,0.0,8.701809671168826,0.0,0.0,0.0,13.341104266407502,0.0,,9.492090462838537,,,11.981393949882268,0.0,,10.449414806032166,,7.7787134167164185,9.492090462838537,
44,,,0.0,,0.0,0.0,0.0,0.0,0.0,,,,5.297972194380703,12.415504997598328,5.265359696838637,0.0,10.904925124490397,0.0,0.0,,0.0,5.297972194380703,,0.0,9.011647870223289,7.278982756515468,11.881619584333132,13.218025940068083,,11.981393949882268,,12.415504997598328,0.0,,0.0,0.0,0.0,5.788001980784582,5.96716376833464,0.0,0.0,5.265359696838637,9.011647870223289,0.0,,0.0,,0.0,0.0,,0.0,0.0,7.278982756515468,0.0,0.0,,0.0,14.852215206607578,0.0,10.449414806032166,0.0,10.904925124490397,11.881619584333132,0.0,,0.0,,,13.341104266407502,,0.0,0.0,13.218025940068083,5.788001980784582,0.0,14.852215206607578,,,0.0,7.7787134167164185,0.0,0.0,,5.96716376833464,0.0,0.0,13.341104266407502,0.0,,9.492090462838537,,,11.981393949882268,0.0,,10.449414806032166,,7.7787134167164185,9.492090462838537,
45,,13.921795677048454,0.0,,0.0,0.0,0.0,0.0,0.0,,13.921795677048454,,5.297972194380703,12.415504997598328,5.265359696838637,0.0,,0.0,0.0,,0.0,5.297972194380703,,0.0,9.011647870223289,7.278982756515468,11.881619584333132,13.218025940068083,8.701809671168826,11.981393949882268,,12.415504997598328,0.0,,0.0,0.0,0.0,5.788001980784582,5.96716376833464,0.0,0.0,5.265359696838637,9.011647870223289,0.0,,0.0,,0.0,,,0.0,0.0,7.278982756515468,0.0,0.0,,0.0,14.852215206607578,0.0,10.449414806032166,0.0,,11.881619584333132,0.0,,0.0,,0.0,13.341104266407502,,0.0,0.0,13.218025940068083,5.788001980784582,0.0,14.852215206607578,0.0,,0.0,7.7787134167164185,0.0,0.0,8.701809671168826,5.96716376833464,,0.0,13.341104266407502,0.0,,9.492090462838537,,,11.981393949882268,0.0,,10.449414806032166,,7.7787134167164185,9.492090462838537,
46,,13.921795677048454,0.0,,0.0,,0.0,0.0,0.0,,13.921795677048454,,5.297972194380703,12.415504997598328,5.265359696838637,0.0,10.904925124490397,0.0,0.0,,0.0,5.297972194380703,,0.0,9.011647870223289,7.278982756515468,11.881619584333132,13.218025940068083,8.701809671168826,11.981393949882268,,12.415504997598328,0.0,,0.0,0.0,0.0,5.788001980784582,5.96716376833464,0.0,0.0,5.265359696838637,9.011647870223289,0.0,,0.0,,0.0,0.0,,,0.0,7.278982756515468,0.0,0.0,,0.0,14.852215206607578,13.85451747936807,10.449414806032166,0.0,10.904925124490397,11.881619584333132,0.0,,0.0,,0.0,13.341104266407502,,0.0,0.0,13.218025940068083,5.788001980784582,0.0,14.852215206607578,0.0,,0.0,7.7787134167164185,0.0,0.0,8.701809671168826,5.96716376833464,0.0,13.85451747936807,13.341104266407502,0.0,,9.492090462838537,,,11.981393949882268,0.0,,10.449414806032166,,7.7787134167164185,9.492090462838537,
47,,13.921795677048454,0.0,,,0.0,0.0,0.0,0.0,,13.921795677048454,,5.297972194380703,12.415504997598328,5.265359696838637,0.0,10.904925124490397,0.0,0.0,,0.0,5.297972194380703,,0.0,9.011647870223289,7.278982756515468,11.881619584333132,13.218025940068083,8.701809671168826,11.981393949882268,,12.415504997598328,0.0,,0.0,0.0,0.0,5.788001980784582,5.96716376833464,0.0,,5.265359696838637,9.011647870223289,0.0,,0.0,,0.0,,,0.0,0.0,7.278982756515468,0.0,0.0,,0.0,14.852215206607578,13.85451747936807,,0.0,10.904925124490397,11.881619584333132,0.0,,0.0,,0.0,,,0.0,0.0,13.218025940068083,5.788001980784582,0.0,14.852215206607578,0.0,,0.0,7.7787134167164185,0.0,0.0,8.701809671168826,5.96716376833464,,13.85451747936807,,0.0,,9.492090462838537,,,11.981393949882268,0.0,,,,7.7787134167164185,9.492090462838537,
48,,13.921795677048454,0.0,,0.0,0.0,0.0,0.0,0.0,,13.921795677048454,,5.297972194380703,12.415504997598328,5.265359696838637,0.0,10.904925124490397,0.0,0.0,,0.0,5.297972194380703,,6.248261628532093,9.011647870223289,7.278982756515468,11.881619584333132,13.218025940068083,8.701809671168826,11.981393949882268,,12.415504997598328,6.248261628532093,,0.0,6.022102765198487,0.0,5.788001980784582,5.96716376833464,0.0,0.0,5.265359696838637,9.011647870223289,0.0,,13.664836667552699,,0.0,0.0,,0.0,0.0,7.278982756515468,6.022102765198487,13.664836667552699,,0.0,14.852215206607578,13.85451747936807,10.449414806032166,0.0,10.904925124490397,11.881619584333132,0.0,,0.0,,0.0,13.341104266407502,,0.0,0.0,13.218025940068083,5.788001980784582,0.0,14.852215206607578,0.0,,0.0,7.7787134167164185,0.0,0.0,8.701809671168826,5.96716376833464,0.0,13.85451747936807,13.341104266407502,0.0,,9.492090462838537,,,11.981393949882268,0.0,,10.449414806032166,,7.7787134167164185,9.492090462838537,
49,,,0.0,,0.0,0.0,0.0,,0.0,,,,5.297972194380703,12.415504997598328,5.265359696838637,0.0,10.904925124490397,0.0,0.0,,0.0,5.297972194380703,,6.248261628532093,9.011647870223289,7.278982756515468,11.881619584333132,13.218025940068083,,11.981393949882268,,12.415504997598328,6.248261628532093,,0.0,6.022102765198487,0.0,5.788001980784582,5.96716376833464,,0.0,5.265359696838637,9.011647870223289,0.0,,13.664836667552699,,0.0,0.0,,0.0,0.0,7.278982756515468,6.022102765198487,13.664836667552699,,0.0,14.852215206607578,13.85451747936807,10.449414806032166,0.0,10.904925124490397,11.881619584333132,0.0,,0.0,,0.0,13.341104266407502,,,0.0,13.218025940068083,5.788001980784582,0.0,14.852215206607578,0.0,,0.0,7.7787134167164185,0.0,0.0,,5.96716376833464,0.0,13.85451747936807,13.341104266407502,0.0,,9.492090462838537,,,11.981393949882268,,,10.449414806032166,,7.7787134167164185,9.492090462838537,
50,,13.921795677048454,0.0,,0.0,0.0,0.0,0.0,0.0,,13.921795677048454,,5.297972194380703,12.415504997598328,5.265359696838637,0.0,10.904925124490397,0.0,0.0,,0.0,5.297972194380703,,,9.011647870223289,7.278982756515468,11.881619584333132,13.218025940068083,8.701809671168826,11.981393949882268,,12.415504997598328,,,0.0,6.022102765198487,0.0,5.788001980784582,5.96716376833464,0.0,0.0,5.265359696838637,9.011647870223289,0.0,,13.664836667552699,,0.0,0.0,,0.0,0.0,7.278982756515468,6.022102765198487,13.664836667552699,,0.0,14.852215206607578,13.85451747936807,10.449414806032166,0.0,10.904925124490397,11.881619584333132,0.0,,0.0,,0.0,13.341104266407502,,0.0,0.0,13.218025940068083,5.788001980784582,0.0,14.852215206607578,0.0,,0.0,7.7787134167164185,0.0,0.0,8.701809671168826,5.96716376833464,0.0,13.85451747936807,13.341104266407502,0.0,,9.492090462838537,,,11.981393949882268,0.0,,10.449414806032166,,7.7787134167164185,9.492090462838537,
51,,13.921795677048454,0.0,,0.0,0.0,0.0,0.0,0.0,,13.921795677048454,,5.297972194380703,12.415504997598328,5.265359696838637,0.0,10.904925124490397,0.0,0.0,,0.0,5.297972194380703,,6.248261628532093,9.011647870223289,7.278982756515468,11.881619584333132,13.218025940068083,8.701809671168826,11.981393949882268,,12.415504997598328,6.248261628532093,,0.0,6.022102765198487,0.0,5.788001980784582,5.96716376833464,0.0,0.0,5.265359696838637,9.011647870223289,0.0,,13.664836667552699,,0.0,0.0,,0.0,0.0,7.278982756515468,6.022102765198487,13.664836667552699,,0.0,14.852215206607578,13.85451747936807,10.449414806032166,0.0,10.904925124490397,11.881619584333132,0.0,,0.0,,0.0,13.341104266407502,,0.0,0.0,13.218025940068083,5.788001980784582,0.0,14.852215206607578,0.0,,0.0,7.7787134167164185,0.0,0.0,8.701809671168826,5.96716376833464,0.0,13.85451747936807,13.341104266407502,0.0,,9.492090462838537,,,11.981393949882268,0.0,,10.449414806032166,,7.7787134167164185,9.492090462838537,
52,,13.921795677048454,0.0,,0.0,,0.0,0.0,0.0,,13.921795677048454,,5.297972194380703,12.415504997598328,5.265359696838637,0.0,10.904925124490397,0.0,0.0,,0.0,5.297972194380703,,6.248261628532093,9.011647870223289,7.278982756515468,11.881619584333132,13.218025940068083,8.701809671168826,,,12.415504997598328,6.248261628532093,,0.0,6.022102765198487,0.0,5.788001980784582,5.96716376833464,0.0,0.0,5.265359696838637,9.011647870223289,0.0,,13.664836667552699,,0.0,0.0,,,0.0,7.278982756515468,6.022102765198487,13.664836667552699,,0.0,14.852215206607578,13.85451747936807,10.449414806032166,0.0,10.904925124490397,11.881619584333132,0.0,,0.0,,,13.341104266407502,,0.0,0.0,13.218025940068083,5.788001980784582,0.0,14.852215206607578,,,0.0,7.7787134167164185,0.0,0.0,8.701809671168826,5.96716376833464,0.0,13.85451747936807,13.341104266407502,0.0,,9.492090462838537,,,,0.0,,10.449414806032166,,7.7787134167164185,9.492090462838537,
53,,13.921795677048454,0.0,,0.0,0.0,0.0,0.0,0.0,,13.921795677048454,,5.297972194380703,12.415504997598328,5.265359696838637,0.0,10.904925124490397,0.0,0.0,,0.0,5.297972194380703,,6.248261628532093,9.011647870223289,7.278982756515468,11.881619584333132,13.218025940068083,8.701809671168826,11.981393949882268,,12.415504997598328,6.248261628532093,,0.0,6.022102765198487,0.0,5.788001980784582,5.96716376833464,0.0,0.0,5.265359696838637,9.011647870223289,0.0,,13.664836667552699,,0.0,0.0,,0.0,0.0,7.278982756515468,6.022102765198487,13.664836667552699,,0.0,,13.85451747936807,10.449414806032166,0.0,10.904925124490397,11.881619584333132,0.0,,0.0,,0.0,13.341104266407502,,0.0,0.0,13.218025940068083,5.788001980784582,0.0,,0.0,,0.0,7.7787134167164185,0.0,0.0,8.701809671168826,5.96716376833464,0.0,13.85451747936807,13.341104266407502,0.0,,9.492090462838537,,,11.981393949882268,0.0,,10.449414806032166,,7.7787134167164185,9.492090462838537,
54,,13.921795677048454,0.0,,0.0,0.0,0.0,0.0,0.0,,13.921795677048454,,5.297972194380703,12.415504997598328,5.265359696838637,0.0,10.904925124490397,0.0,0.0,,0.0,5.297972194380703,,6.248261628532093,9.011647870223289,7.278982756515468,11.881619584333132,13.218025940068083,,11.981393949882268,,12.415504997598328,6.248261628532093,,0.0,6.022102765198487,0.0,5.788001980784582,5.96716376833464,0.0,0.0,5.265359696838637,9.011647870223289,0.0,,13.664836667552699,,0.0,0.0,,0.0,0.0,7.278982756515468,6.022102765198487,13.664836667552699,,0.0,14.852215206607578,13.85451747936807,10.449414806032166,0.0,10.904925124490397,11.881619584333132,0.0,,0.0,,0.0,13.341104266407502,,0.0,0.0,13.218025940068083,5.788001980784582,0.0,14.852215206607578,0.0,,0.0,7.7787134167164185,0.0,0.0,,5.96716376833464,0.0,13.85451747936807,13.341104266407502,0.0,,9.492090462838537,,,11.981393949882268,0.0,,10.449414806032166,,7.7787134167164185,9.492090462838537,
55,,13.921795677048454,0.0,,0.0,0.0,,0.0,0.0,,13.921795677048454,,5.297972194380703,12.415504997598328,5.265359696838637,0.0,10.904925124490397,0.0,0.0,,0.0,5.297972194380703,,6.248261628532093,9.011647870223289,7.278982756515468,11.881619584333132,13.218025940068083,8.701809671168826,11.981393949882268,,12.415504997598328,6.248261628532093,,0.0,6.022102765198487,0.0,,5.96716376833464,0.0,0.0,5.265359696838637,9.011647870223289,0.0,,13.664836667552699,,0.0,0.0,,0.0,0.0,7.278982756515468,6.022102765198487,13.664836667552699,,0.0,14.852215206607578,13.85451747936807,10.449414806032166,,10.904925124490397,11.881619584333132,0.0,,0.0,,0.0,13.341104266407502,,0.0,0.0,13.218025940068083,,0.0,14.852215206607578,0.0,,0.0,7.7787134167164185,0.0,0.0,8.701809671168826,5.96716376833464,0.0,13.85451747936807,13.341104266407502,0.0,,9.492090462838537,,,11.981393949882268,0.0,,10.449414806032166,,7.7787134167164185,9.492090462838537,
56,,13.921795677048454,0.0,,0.0,,0.0,0.0,0.0,,13.921795677048454,,5.297972194380703,12.415504997598328,5.265359696838637,0.0,10.904925124490397,0.0,0.0,,0.0,5.297972194380703,,6.248261628532093,9.011647870223289,7.278982756515468,11.881619584333132,13.218025940068083,8.701809671168826,11.981393949882268,,12.415504997598328,6.248261628532093,,0.0,6.022102765198487,0.0,5.788001980784582,5.96716376833464,,0.0,5.265359696838637,9.011647870223289,0.0,,13.664836667552699,,0.0,,,,0.0,7.278982756515468,6.022102765198487,13.664836667552699,,0.0,14.852215206607578,13.85451747936807,10.449414806032166,0.0,10.904925124490397,11.881619584333132,0.0,,0.0,,0.0,13.341104266407502,,0.0,0.0,13.218025940068083,5.788001980784582,0.0,14.852215206607578,0.0,,0.0,7.7787134167164185,0.0,0.0,8.701809671168826,5.96716376833464,,13.85451747936807,13.341104266407502,0.0,,9.492090462838537,,,11.981393949882268,,,10.449414806032166,,7.7787134167164185,9.492090462838537,
57,,13.921795677048454,0.0,,0.0,0.0,0.0,0.0,0.0,,13.921795677048454,,5.297972194380703,12.415504997598328,5.265359696838637,0.0,10.904925124490397,0.0,0.0,,0.0,5.297972194380703,,6.248261628532093,9.011647870223289,7.278982756515468,11.881619584333132,13.218025940068083,8.701809671168826,11.981393949882268,,12.415504997598328,6.248261628532093,,0.0,6.022102765198487,0.0,5.788001980784582,5.96716376833464,0.0,0.0,5.265359696838637,9.011647870223289,0.0,,13.664836667552699,,0.0,0.0,,0.0,0.0,7.278982756515468,6.022102765198487,13.664836667552699,,0.0,14.852215206607578,13.85451747936807,10.449414806032166,0.0,10.904925124490397,11.881619584333132,0.0,,0.0,,0.0,,,0.0,0.0,13.218025940068083,5.788001980784582,0.0,14.852215206607578,0.0,,0.0,7.7787134167164185,0.0,0.0,8.701809671168826,5.96716376833464,0.0,13.85451747936807,,0.0,,9.492090462838537,,,11.981393949882268,0.0,,10.449414806032166,,7.7787134167164185,9.492090462838537,
58,,13.921795677048454,0.0,,0.0,0.0,0.0,0.0,0.0,,13.921795677048454,,5.297972194380703,12.415504997598328,5.265359696838637,0.0,10.904925124490397,0.0,0.0,,0.0,5.297972194380703,,,9.011647870223289,7.278982756515468,11.881619584333132,13.218025940068083,,11.981393949882268,,12.415504997598328,,,0.0,6.022102765198487,0.0,5.788001980784582,5.96716376833464,0.0,0.0,5.265359696838637,9.011647870223289,0.0,,13.664836667552699,,0.0,0.0,,0.0,0.0,7.278982756515468,6.022102765198487,13.664836667552699,,0.0,14.852215206607578,13.85451747936807,10.449414806032166,0.0,10.904925124490397,11.881619584333132,0.0,,0.0,,0.0,13.341104266407502,,0.0,0.0,13.218025940068083,5.788001980784582,0.0,14.852215206607578,0.0,,0.0,7.7787134167164185,0.0,0.0,,5.96716376833464,0.0,13.85451747936807,13.341104266407502,0.0,,9.492090462838537,,,11.981393949882268,0.0,,10.449414806032166,,7.7787134167164185,9.492090462838537,
59,,13.921795677048454,0.0,,0.0,0.0,0.0,7.448109251514262,0.0,,13.921795677048454,,5.297972194380703,12.415504997598328,5.265359696838637,0.0,10.904925124490397,0.0,0.0,,0.0,5.297972194380703,,6.248261628532093,9.011647870223289,7.278982756515468,11.881619584333132,13.218025940068083,,11.981393949882268,,12.415504997598328,6.248261628532093,,0.0,6.022102765198487,0.0,5.788001980784582,5.96716376833464,0.0,0.0,5.265359696838637,9.011647870223289,0.0,,13.664836667552699,,0.0,,,0.0,0.0,7.278982756515468,6.022102765198487,13.664836667552699,,0.0,14.852215206607578,13.85451747936807,10.449414806032166,0.0,10.904925124490397,11.881619584333132,0.0,,0.0,,0.0,13.341104266407502,,7.448109251514262,0.0,13.218025940068083,5.788001980784582,0.0,14.852215206607578,0.0,,0.0,7.7787134167164185,0.0,0.0,,5.96716376833464,,13.85451747936807,13.341104266407502,0.0,,9.492090462838537,,,11.981393949882268,0.0,,10.449414806032166,,7.7787134167164185,9.492090462838537,
60,,13.921795677048454,0.0,,0.0,0.0,0.0,7.448109251514262,0.0,,13.921795677048454,,5.297972194380703,12.415504997598328,5.265359696838637,0.0,10.904925124490397,0.0,0.0,,0.0,5.297972194380703,,6.248261628532093,9.011647870223289,7.278982756515468,11.881619584333132,13.218025940068083,8.701809671168826,11.981393949882268,,12.415504997598328,6.248261628532093,,0.0,6.022102765198487,0.0,5.788001980784582,5.96716376833464,0.0,0.0,5.265359696838637,9.011647870223289,0.0,,13.664836667552699,,0.0,0.0,,0.0,0.0,7.278982756515468,6.022102765198487,13.664836667552699,,0.0,14.852215206607578,13.85451747936807,10.449414806032166,0.0,10.904925124490397,11.881619584333132,0.0,,0.0,,0.0,13.341104266407502,,7.448109251514262,0.0,13.218025940068083,5.788001980784582,0.0,14.852215206607578,0.0,,0.0,,0.0,0.0,8.701809671168826,5.96716376833464,0.0,13.85451747936807,13.341104266407502,0.0,,9.492090462838537,,,11.981393949882268,0.0,,10.449414806032166,,,9.492090462838537,
61,,13.921795677048454,0.0,,0.0,0.0,0.0,7.448109251514262,0.0,,13.921795677048454,,5.297972194380703,12.415504997598328,5.265359696838637,0.0,10.904925124490397,0.0,0.0,,0.0,5.297972194380703,,6.248261628532093,9.011647870223289,7.278982756515468,11.881619584333132,13.218025940068083,8.701809671168826,11.981393949882268,,12.415504997598328,6.248261628532093,,0.0,6.022102765198487,0.0,5.788001980784582,5.96716376833464,0.0,0.0,5.265359696838637,9.011647870223289,0.0,,13.664836667552699,,0.0,0.0,,0.0,0.0,7.278982756515468,6.022102765198487,13.664836667552699,,0.0,14.852215206607578,13.85451747936807,10.449414806032166,0.0,10.904925124490397,11.881619584333132,0.0,,0.0,,0.0,13.341104266407502,,7.448109251514262,0.0,13.218025940068083,5.788001980784582,0.0,14.852215206607578,0.0,,0.0,7.7787134167164185,0.0,0.0,8.701809671168826,5.96716376833464,0.0,13.85451747936807,13.341104266407502,0.0,,9.492090462838537,,,11.981393949882268,0.0,,10.449414806032166,,7.7787134167164185,9.492090462838537,
62,,13.921795677048454,0.0,,0.0,0.0,,7.448109251514262,0.0,,13.921795677048454,,5.297972194380703,12.415504997598328,5.265359696838637,0.0,10.904925124490397,0.0,0.0,,0.0,5.297972194380703,,6.248261628532093,9.011647870223289,7.278982756515468,11.881619584333132,,,11.981393949882268,,12.415504997598328,6.248261628532093,,0.0,6.022102765198487,0.0,,5.96716376833464,0.0,0.0,5.265359696838637,9.011647870223289,0.0,,13.664836667552699,,0.0,0.0,,0.0,0.0,7.278982756515468,6.022102765198487,13.664836667552699,,0.0,14.852215206607578,13.85451747936807,10.449414806032166,,10.904925124490397,11.881619584333132,0.0,,0.0,,0.0,13.341104266407502,,7.448109251514262,0.0,,,0.0,14.852215206607578,0.0,,0.0,7.7787134167164185,0.0,0.0,,5.96716376833464,0.0,13.85451747936807,13.341104266407502,0.0,,9.492090462838537,,,11.981393949882268,0.0,,10.449414806032166,,7.7787134167164185,9.492090462838537,
63,,13.921795677048454,0.0,,0.0,0.0,0.0,7.448109251514262,0.0,,13.921795677048454,,5.297972194380703,12.415504997598328,5.265359696838637,0.0,10.904925124490397,0.0,0.0,,0.0,5.297972194380703,,6.248261628532093,9.011647870223289,7.278982756515468,11.881619584333132,13.218025940068083,8.701809671168826,11.981393949882268,,12.415504997598328,6.248261628532093,,0.0,6.022102765198487,0.0,5.788001980784582,5.96716376833464,0.0,0.0,5.265359696838637,9.011647870223289,0.0,,13.664836667552699,,0.0,0.0,,0.0,0.0,7.278982756515468,6.022102765198487,13.664836667552699,,0.0,14.852215206607578,13.85451747936807,10.449414806032166,0.0,10.904925124490397,11.881619584333132,0.0,,0.0,,0.0,13.341104266407502,,7.448109251514262,0.0,13.218025940068083,5.788001980784582,0.0,14.852215206607578,0.0,,0.0,7.7787134167164185,0.0,0.0,8.701809671168826,5.96716376833464,0.0,13.85451747936807,13.341104266407502,0.0,,9.492090462838537,,,11.981393949882268,0.0,,10.449414806032166,,7.7787134167164185,9.492090462838537,
64,,13.921795677048454,0.0,,0.0,0.0,0.0,7.448109251514262,0.0,,13.921795677048454,,5.297972194380703,12.415504997598328,5.265359696838637,0.0,10.904925124490397,0.0,0.0,,0.0,5.297972194380703,,6.248261628532093,,7.278982756515468,11.881619584333132,13.218025940068083,8.701809671168826,11.981393949882268,,12.415504997598328,6.248261628532093,,0.0,6.022102765198487,0.0,5.788001980784582,5.96716376833464,0.0,0.0,5.265359696838637,,0.0,,13.664836667552699,,0.0,0.0,,0.0,0.0,7.278982756515468,6.022102765198487,13.664836667552699,,0.0,14.852215206607578,13.85451747936807,10.449414806032166,0.0,10.904925124490397,11.881619584333132,0.0,,0.0,,0.0,13.341104266407502,,7.448109251514262,0.0,13.218025940068083,5.788001980784582,0.0,14.852215206607578,0.0,,0.0,7.7787134167164185,0.0,0.0,8.701809671168826,5.96716376833464,0.0,13.85451747936807,13.341104266407502,0.0,,9.492090462838537,,,11.981393949882268,0.0,,10.449414806032166,,7.7787134167164185,9.492090462838537,
65,,13.921795677048454,0.0,,0.0,0.0,,7.448109251514262,,,13.921795677048454,,5.297972194380703,12.415504997598328,5.265359696838637,0.0,10.904925124490397,0.0,0.0,,0.0,5.297972194380703,,6.248261628532093,9.011647870223289,7.278982756515468,11.881619584333132,13.218025940068083,8.701809671168826,11.981393949882268,,12.415504997598328,6.248261628532093,,,6.022102765198487,0.0,5.788001980784582,5.96716376833464,0.0,0.0,5.265359696838637,9.011647870223289,,,13.664836667552699,,0.0,0.0,,0.0,0.0,7.278982756515468,6.022102765198487,13.664836667552699,,0.0,14.852215206607578,13.85451747936807,10.449414806032166,,10.904925124490397,11.881619584333132,0.0,,0.0,,0.0,13.341104266407502,,7.448109251514262,0.0,13.218025940068083,5.788001980784582,0.0,14.852215206607578,0.0,,0.0,7.7787134167164185,,0.0,8.701809671168826,5.96716376833464,0.0,13.85451747936807,13.341104266407502,0.0,,9.492090462838537,,,11.981393949882268,0.0,,10.449414806032166,,7.7787134167164185,9.492090462838537,
66,,13.921795677048454,0.0,,0.0,0.0,0.0,7.448109251514262,0.0,,13.921795677048454,,5.297972194380703,12.415504997598328,5.265359696838637,,10.904925124490397,0.0,0.0,,0.0,5.297972194380703,,6.248261628532093,9.011647870223289,7.278982756515468,11.881619584333132,13.218025940068083,8.701809671168826,11.981393949882268,,12.415504997598328,6.248261628532093,,,6.022102765198487,0.0,5.788001980784582,5.96716376833464,0.0,0.0,5.265359696838637,9.011647870223289,,,13.664836667552699,,0.0,0.0,,0.0,,7.278982756515468,6.022102765198487,13.664836667552699,,0.0,14.852215206607578,13.85451747936807,10.449414806032166,0.0,10.904925124490397,11.881619584333132,0.0,,0.0,,0.0,13.341104266407502,,7.448109251514262,0.0,13.218025940068083,5.788001980784582,0.0,14.852215206607578,0.0,,0.0,7.7787134167164185,0.0,0.0,8.701809671168826,5.96716376833464,0.0,13.85451747936807,13.341104266407502,0.0,,9.492090462838537,,,11.981393949882268,0.0,,10.449414806032166,,7.7787134167164185,9.492090462838537,
67,,13.921795677048454,0.0,,0.0,,0.0,7.448109251514262,0.0,,13.921795677048454,,5.297972194380703,12.415504997598328,5.265359696838637,0.0,10.904925124490397,0.0,0.0,,0.0,5.297972194380703,,6.248261628532093,9.011647870223289,7.278982756515468,11.881619584333132,,8.701809671168826,11.981393949882268,,12.415504997598328,6.248261628532093,,0.0,6.022102765198487,0.0,5.788001980784582,5.96716376833464,0.0,0.0,5.265359696838637,9.011647870223289,0.0,,13.664836667552699,,0.0,0.0,,,0.0,7.278982756515468,6.022102765198487,13.664836667552699,,0.0,14.852215206607578,13.85451747936807,10.449414806032166,0.0,10.904925124490397,11.881619584333132,0.0,,0.0,,0.0,13.341104266407502,,7.448109251514262,0.0,,5.788001980784582,0.0,14.852215206607578,0.0,,0.0,7.7787134167164185,0.0,0.0,8.701809671168826,5.96716376833464,0.0,13.85451747936807,13.341104266407502,0.0,,9.492090462838537,,,11.981393949882268,0.0,,10.449414806032166,,7.7787134167164185,9.492090462838537,
68,,13.921795677048454,0.0,,0.0,0.0,0.0,7.448109251514262,0.0,,13.921795677048454,,5.297972194380703,12.415504997598328,5.265359696838637,0.0,10.904925124490397,0.0,0.0,,0.0,5.297972194380703,,6.248261628532093,9.011647870223289,7.278982756515468,11.881619584333132,,8.701809671168826,11.981393949882268,,12.415504997598328,6.248261628532093,,0.0,6.022102765198487,12.297317866938178,5.788001980784582,5.96716376833464,0.0,0.0,5.265359696838637,9.011647870223289,0.0,,13.664836667552699,,0.0,,,0.0,0.0,7.278982756515468,6.022102765198487,13.664836667552699,,0.0,14.852215206607578,13.85451747936807,10.449414806032166,0.0,10.904925124490397,11.881619584333132,12.297317866938178,,0.0,,0.0,13.341104266407502,,7.448109251514262,0.0,,5.788001980784582,0.0,14.852215206607578,0.0,,0.0,7.7787134167164185,0.0,0.0,8.701809671168826,5.96716376833464,,13.85451747936807,13.341104266407502,0.0,,9.492090462838537,,,11.981393949882268,0.0,,10.449414806032166,,7.7787134167164185,9.492090462838537,
69,,13.921795677048454,0.0,,0.0,0.0,0.0,7.448109251514262,0.0,,13.921795677048454,,5.297972194380703,12.415504997598328,5.265359696838637,0.0,10.904925124490397,0.0,0.0,,0.0,5.297972194380703,,,9.011647870223289,7.278982756515468,11.881619584333132,13.218025940068083,8.701809671168826,11.981393949882268,,12.415504997598328,,,0.0,6.022102765198487,,5.788001980784582,5.96716376833464,0.0,0.0,5.265359696838637,9.011647870223289,0.0,,13.664836667552699,,0.0,0.0,,0.0,0.0,7.278982756515468,6.022102765198487,13.664836667552699,,0.0,14.852215206607578,13.85451747936807,10.449414806032166,0.0,10.904925124490397,11.881619584333132,,,0.0,,0.0,13.341104266407502,,7.448109251514262,0.0,13.218025940068083,5.788001980784582,0.0,14.852215206607578,0.0,,0.0,7.7787134167164185,0.0,0.0,8.701809671168826,5.96716376833464,0.0,13.85451747936807,13.341104266407502,0.0,,9.492090462838537,,,11.981393949882268,0.0,,10.449414806032166,,7.7787134167164185,9.492090462838537,
70,,13.921795677048454,0.0,,,,0.0,7.448109251514262,0.0,,13.921795677048454,,5.297972194380703,12.415504997598328,5.265359696838637,0.0,10.904925124490397,0.0,0.0,,0.0,5.297972194380703,,6.248261628532093,9.011647870223289,7.278982756515468,11.881619584333132,13.218025940068083,8.701809671168826,11.981393949882268,,12.415504997598328,6.248261628532093,,0.0,6.022102765198487,12.297317866938178,5.788001980784582,5.96716376833464,0.0,,5.265359696838637,9.011647870223289,0.0,,13.664836667552699,,0.0,0.0,,,0.0,7.278982756515468,6.022102765198487,13.664836667552699,,0.0,14.852215206607578,13.85451747936807,10.449414806032166,0.0,10.904925124490397,11.881619584333132,12.297317866938178,,0.0,,0.0,13.341104266407502,,7.448109251514262,0.0,13.218025940068083,5.788001980784582,0.0,14.852215206607578,0.0,,0.0,7.7787134167164185,0.0,0.0,8.701809671168826,5.96716376833464,0.0,13.85451747936807,13.341104266407502,0.0,,9.492090462838537,,,11.981393949882268,0.0,,10.449414806032166,,7.7787134167164185,9.492090462838537,
71,,13.921795677048454,0.0,,0.0,0.0,0.0,7.448109251514262,0.0,,13.921795677048454,,5.297972194380703,12.415504997598328,5.265359696838637,0.0,10.904925124490397,0.0,0.0,,0.0,5.297972194380703,,6.248261628532093,9.011647870223289,7.278982756515468,11.881619584333132,13.218025940068083,8.701809671168826,11.981393949882268,,12.415504997598328,6.248261628532093,,0.0,6.022102765198487,12.297317866938178,,5.96716376833464,0.0,0.0,5.265359696838637,9.011647870223289,0.0,,13.664836667552699,,0.0,0.0,,0.0,0.0,7.278982756515468,6.022102765198487,13.664836667552699,,0.0,14.852215206607578,13.85451747936807,10.449414806032166,0.0,10.904925124490397,11.881619584333132,12.297317866938178,,0.0,,0.0,13.341104266407502,,7.448109251514262,0.0,13.218025940068083,,0.0,14.852215206607578,0.0,,0.0,7.7787134167164185,0.0,0.0,8.701809671168826,5.96716376833464,0.0,13.85451747936807,13.341104266407502,0.0,,9.492090462838537,,,11.981393949882268,0.0,,10.449414806032166,,7.7787134167164185,9.492090462838537,
72,,13.921795677048454,0.0,,0.0,0.0,0.0,7.448109251514262,0.0,,13.921795677048454,,5.297972194380703,12.415504997598328,5.265359696838637,,10.904925124490397,0.0,0.0,,0.0,5.297972194380703,,6.248261628532093,9.011647870223289,7.278982756515468,11.881619584333132,13.218025940068083,8.701809671168826,,,12.415504997598328,6.248261628532093,,0.0,6.022102765198487,12.297317866938178,5.788001980784582,5.96716376833464,0.0,0.0,5.265359696838637,9.011647870223289,0.0,,13.664836667552699,,7.109828435863265,0.0,,0.0,,7.278982756515468,6.022102765198487,13.664836667552699,,0.0,14.852215206607578,13.85451747936807,10.449414806032166,0.0,10.904925124490397,11.881619584333132,12.297317866938178,,0.0,,0.0,13.341104266407502,,7.448109251514262,0.0,13.218025940068083,5.788001980784582,7.109828435863265,14.852215206607578,0.0,,0.0,7.7787134167164185,0.0,0.0,8.701809671168826,5.96716376833464,0.0,13.85451747936807,13.341104266407502,0.0,,9.492090462838537,,,,0.0,,10.449414806032166,,7.7787134167164185,9.492090462838537,
73,,13.921795677048454,0.0,,0.0,0.0,0.0,7.448109251514262,0.0,,13.921795677048454,,5.297972194380703,12.415504997598328,5.265359696838637,0.0,10.904925124490397,0.0,0.0,,0.0,5.297972194380703,,6.248261628532093,9.011647870223289,7.278982756515468,11.881619584333132,13.218025940068083,8.701809671168826,,,12.415504997598328,6.248261628532093,,0.0,6.022102765198487,12.297317866938178,5.788001980784582,5.96716376833464,0.0,0.0,5.265359696838637,9.011647870223289,0.0,,13.664836667552699,,7.109828435863265,0.0,,0.0,0.0,7.278982756515468,6.022102765198487,13.664836667552699,,0.0,14.852215206607578,13.85451747936807,10.449414806032166,0.0,10.904925124490397,11.881619584333132,12.297317866938178,,0.0,,0.0,13.341104266407502,,7.448109251514262,0.0,13.218025940068083,5.788001980784582,7.109828435863265,14.852215206607578,0.0,,0.0,7.7787134167164185,0.0,0.0,8.701809671168826,5.96716376833464,0.0,13.85451747936807,13.341104266407502,0.0,,9.492090462838537,,,,0.0,,10.449414806032166,,7.7787134167164185,9.492090462838537,
74,,13.921795677048454,0.0,,0.0,0.0,0.0,7.448109251514262,0.0,,13.921795677048454,,5.297972194380703,12.415504997598328,5.265359696838637,0.0,10.904925124490397,0.0,0.0,,0.0,5.297972194380703,,6.248261628532093,9.011647870223289,,11.881619584333132,13.218025940068083,8.701809671168826,11.981393949882268,,12.415504997598328,6.248261628532093,,0.0,6.022102765198487,12.297317866938178,5.788001980784582,5.96716376833464,0.0,0.0,5.265359696838637,9.011647870223289,0.0,,13.664836667552699,,7.109828435863265,0.0,,0.0,0.0,,6.022102765198487,13.664836667552699,,0.0,14.852215206607578,13.85451747936807,10.449414806032166,0.0,10.904925124490397,11.881619584333132,12.297317866938178,,0.0,,0.0,13.341104266407502,,7.448109251514262,0.0,13.218025940068083,5.788001980784582,7.109828435863265,14.852215206607578,0.0,,0.0,7.7787134167164185,0.0,0.0,8.701809671168826,5.96716376833464,0.0,13.85451747936807,13.341104266407502,0.0,,9.492090462838537,,,11.981393949882268,0.0,,10.449414806032166,,7.7787134167164185,9.492090462838537,
75,,13.921795677048454,0.0,,0.0,0.0,0.0,7.448109251514262,0.0,,13.921795677048454,,5.297972194380703,12.415504997598328,5.265359696838637,0.0,,0.0,0.0,,0.0,5.297972194380703,,6.248261628532093,9.011647870223289,7.278982756515468,11.881619584333132,13.218025940068083,8.701809671168826,11.981393949882268,,12.415504997598328,6.248261628532093,,0.0,6.022102765198487,12.297317866938178,5.788001980784582,5.96716376833464,0.0,0.0,5.265359696838637,9.011647870223289,0.0,,13.664836667552699,,7.109828435863265,0.0,,0.0,0.0,7.278982756515468,6.022102765198487,13.664836667552699,,0.0,14.852215206607578,13.85451747936807,10.449414806032166,0.0,,11.881619584333132,12.297317866938178,,0.0,,0.0,13.341104266407502,,7.448109251514262,0.0,13.218025940068083,5.788001980784582,7.109828435863265,14.852215206607578,0.0,,0.0,7.7787134167164185,0.0,0.0,8.701809671168826,5.96716376833464,0.0,13.85451747936807,13.341104266407502,0.0,,9.492090462838537,,,11.981393949882268,0.0,,10.449414806032166,,7.7787134167164185,9.492090462838537,
76,,13.921795677048454,0.0,,0.0,,0.0,7.448109251514262,0.0,,13.921795677048454,,5.297972194380703,12.415504997598328,5.265359696838637,0.0,10.904925124490397,0.0,0.0,,0.0,5.297972194380703,,6.248261628532093,9.011647870223289,7.278982756515468,11.881619584333132,13.218025940068083,8.701809671168826,11.981393949882268,,12.415504997598328,6.248261628532093,,0.0,6.022102765198487,12.297317866938178,5.788001980784582,5.96716376833464,0.0,0.0,5.265359696838637,9.011647870223289,0.0,,13.664836667552699,,7.109828435863265,0.0,,,0.0,7.278982756515468,6.022102765198487,13.664836667552699,,0.0,14.852215206607578,13.85451747936807,10.449414806032166,0.0,10.904925124490397,11.881619584333132,12.297317866938178,,0.0,,0.0,13.341104266407502,,7.448109251514262,0.0,13.218025940068083,5.788001980784582,7.109828435863265,14.852215206607578,0.0,,0.0,7.7787134167164185,0.0,0.0,8.701809671168826,5.96716376833464,0.0,13.85451747936807,13.341104266407502,0.0,,9.492090462838537,,,11.981393949882268,0.0,,10.449414806032166,,7.7787134167164185,9.492090462838537,
77,,13.921795677048454,0.0,,0.0,0.0,0.0,7.448109251514262,0.0,,13.921795677048454,,5.297972194380703,12.415504997598328,5.265359696838637,0.0,10.904925124490397,7.326608933907396,0.0,,0.0,5.297972194380703,,6.248261628532093,,7.278982756515468,11.881619584333132,13.218025940068083,8.701809671168826,11.981393949882268,,12.415504997598328,6.248261628532093,,0.0,6.022102765198487,12.297317866938178,5.788001980784582,5.96716376833464,0.0,0.0,5.265359696838637,,0.0,,13.664836667552699,,7.109828435863265,0.0,,0.0,0.0,7.278982756515468,6.022102765198487,13.664836667552699,,0.0,14.852215206607578,13.85451747936807,10.449414806032166,0.0,10.904925124490397,11.881619584333132,12.297317866938178,,0.0,,0.0,13.341104266407502,,7.448109251514262,7.326608933907396,13.218025940068083,5.788001980784582,7.109828435863265,14.852215206607578,0.0,,0.0,7.7787134167164185,0.0,0.0,8.701809671168826,5.96716376833464,0.0,13.85451747936807,13.341104266407502,0.0,,9.492090462838537,,,11.981393949882268,0.0,,10.449414806032166,,7.7787134167164185,9.492090462838537,
78,,13.921795677048454,0.0,,0.0,0.0,0.0,7.448109251514262,0.0,,13.921795677048454,,5.297972194380703,12.415504997598328,5.265359696838637,0.0,10.904925124490397,7.326608933907396,0.0,,0.0,5.297972194380703,,6.248261628532093,9.011647870223289,7.278982756515468,11.881619584333132,13.218025940068083,8.701809671168826,11.981393949882268,,12.415504997598328,6.248261628532093,,0.0,6.022102765198487,12.297317866938178,5.788001980784582,5.96716376833464,0.0,0.0,5.265359696838637,9.011647870223289,0.0,,13.664836667552699,,7.109828435863265,0.0,,0.0,0.0,7.278982756515468,6.022102765198487,13.664836667552699,,0.0,14.852215206607578,13.85451747936807,10.449414806032166,0.0,10.904925124490397,11.881619584333132,12.297317866938178,,0.0,,0.0,13.341104266407502,,7.448109251514262,7.326608933907396,13.218025940068083,5.788001980784582,7.109828435863265,14.852215206607578,0.0,,0.0,7.7787134167164185,0.0,0.0,8.701809671168826,5.96716376833464,0.0,13.85451747936807,13.341104266407502,0.0,,9.492090462838537,,,11.981393949882268,0.0,,10.449414806032166,,7.7787134167164185,9.492090462838537,
79,,13.921795677048454,0.0,,0.0,0.0,0.0,7.448109251514262,0.0,,13.921795677048454,,5.297972194380703,12.415504997598328,5.265359696838637,0.0,10.904925124490397,7.326608933907396,0.0,,0.0,5.297972194380703,,6.248261628532093,9.011647870223289,7.278982756515468,11.881619584333132,13.218025940068083,8.701809671168826,11.981393949882268,,12.415504997598328,6.248261628532093,,,6.022102765198487,12.297317866938178,5.788001980784582,5.96716376833464,0.0,0.0,5.265359696838637,9.011647870223289,,,13.664836667552699,,7.109828435863265,0.0,,0.0,0.0,7.278982756515468,6.022102765198487,13.664836667552699,,0.0,14.852215206607578,13.85451747936807,10.449414806032166,0.0,10.904925124490397,11.881619584333132,12.297317866938178,,0.0,,0.0,13.341104266407502,,7.448109251514262,7.326608933907396,13.218025940068083,5.788001980784582,7.109828435863265,14.852215206607578,0.0,,0.0,7.7787134167164185,0.0,0.0,8.701809671168826,5.96716376833464,0.0,13.85451747936807,13.341104266407502,0.0,,9.492090462838537,,,11.981393949882268,0.0,,10.449414806032166,,7.7787134167164185,9.492090462838537,
80,,13.921795677048454,0.0,,0.0,0.0,0.0,7.448109251514262,0.0,,13.921795677048454,,5.297972194380703,12.415504997598328,5.265359696838637,0.0,,7.326608933907396,0.0,,0.0,5.297972194380703,,6.248261628532093,9.011647870223289,7.278982756515468,11.881619584333132,13.218025940068083,8.701809671168826,11.981393949882268,,12.415504997598328,6.248261628532093,,,6.022102765198487,12.297317866938178,5.788001980784582,5.96716376833464,0.0,0.0,5.265359696838637,9.011647870223289,,,13.664836667552699,,7.109828435863265,0.0,,0.0,0.0,7.278982756515468,6.022102765198487,13.664836667552699,,0.0,14.852215206607578,13.85451747936807,10.449414806032166,0.0,,11.881619584333132,12.297317866938178,,0.0,,0.0,13.341104266407502,,7.448109251514262,7.326608933907396,13.218025940068083,5.788001980784582,7.109828435863265,14.852215206607578,0.0,,0.0,7.7787134167164185,0.0,0.0,8.701809671168826,5.96716376833464,0.0,13.85451747936807,13.341104266407502,0.0,,9.492090462838537,,,11.981393949882268,0.0,,10.449414806032166,,7.7787134167164185,9.492090462838537,
81,,13.921795677048454,0.0,,8.794554417576478,0.0,5.714025095785483,7.448109251514262,7.779736031100921,,13.921795677048454,,5.297972194380703,12.415504997598328,5.265359696838637,,10.904925124490397,7.326608933907396,0.0,,0.0,5.297972194380703,,6.248261628532093,9.011647870223289,7.278982756515468,11.881619584333132,13.218025940068083,8.701809671168826,11.981393949882268,,12.415504997598328,6.248261628532093,,,6.022102765198487,12.297317866938178,5.788001980784582,5.96716376833464,,8.794554417576478,5.265359696838637,9.011647870223289,,,13.664836667552699,,7.109828435863265,,,0.0,,7.278982756515468,6.022102765198487,13.664836667552699,,0.0,14.852215206607578,13.85451747936807,10.449414806032166,5.714025095785483,10.904925124490397,11.881619584333132,12.297317866938178,,0.0,,0.0,13.341104266407502,,7.448109251514262,7.326608933907396,13.218025940068083,5.788001980784582,7.109828435863265,14.852215206607578,0.0,,0.0,7.7787134167164185,7.779736031100921,0.0,8.701809671168826,5.96716376833464,,13.85451747936807,13.341104266407502,0.0,,9.492090462838537,,,11.981393949882268,,,10.449414806032166,,7.7787134167164185,9.492090462838537,
82,,13.921795677048454,0.0,,8.794554417576478,0.0,5.714025095785483,7.448109251514262,7.779736031100921,,13.921795677048454,,5.297972194380703,12.415504997598328,5.265359696838637,0.0,10.904925124490397,7.326608933907396,0.0,,0.0,5.297972194380703,,6.248261628532093,9.011647870223289,7.278982756515468,11.881619584333132,13.218025940068083,8.701809671168826,11.981393949882268,,12.415504997598328,6.248261628532093,,,6.022102765198487,12.297317866938178,,5.96716376833464,0.0,8.794554417576478,5.265359696838637,9.011647870223289,,,13.664836667552699,,7.109828435863265,14.366545877124942,,0.0,0.0,7.278982756515468,6.022102765198487,13.664836667552699,,0.0,14.852215206607578,13.85451747936807,10.449414806032166,5.714025095785483,10.904925124490397,11.881619584333132,12.297317866938178,,0.0,,0.0,13.341104266407502,,7.448109251514262,7.326608933907396,13.218025940068083,,7.109828435863265,14.852215206607578,0.0,,0.0,7.7787134167164185,7.779736031100921,0.0,8.701809671168826,5.96716376833464,14.366545877124942,13.85451747936807,13.341104266407502,0.0,,9.492090462838537,,,11.981393949882268,0.0,,10.449414806032166,,7.7787134167164185,9.492090462838537,
83,,13.921795677048454,0.0,,8.794554417576478,0.0,5.714025095785483,7.448109251514262,7.779736031100921,,13.921795677048454,,5.297972194380703,12.415504997598328,5.265359696838637,0.0,10.904925124490397,7.326608933907396,0.0,,0.0,5.297972194380703,,6.248261628532093,9.011647870223289,7.278982756515468,11.881619584333132,13.218025940068083,8.701809671168826,11.981393949882268,,12.415504997598328,6.248261628532093,,,6.022102765198487,12.297317866938178,5.788001980784582,5.96716376833464,0.0,8.794554417576478,5.265359696838637,9.011647870223289,,,,,7.109828435863265,14.366545877124942,,0.0,0.0,7.278982756515468,6.022102765198487,,,0.0,14.852215206607578,13.85451747936807,10.449414806032166,5.714025095785483,10.904925124490397,11.881619584333132,12.297317866938178,,0.0,,0.0,13.341104266407502,,7.448109251514262,7.326608933907396,13.218025940068083,5.788001980784582,7.109828435863265,14.852215206607578,0.0,,0.0,7.7787134167164185,7.779736031100921,0.0,8.701809671168826,5.96716376833464,14.366545877124942,13.85451747936807,13.341104266407502,0.0,,9.492090462838537,,,11.981393949882268,0.0,,10.449414806032166,,7.7787134167164185,9.492090462838537,
84,,13.921795677048454,0.0,,8.794554417576478,0.0,5.714025095785483,7.448109251514262,7.779736031100921,,13.921795677048454,,5.297972194380703,12.415504997598328,5.265359696838637,0.0,10.904925124490397,7.326608933907396,0.0,,0.0,5.297972194380703,,6.248261628532093,9.011647870223289,7.278982756515468,11.881619584333132,13.218025940068083,8.701809671168826,11.981393949882268,,12.415504997598328,6.248261628532093,,,6.022102765198487,12.297317866938178,5.788001980784582,5.96716376833464,0.0,8.794554417576478,5.265359696838637,9.011647870223289,,,13.664836667552699,,7.109828435863265,14.366545877124942,,0.0,0.0,7.278982756515468,6.022102765198487,13.664836667552699,,5.69555148823741,14.852215206607578,13.85451747936807,10.449414806032166,5.714025095785483,10.904925124490397,11.881619584333132,12.297317866938178,,5.69555148823741,,0.0,13.341104266407502,,7.448109251514262,7.326608933907396,13.218025940068083,5.788001980784582,7.109828435863265,14.852215206607578,0.0,,0.0,7.7787134167164185,7.779736031100921,0.0,8.701809671168826,5.96716376833464,14.366545877124942,13.85451747936807,13.341104266407502,0.0,,9.492090462838537,,,11.981393949882268,0.0,,10.449414806032166,,7.7787134167164185,9.492090462838537,
85,,13.921795677048454,0.0,,,0.0,,7.448109251514262,7.779736031100921,,13.921795677048454,,5.297972194380703,12.415504997598328,5.265359696838637,,10.904925124490397,7.326608933907396,0.0,,0.0,5.297972194380703,,6.248261628532093,9.011647870223289,7.278982756515468,11.881619584333132,13.218025940068083,8.701809671168826,11.981393949882268,,12.415504997598328,6.248261628532093,,,6.022102765198487,12.297317866938178,5.788001980784582,5.96716376833464,0.0,,5.265359696838637,9.011647870223289,,,13.664836667552699,,7.109828435863265,14.366545877124942,,0.0,,7.278982756515468,6.022102765198487,13.664836667552699,,5.69555148823741,14.852215206607578,13.85451747936807,10.449414806032166,,10.904925124490397,11.881619584333132,12.297317866938178,,5.69555148823741,,0.0,13.341104266407502,,7.448109251514262,7.326608933907396,13.218025940068083,5.788001980784582,7.109828435863265,14.852215206607578,0.0,,0.0,7.7787134167164185,7.779736031100921,0.0,8.701809671168826,5.96716376833464,14.366545877124942,13.85451747936807,13.341104266407502,0.0,,9.492090462838537,,,11.981393949882268,0.0,,10.449414806032166,,7.7787134167164185,9.492090462838537,
86,,,0.0,,,0.0,5.714025095785483,7.448109251514262,7.779736031100921,,,,5.297972194380703,12.415504997598328,5.265359696838637,0.0,10.904925124490397,7.326608933907396,0.0,,0.0,5.297972194380703,,6.248261628532093,9.011647870223289,7.278982756515468,11.881619584333132,13.218025940068083,8.701809671168826,11.981393949882268,,12.415504997598328,6.248261628532093,,,6.022102765198487,12.297317866938178,5.788001980784582,5.96716376833464,0.0,,5.265359696838637,9.011647870223289,,,13.664836667552699,,7.109828435863265,14.366545877124942,,0.0,0.0,7.278982756515468,6.022102765198487,13.664836667552699,,5.69555148823741,14.852215206607578,13.85451747936807,10.449414806032166,5.714025095785483,10.904925124490397,11.881619584333132,12.297317866938178,,5.69555148823741,,0.0,13.341104266407502,,7.448109251514262,7.326608933907396,13.218025940068083,5.788001980784582,7.109828435863265,14.852215206607578,0.0,,0.0,7.7787134167164185,7.779736031100921,0.0,8.701809671168826,5.96716376833464,14.366545877124942,13.85451747936807,13.341104266407502,0.0,,9.492090462838537,,,11.981393949882268,0.0,,10.449414806032166,,7.7787134167164185,9.492090462838537,
87,,13.921795677048454,0.0,,8.794554417576478,0.0,5.714025095785483,7.448109251514262,7.779736031100921,,13.921795677048454,,5.297972194380703,12.415504997598328,5.265359696838637,0.0,10.904925124490397,7.326608933907396,0.0,,0.0,5.297972194380703,,6.248261628532093,9.011647870223289,7.278982756515468,11.881619584333132,13.218025940068083,8.701809671168826,11.981393949882268,,12.415504997598328,6.248261628532093,,,6.022102765198487,12.297317866938178,5.788001980784582,5.96716376833464,0.0,8.794554417576478,5.265359696838637,9.011647870223289,,,13.664836667552699,,7.109828435863265,14.366545877124942,,0.0,0.0,7.278982756515468,6.022102765198487,13.664836667552699,,5.69555148823741,,13.85451747936807,10.449414806032166,5.714025095785483,10.904925124490397,11.881619584333132,12.297317866938178,,5.69555148823741,,0.0,,,7.448109251514262,7.326608933907396,13.218025940068083,5.788001980784582,7.109828435863265,,0.0,,0.0,7.7787134167164185,7.779736031100921,0.0,8.701809671168826,5.96716376833464,14.366545877124942,13.85451747936807,,0.0,,9.492090462838537,,,11.981393949882268,0.0,,10.449414806032166,,7.7787134167164185,9.492090462838537,
88,,13.921795677048454,0.0,,8.794554417576478,0.0,5.714025095785483,7.448109251514262,7.779736031100921,,13.921795677048454,,5.297972194380703,12.415504997598328,5.265359696838637,0.0,10.904925124490397,7.326608933907396,0.0,,0.0,5.297972194380703,,6.248261628532093,9.011647870223289,7.278982756515468,11.881619584333132,13.218025940068083,8.701809671168826,11.981393949882268,,12.415504997598328,6.248261628532093,,,6.022102765198487,12.297317866938178,5.788001980784582,5.96716376833464,0.0,8.794554417576478,5.265359696838637,9.011647870223289,,,13.664836667552699,,7.109828435863265,14.366545877124942,,0.0,0.0,7.278982756515468,6.022102765198487,13.664836667552699,,5.69555148823741,14.852215206607578,13.85451747936807,10.449414806032166,5.714025095785483,10.904925124490397,11.881619584333132,12.297317866938178,,5.69555148823741,,0.0,13.341104266407502,,7.448109251514262,7.326608933907396,13.218025940068083,5.788001980784582,7.109828435863265,14.852215206607578,0.0,,0.0,7.7787134167164185,7.779736031100921,0.0,8.701809671168826,5.96716376833464,14.366545877124942,13.85451747936807,13.341104266407502,0.0,,9.492090462838537,,,11.981393949882268,0.0,,10.449414806032166,,7.7787134167164185,9.492090462838537,
89,,13.921795677048454,0.0,,8.794554417576478,0.0,5.714025095785483,7.448109251514262,7.779736031100921,,13.921795677048454,,5.297972194380703,12.415504997598328,5.265359696838637,0.0,10.904925124490397,7.326608933907396,0.0,,0.0,5.297972194380703,,6.248261628532093,9.011647870223289,7.278982756515468,11.881619584333132,13.218025940068083,8.701809671168826,11.981393949882268,,12.415504997598328,6.248261628532093,,,6.022102765198487,12.297317866938178,5.788001980784582,5.96716376833464,,8.794554417576478,5.265359696838637,9.011647870223289,,,13.664836667552699,,7.109828435863265,14.366545877124942,,0.0,0.0,7.278982756515468,6.022102765198487,13.664836667552699,,5.69555148823741,14.852215206607578,13.85451747936807,10.449414806032166,5.714025095785483,10.904925124490397,11.881619584333132,12.297317866938178,,5.69555148823741,,0.0,13.341104266407502,,7.448109251514262,7.326608933907396,13.218025940068083,5.788001980784582,7.109828435863265,14.852215206607578,0.0,,11.701751743776933,7.7787134167164185,7.779736031100921,0.0,8.701809671168826,5.96716376833464,14.366545877124942,13.85451747936807,13.341104266407502,11.701751743776933,,9.492090462838537,,,11.981393949882268,,,10.449414806032166,,7.7787134167164185,9.492090462838537,
90,,13.921795677048454,0.0,,8.794554417576478,,5.714025095785483,7.448109251514262,7.779736031100921,,13.921795677048454,,5.297972194380703,12.415504997598328,5.265359696838637,0.0,10.904925124490397,7.326608933907396,0.0,,0.0,5.297972194380703,,6.248261628532093,9.011647870223289,7.278982756515468,,13.218025940068083,8.701809671168826,11.981393949882268,,12.415504997598328,6.248261628532093,,,6.022102765198487,12.297317866938178,5.788001980784582,5.96716376833464,,8.794554417576478,5.265359696838637,9.011647870223289,,,13.664836667552699,,7.109828435863265,14.366545877124942,,,0.0,7.278982756515468,6.022102765198487,13.664836667552699,,5.69555148823741,14.852215206607578,13.85451747936807,10.449414806032166,5.714025095785483,10.904925124490397,,12.297317866938178,,5.69555148823741,,0.0,13.341104266407502,,7.448109251514262,7.326608933907396,13.218025940068083,5.788001980784582,7.109828435863265,14.852215206607578,0.0,,11.701751743776933,7.7787134167164185,7.779736031100921,0.0,8.701809671168826,5.96716376833464,14.366545877124942,13.85451747936807,13.341104266407502,11.701751743776933,,9.492090462838537,,,11.981393949882268,,,10.449414806032166,,7.7787134167164185,9.492090462838537,
91,,13.921795677048454,0.0,,,,5.714025095785483,7.448109251514262,7.779736031100921,,13.921795677048454,,5.297972194380703,12.415504997598328,5.265359696838637,0.0,10.904925124490397,7.326608933907396,0.0,,0.0,5.297972194380703,,6.248261628532093,9.011647870223289,7.278982756515468,11.881619584333132,13.218025940068083,8.701809671168826,11.981393949882268,,12.415504997598328,6.248261628532093,,,6.022102765198487,12.297317866938178,5.788001980784582,5.96716376833464,,,5.265359696838637,9.011647870223289,,,13.664836667552699,,7.109828435863265,14.366545877124942,,,0.0,7.278982756515468,6.022102765198487,13.664836667552699,,5.69555148823741,14.852215206607578,13.85451747936807,10.449414806032166,5.714025095785483,10.904925124490397,11.881619584333132,12.297317866938178,,5.69555148823741,,0.0,13.341104266407502,,7.448109251514262,7.326608933907396,13.218025940068083,5.788001980784582,7.109828435863265,14.852215206607578,0.0,,11.701751743776933,7.7787134167164185,7.779736031100921,0.0,8.701809671168826,5.96716376833464,14.366545877124942,13.85451747936807,13.341104266407502,11.701751743776933,,9.492090462838537,,,11.981393949882268,,,10.449414806032166,,7.7787134167164185,9.492090462838537,
92,,13.921795677048454,0.0,,8.794554417576478,,5.714025095785483,7.448109251514262,7.779736031100921,,13.921795677048454,,5.297972194380703,12.415504997598328,5.265359696838637,0.0,10.904925124490397,7.326608933907396,0.0,,0.0,5.297972194380703,,6.248261628532093,9.011647870223289,7.278982756515468,11.881619584333132,13.218025940068083,8.701809671168826,11.981393949882268,,12.415504997598328,6.248261628532093,,,6.022102765198487,,,5.96716376833464,,8.794554417576478,5.265359696838637,9.011647870223289,,,13.664836667552699,,7.109828435863265,14.366545877124942,,,0.0,7.278982756515468,6.022102765198487,13.664836667552699,,5.69555148823741,14.852215206607578,13.85451747936807,10.449414806032166,5.714025095785483,10.904925124490397,11.881619584333132,,,5.69555148823741,,0.0,13.341104266407502,,7.448109251514262,7.326608933907396,13.218025940068083,,7.109828435863265,14.852215206607578,0.0,,11.701751743776933,7.7787134167164185,7.779736031100921,0.0,8.701809671168826,5.96716376833464,14.366545877124942,13.85451747936807,13.341104266407502,11.701751743776933,,9.492090462838537,,,11.981393949882268,,,10.449414806032166,,7.7787134167164185,9.492090462838537,
93,,13.921795677048454,6.71138648198097,,8.794554417576478,,5.714025095785483,7.448109251514262,7.779736031100921,,13.921795677048454,,5.297972194380703,12.415504997598328,5.265359696838637,0.0,10.904925124490397,7.326608933907396,0.0,,6.71138648198097,5.297972194380703,,6.248261628532093,9.011647870223289,7.278982756515468,11.881619584333132,13.218025940068083,8.701809671168826,11.981393949882268,,12.415504997598328,6.248261628532093,,,6.022102765198487,12.297317866938178,5.788001980784582,5.96716376833464,,8.794554417576478,5.265359696838637,9.011647870223289,,,13.664836667552699,,7.109828435863265,14.366545877124942,,,0.0,7.278982756515468,6.022102765198487,13.664836667552699,,5.69555148823741,14.852215206607578,13.85451747936807,10.449414806032166,5.714025095785483,10.904925124490397,11.881619584333132,12.297317866938178,,5.69555148823741,,0.0,13.341104266407502,,7.448109251514262,7.326608933907396,13.218025940068083,5.788001980784582,7.109828435863265,14.852215206607578,0.0,,11.701751743776933,7.7787134167164185,7.779736031100921,0.0,8.701809671168826,5.96716376833464,14.366545877124942,13.85451747936807,13.341104266407502,11.701751743776933,,9.492090462838537,,,11.981393949882268,,,10.449414806032166,,7.7787134167164185,9.492090462838537,
94,,13.921795677048454,6.71138648198097,,8.794554417576478,,5.714025095785483,7.448109251514262,7.779736031100921,,13.921795677048454,,5.297972194380703,12.415504997598328,5.265359696838637,7.232107381488228,,7.326608933907396,6.024951761715075,,6.71138648198097,5.297972194380703,,6.248261628532093,9.011647870223289,7.278982756515468,11.881619584333132,13.218025940068083,8.701809671168826,11.981393949882268,,12.415504997598328,6.248261628532093,,,6.022102765198487,12.297317866938178,5.788001980784582,5.96716376833464,,8.794554417576478,5.265359696838637,9.011647870223289,,,13.664836667552699,,7.109828435863265,14.366545877124942,,,7.232107381488228,7.278982756515468,6.022102765198487,13.664836667552699,,5.69555148823741,14.852215206607578,13.85451747936807,10.449414806032166,5.714025095785483,,11.881619584333132,12.297317866938178,,5.69555148823741,,0.0,13.341104266407502,,7.448109251514262,7.326608933907396,13.218025940068083,5.788001980784582,7.109828435863265,14.852215206607578,0.0,,11.701751743776933,7.7787134167164185,7.779736031100921,6.024951761715075,8.701809671168826,5.96716376833464,14.366545877124942,13.85451747936807,13.341104266407502,11.701751743776933,,9.492090462838537,,,11.981393949882268,,,10.449414806032166,,7.7787134167164185,9.492090462838537,
95,,13.921795677048454,6.71138648198097,,8.794554417576478,,5.714025095785483,7.448109251514262,7.779736031100921,,13.921795677048454,,5.297972194380703,12.415504997598328,5.265359696838637,7.232107381488228,10.904925124490397,7.326608933907396,6.024951761715075,,6.71138648198097,5.297972194380703,,6.248261628532093,9.011647870223289,7.278982756515468,11.881619584333132,13.218025940068083,8.701809671168826,11.981393949882268,,12.415504997598328,6.248261628532093,,,6.022102765198487,12.297317866938178,5.788001980784582,5.96716376833464,,8.794554417576478,5.265359696838637,9.011647870223289,,,13.664836667552699,,7.109828435863265,14.366545877124942,,,7.232107381488228,7.278982756515468,6.022102765198487,13.664836667552699,,5.69555148823741,14.852215206607578,13.85451747936807,10.449414806032166,5.714025095785483,10.904925124490397,11.881619584333132,12.297317866938178,,5.69555148823741,,0.0,13.341104266407502,,7.448109251514262,7.326608933907396,13.218025940068083,5.788001980784582,7.109828435863265,14.852215206607578,0.0,,11.701751743776933,7.7787134167164185,7.779736031100921,6.024951761715075,8.701809671168826,5.96716376833464,14.366545877124942,13.85451747936807,13.341104266407502,11.701751743776933,,9.492090462838537,,,11.981393949882268,,,10.449414806032166,,7.7787134167164185,9.492090462838537,
96,,13.921795677048454,6.71138648198097,,8.794554417576478,,5.714025095785483,7.448109251514262,7.779736031100921,,13.921795677048454,,5.297972194380703,12.415504997598328,5.265359696838637,7.232107381488228,10.904925124490397,7.326608933907396,6.024951761715075,,6.71138648198097,5.297972194380703,,6.248261628532093,9.011647870223289,7.278982756515468,,13.218025940068083,8.701809671168826,11.981393949882268,,12.415504997598328,6.248261628532093,,,6.022102765198487,12.297317866938178,,5.96716376833464,,8.794554417576478,5.265359696838637,9.011647870223289,,,13.664836667552699,,7.109828435863265,14.366545877124942,,,7.232107381488228,7.278982756515468,6.022102765198487,13.664836667552699,,5.69555148823741,14.852215206607578,13.85451747936807,10.449414806032166,5.714025095785483,10.904925124490397,,12.297317866938178,,5.69555148823741,,0.0,13.341104266407502,,7.448109251514262,7.326608933907396,13.218025940068083,,7.109828435863265,14.852215206607578,0.0,,11.701751743776933,7.7787134167164185,7.779736031100921,6.024951761715075,8.701809671168826,5.96716376833464,14.366545877124942,13.85451747936807,13.341104266407502,11.701751743776933,,9.492090462838537,,,11.981393949882268,,,10.449414806032166,,7.7787134167164185,9.492090462838537,
97,,13.921795677048454,6.71138648198097,,8.794554417576478,,5.714025095785483,7.448109251514262,7.779736031100921,,13.921795677048454,,5.297972194380703,12.415504997598328,,7.232107381488228,10.904925124490397,7.326608933907396,6.024951761715075,,6.71138648198097,5.297972194380703,,6.248261628532093,9.011647870223289,7.278982756515468,11.881619584333132,13.218025940068083,8.701809671168826,11.981393949882268,,12.415504997598328,6.248261628532093,,,6.022102765198487,12.297317866938178,5.788001980784582,5.96716376833464,,8.794554417576478,,9.011647870223289,,,13.664836667552699,,7.109828435863265,14.366545877124942,,,7.232107381488228,7.278982756515468,6.022102765198487,13.664836667552699,,5.69555148823741,14.852215206607578,13.85451747936807,10.449414806032166,5.714025095785483,10.904925124490397,11.881619584333132,12.297317866938178,,5.69555148823741,,0.0,13.341104266407502,,7.448109251514262,7.326608933907396,13.218025940068083,5.788001980784582,7.109828435863265,14.852215206607578,0.0,,11.701751743776933,7.7787134167164185,7.779736031100921,6.024951761715075,8.701809671168826,5.96716376833464,14.366545877124942,13.85451747936807,13.341104266407502,11.701751743776933,,9.492090462838537,,,11.981393949882268,,,10.449414806032166,,7.7787134167164185,9.492090462838537,
98,,13.921795677048454,6.71138648198097,,8.794554417576478,,5.714025095785483,7.448109251514262,7.779736031100921,,13.921795677048454,,5.297972194380703,12.415504997598328,5.265359696838637,7.232107381488228,10.904925124490397,7.326608933907396,6.024951761715075,,6.71138648198097,5.297972194380703,,6.248261628532093,9.011647870223289,7.278982756515468,11.881619584333132,13.218025940068083,8.701809671168826,11.981393949882268,,12.415504997598328,6.248261628532093,,,6.022102765198487,12.297317866938178,5.788001980784582,5.96716376833464,,8.794554417576478,5.265359696838637,9.011647870223289,,,13.664836667552699,,7.109828435863265,14.366545877124942,,,7.232107381488228,7.278982756515468,6.022102765198487,13.664836667552699,,5.69555148823741,14.852215206607578,13.85451747936807,,5.714025095785483,10.904925124490397,11.881619584333132,12.297317866938178,,5.69555148823741,,11.846142509898744,13.341104266407502,,7.448109251514262,7.326608933907396,13.218025940068083,5.788001980784582,7.109828435863265,14.852215206607578,11.846142509898744,,11.701751743776933,7.7787134167164185,7.779736031100921,6.024951761715075,8.701809671168826,5.96716376833464,14.366545877124942,13.85451747936807,13.341104266407502,11.701751743776933,,9.492090462838537,,,11.981393949882268,,,,,7.7787134167164185,9.492090462838537,
99,,13.921795677048454,6.71138648198097,,8.794554417576478,,5.714025095785483,7.448109251514262,7.779736031100921,,13.921795677048454,,5.297972194380703,12.415504997598328,5.265359696838637,,10.904925124490397,7.326608933907396,6.024951761715075,,6.71138648198097,5.297972194380703,,6.248261628532093,9.011647870223289,7.278982756515468,11.881619584333132,13.218025940068083,8.701809671168826,11.981393949882268,,12.415504997598328,6.248261628532093,,,6.022102765198487,,5.788001980784582,5.96716376833464,,8.794554417576478,5.265359696838637,9.011647870223289,,,13.664836667552699,,7.109828435863265,14.366545877124942,,,,7.278982756515468,6.022102765198487,13.664836667552699,,5.69555148823741,14.852215206607578,13.85451747936807,10.449414806032166,5.714025095785483,10.904925124490397,11.881619584333132,,,5.69555148823741,,11.846142509898744,13.341104266407502,,7.448109251514262,7.326608933907396,13.218025940068083,5.788001980784582,7.109828435863265,14.852215206607578,11.846142509898744,,11.701751743776933,7.7787134167164185,7.779736031100921,6.024951761715075,8.701809671168826,5.96716376833464,14.366545877124942,13.85451747936807,13.341104266407502,11.701751743776933,,,,,11.981393949882268,,,10.449414806032166,,7.7787134167164185,,
