,"('I', 'I')","('I', 'D')","('I', 'O')","('I', 'L')","('I', 'J')","('I', 'B')","('I', 'K')","('I', 'N')","('I', 'A')","('I', 'E')","('I', 'C')","('I', 'M')","('I', 'G')","('I', 'F')","('I', 'H')","('D', 'I')","('D', 'D')","('D', 'O')","('D', 'L')","('D', 'J')","('D', 'B')","('D', 'K')","('D', 'N')","('D', 'A')","('D', 'E')","('D', 'C')","('D', 'M')","('D', 'G')","('D', 'F')","('D', 'H')","('O', 'I')","('O', 'D')","('O', 'O')","('O', 'L')","('O', 'J')","('O', 'B')","('O', 'K')","('O', 'N')","('O', 'A')","('O', 'E')","('O', 'C')","('O', 'M')","('O', 'G')","('O', 'F')","('O', 'H')","('L', 'I')","('L', 'D')","('L', 'O')","('L', 'L')","('L', 'J')","('L', 'B')","('L', 'K')","('L', 'N')","('L', 'A')","('L', 'E')","('L', 'C')","('L', 'M')","('L', 'G')","('L', 'F')","('L', 'H')","('J', 'I')","('J', 'D')","('J', 'O')","('J', 'L')","('J', 'J')","('J', 'B')","('J', 'K')","('J', 'N')","('J', 'A')","('J', 'E')","('J', 'C')","('J', 'M')","('J', 'G')","('J', 'F')","('J', 'H')","('B', 'I')","('B', 'D')","('B', 'O')","('B', 'L')","('B', 'J')","('B', 'B')","('B', 'K')","('B', 'N')","('B', 'A')","('B', 'E')","('B', 'C')","('B', 'M')","('B', 'G')","('B', 'F')","('B', 'H')","('K', 'I')","('K', 'D')","('K', 'O')","('K', 'L')","('K', 'J')","('K', 'B')","('K', 'K')","('K', 'N')","('K', 'A')","('K', 'E')","('K', 'C')","('K', 'M')","('K', 'G')","('K', 'F')","('K', 'H')","('N', 'I')","('N', 'D')","('N', 'O')","('N', 'L')","('N', 'J')","('N', 'B')","('N', 'K')","('N', 'N')","('N', 'A')","('N', 'E')","('N', 'C')","('N', 'M')","('N', 'G')","('N', 'F')","('N', 'H')","('A', 'I')","('A', 'D')","('A', 'O')","('A', 'L')","('A', 'J')","('A', 'B')","('A', 'K')","('A', 'N')","('A', 'A')","('A', 'E')","('A', 'C')","('A', 'M')","('A', 'G')","('A', 'F')","('A', 'H')","('E', 'I')","('E', 'D')","('E', 'O')","('E', 'L')","('E', 'J')","('E', 'B')","('E', 'K')","('E', 'N')","('E', 'A')","('E', 'E')","('E', 'C')","('E', 'M')","('E', 'G')","('E', 'F')","('E', 'H')","('C', 'I')","('C', 'D')","('C', 'O')","('C', 'L')","('C', 'J')","('C', 'B')","('C', 'K')","('C', 'N')","('C', 'A')","('C', 'E')","('C', 'C')","('C', 'M')","('C', 'G')","('C', 'F')","('C', 'H')","('M', 'I')","('M', 'D')","('M', 'O')","('M', 'L')","('M', 'J')","('M', 'B')","('M', 'K')","('M', 'N')","('M', 'A')","('M', 'E')","('M', 'C')","('M', 'M')","('M', 'G')","('M', 'F')","('M', 'H')","('G', 'I')","('G', 'D')","('G', 'O')","('G', 'L')","('G', 'J')","('G', 'B')","('G', 'K')","('G', 'N')","('G', 'A')","('G', 'E')","('G', 'C')","('G', 'M')","('G', 'G')","('G', 'F')","('G', 'H')","('F', 'I')","('F', 'D')","('F', 'O')","('F', 'L')","('F', 'J')","('F', 'B')","('F', 'K')","('F', 'N')","('F', 'A')","('F', 'E')","('F', 'C')","('F', 'M')","('F', 'G')","('F', 'F')","('F', 'H')","('H', 'I')","('H', 'D')","('H', 'O')","('H', 'L')","('H', 'J')","('H', 'B')","('H', 'K')","('H', 'N')","('H', 'A')","('H', 'E')","('H', 'C')","('H', 'M')","('H', 'G')","('H', 'F')","('H', 'H')"
0,,,,,,,,,,,,,,,,,,,,,,,,,,,,,,,,,,,,,,,,,,,,,,,,,,,,,,,,,,,,,,,,,,,,,,,,,,,,,,,,,,,,,,,,,,,,,,,,,,,,,,,,,,,,,,,,,,,,,,,,,,,,,,,,,,,,,,,,,,,,,,,,,,,,,,,,,,,,,,,,,,,,,,,,,,,,,,,,,,,,,,,,,,,,,,,,,,,,,,,,,,,,,,,,,,,,,,,,,,,,,,,,,
1,,,,,,,,,,,,,,,,,,,,,,,,,,,,,,,,,,,,,,,,,,,,,,,,,,,,,,,,,,,,,,,,,,,,,,,,,,,,,,,,,,,,,,,,,,,,,,,,,,,,,,,,,,,,,,,,,,,,,,,,,,,,,,,,,,,,,,,,,,,,,,,,,,,,,,,,,,,,,,,,,,,,,,,,,,,,,,,,,,,,,,,,,,,,,,,,,,,,,,,,,,,,,,,,,,,,,,,,,,,,,,,,,
2,,,,,,,,,,,,,,,,,,,,,,,,,,,,,,,,,,,,,,,,,,,,,,,,,,,,,,,,,,,,,,,,,,,,,,,,,,,,,,,,,,,,,,,,,,,,,,,,,,,,,,,,,,,,,,,,,,,,,,,,,,,,,,,,,,,,,,,,,,,,,,,,,,,,,,,,,,,,,,,,,,,,,,,,,,,,,,,,,,,,,,,,,,,,,,,,,,,,,,,,,,,,,,,,,,,,,,,,,,,,,,,,,
3,,,,,,,,,,,,,,,,,,,,,,,,,,,,,,,,,,,,,,,,,,,,,,,,,,,,,,,,,,,,,,,,,,,,,,,,,,,,,,,,,,,,,,,,,,,,,,,,,,,,,,,,,,,,,,,,,,,,,,,,,,,,,,,,,,,,,,,,,,,,,,,,,,,,,,,,,,,,,,,,,,,,,,,,,,,,,,,,,,,,,,,,,,,,,,,,,,,,,,,,,,,,,,,,,,,,,,,,,,,,,,,,,
4,,,,,,,,,,,,,,,,,,,,,,,,,,,,,,,,,,,,,,,,,,,,,,,,,,,,,,,,,,,,,,,,,,,,,,,,,,,,,,,,,,,,,,,,,,,,,,,,,,,,,,,,,,,,,,,,,,,,,,,,,,,,,,,,,,,,,,,,,,,,,,,,,,,,,,,,,,,,,,,,,,,,,,,,,,,,,,,,,,,,,,,,,,,,,,,,,,,,,,,,,,,,,,,,,,,,,,,,,,,,,,,,,
5,,,,,,,,,,,,,,,,,,,,,,,,,,,,,,,,,,,,,,,,,,,,,,,,,,,,,,,,,,,,,,,,,,,,,,,,,,,,,,,,,,,,,,,,,,,,,,,,,,,,,,,,,,,,,,,,,,,,,,,,,,,,,,,,,,,,,,,,,,,,,,,,,,,,,,,,,,,,,,,,,,,,,,,,,,,,,,,,,,,,,,,,,,,,,,,,,,,,,,,,,,,,,,,,,,,,,,,,,,,,,,,,,
6,,,,,,,,,,,,,,,,,,,,,,,,,,,,,,,,,,,,,,,,,,,,,,,,,,,,,,,,,,,,,,,,,,,,,,,,,,,,,,,,,,,,,,,,,,,,,,,,,,,,,,,,,,,,,,,,,,,,,,,,,,,,,,,,,,,,,,,,,,,,,,,,,,,,,,,,,,,,,,,,,,,,,,,,,,,,,,,,,,,,,,,,,,,,,,,,,,,,,,,,,,,,,,,,,,,,,,,,,,,,,,,,,
7,,,,,,,,,,,,,,,,,,,,,,,,,,,,,,,,,,,,,,,,,,,,,,,,,,,,,,,,,,,,,,,,,,,,,,,,,,,,,,,,,,,,,,,,,,,,,,,,,,,,,,,,,,,,,,,,,,,,,,,,,,,,,,,,,,,,,,,,,,,,,,,,,,,,,,,,,,,,,,,,,,,,,,,,,,,,,,,,,,,,,,,,,,,,,,,,,,,,,,,,,,,,,,,,,,,,,,,,,,,,,,,,,
8,,,,,,,,,,,,,,,,,,,,,,,,,,,,,,,,,,,,,,,,,,,,,,,,,,,,,,,,,,,,,,,,,,,,,,,,,,,,,,,,,,,,,,,,,,,,,,,,,,,,,,,,,,,,,,,,,,,,,,,,,,,,,,,,,,,,,,,,,,,,,,,,,,,,,,,,,,,,,,,,,,,,,,,,,,,,,,,,,,,,,,,,,,,,,,,,,,,,,,,,,,,,,,,,,,,,,,,,,,,,,,,,,
9,,,,,,,,,,,,,,,,,,,,,,,,,,,,,,,,,,,,,,,,,,,,,,,,,,,,,,,,,,,,,,,,,,,,,,,,,,,,,,,,,,,,,,,,,,,,,,,,,,,,,,,,,,,,,,,,,,,,,,,,,,,,,,,,,,,,,,,,,,,,,,,,,,,,,,,,,,,,,,,,,,,,,,,,,,,,,,,,,,,,,,,,,,,,,,,,,,,,,,,,,,,,,,,,,,,,,,,,,,,,,,,,,
10,,,,,,,,,,,,,,,,,,,,,,,,,,,,,,,,,,,,,,,,,,,,,,,,,,,,,,,,,,,,,,,,,,,,,,,,,,,,,,,,,,,,,,,,,,,,,,,,,,,,,,,,,,,,,,,,,,,,,,,,,,,,,,,,,,,,,,,,,,,,,,,,,,,,,,,,,,,,,,,,,,,,,,,,,,,,,,,,,,,,,,,,,,,,,,,,,,,,,,,,,,,,,,,,,,,,,,,,,,,,,,,,,
11,,,,,,,,,,,,,,,,,,,,,,,,,,,,,,,,,,,,,,,,,,,,,,,,,,,,,,,,,,,,,,,,,,,,,,,,,,,,,,,,,,,,,,,,,,,,,,,,,,,,,,,,,,,,,,,,,,,,,,,,,,,,,,,,,,,,,,,,,,,,,,,,,,,,,,,,,,,,,,,,,,,,,,,,,,,,,,,,,,,,,,,,,,,,,,,,,,,,,,,,,,,,,,,,,,,,,,,,,,,,,,,,,
12,,,,,,,,,,,,,,,,,,,,,,,,,,,,,,,,,,,,,,,,,,,,,,,,,,,,,,,,,,,,,,,,,,,,,,,,,,,,,,,,,,,,,,,,,,,,,,,,,,,,,,,,,,,,,,,,,,,,,,,,,,,,,,,,,,,,,,,,,,,,,,,,,,,,,,,,,,,,,,,,,,,,,,,,,,,,,,,,,,,,,,,,,,,,,,,,,,,,,,,,,,,,,,,,,,,,,,,,,,,,,,,,,
13,,,,,,,,,,,,,,,,,,,,,,,,,,,,,,,,,,,,,,,,,,,,,,,,,,,,,,,,,,,,,,,,,,,,,,,,,,,,,,,,,,,,,,,,,,,,,,,,,,,,,,,,,,,,,,,,,,,,,,,,,,,,,,,,,,,,,,,,,,,,,,,,,,,,,,,,,,,,,,,,,,,,,,,,,,,,,,,,,,,,,,,,,,,,,,,,,,,,,,,,,,,,,,,,,,,,,,,,,,,,,,,,,
14,,,,,,,,,,,,,,,,,,,,,,,,,,,,,,,,,,,,,,,,,,,,,,,,,,,,,,,,,,,,,,,,,,,,,,,,,,,,,,,,,,,,,,,,,,,,,,,,,,,,,,,,,,,,,,,,,,,,,,,,,,,,,,,,,,,,,,,,,,,,,,,,,,,,,,,,,,,,,,,,,,,,,,,,,,,,,,,,,,,,,,,,,,,,,,,,,,,,,,,,,,,,,,,,,,,,,,,,,,,,,,,,,
15,,,,,,,,,,,,,,,,,,,,,,,,,,,,,,,,,,,,,,,,,,,,,,,,,,,,,,,,,,,,,,,,,,,,,,,,,,,,,,,,,,,,,,,,,,,,,,,,,,,,,,,,,,,,,,,,,,,,,,,,,,,,,,,,,,,,,,,,,,,,,,,,,,,,,,,,,,,,,,,,,,,,,,,,,,,,,,,,,,,,,,,,,,,,,,,,,,,,,,,,,,,,,,,,,,,,,,,,,,,,,,,,,
16,,,,,,,,,,,,,,,,,,,,,,,,,,,,,,,,,,,,,,,,,,,,,,,,,,,,,,,,,,,,,,,,,,,,,,,,,,,,,,,,,,,,,,,,,,,,,,,,,,,,,,,,,,,,,,,,,,,,,,,,,,,,,,,,,,,,,,,,,,,,,,,,,,,,,,,,,,,,,,,,,,,,,,,,,,,,,,,,,,,,,,,,,,,,,,,,,,,,,,,,,,,,,,,,,,,,,,,,,,,,,,,,,
17,,,,,,,,,,,,,,,,,,,,,,,,,,,,,,,,,,,,,,,,,,,,,,,,,,,,,,,,,,,,,,,,,,,,,,,,,,,,,,,,,,,,,,,,,,,,,,,,,,,,,,,,,,,,,,,,,,,,,,,,,,,,,,,,,,,,,,,,,,,,,,,,,,,,,,,,,,,,,,,,,,,,,,,,,,,,,,,,,,,,,,,,,,,,,,,,,,,,,,,,,,,,,,,,,,,,,,,,,,,,,,,,,
18,,,,,,,,,,,,,,,,,,,,,,,,,,,,,,,,,,,,,,,,,,,,,,,,,,,,,,,,,,,,,,,,,,,,,,,,,,,,,,,,,,,,,,,,,,,,,,,,,,,,,,,,,,,,,,,,,,,,,,,,,,,,,,,,,,,,,,,,,,,,,,,,,,,,,,,,,,,,,,,,,,,,,,,,,,,,,,,,,,,,,,,,,,,,,,,,,,,,,,,,,,,,,,,,,,,,,,,,,,,,,,,,,
19,,,,,,,,,,,,,,,,,,,,,,,,,,,,,,,,,,,,,,,,,,,,,,,,,,,,,,,,,,,,,,,,,,,,,,,,,,,,,,,,,,,,,,,,,,,,,,,,,,,,,,,,,,,,,,,,,,,,,,,,,,,,,,,,,,,,,,,,,,,,,,,,,,,,,,,,,,,,,,,,,,,,,,,,,,,,,,,,,,,,,,,,,,,,,,,,,,,,,,,,,,,,,,,,,,,,,,,,,,,,,,,,,
20,,,,,,,,,,,,,,,,,,,,,,,,,,,,,,,,,,,,,,,,,,,,,,,,,,,,,,,,,,,,,,,,,,,,,,,,,,,,,,,,,,,,,,,,,,,,,,,,,,,,,,,,,,,,,,,,,,,,,,,,,,,,,,,,,,,,,,,,,,,,,,,,,,,,,,,,,,,,,,,,,,,,,,,,,,,,,,,,,,,,,,,,,,,,,,,,,,,,,,,,,,,,,,,,,,,,,,,,,,,,,,,,,
21,,,,,,,,,,,,,,,,,,,,,,,,,,,,,,,,,,,,,,,,,,,,,,,,,,,,,,,,,,,,,,,,,,,,,,,,,,,,,,,,,,,,,,,,,,,,,,,,,,,,,,,,,,,,,,,,,,,,,,,,,,,,,,,,,,,,,,,,,,,,,,,,,,,,,,,,,,,,,,,,,,,,,,,,,,,,,,,,,,,,,,,,,,,,,,,,,,,,,,,,,,,,,,,,,,,,,,,,,,,,,,,,,
22,,,,,,,,,,,,,,,,,,,,,,,,,,,,,,,,,,,,,,,,,,,,,,,,,,,,,,,,,,,,,,,,,,,,,,,,,,,,,,,,,,,,,,,,,,,,,,,,,,,,,,,,,,,,,,,,,,,,,,,,,,,,,,,,,,,,,,,,,,,,,,,,,,,,,,,,,,,,,,,,,,,,,,,,,,,,,,,,,,,,,,,,,,,,,,,,,,,,,,,,,,,,,,,,,,,,,,,,,,,,,,,,,
23,,,,,,,,,,,,,,,,,,,,,,,,,,,,,,,,,,,,,,,,,,,,,,,,,,,,,,,,,,,,,,,,,,,,,,,,,,,,,,,,,,,,,,,,,,,,,,,,,,,,,,,,,,,,,,,,,,,,,,,,,,,,,,,,,,,,,,,,,,,,,,,,,,,,,,,,,,,,,,,,,,,,,,,,,,,,,,,,,,,,,,,,,,,,,,,,,,,,,,,,,,,,,,,,,,,,,,,,,,,,,,,,,
24,,,,,,,,,,,,,,,,,,,,,,,,,,,,,,,,,,,,,,,,,,,,,,,,,,,,,,,,,,,,,,,,,,,,,,,,,,,,,,,,,,,,,,,,,,,,,,,,,,,,,,,,,,,,,,,,,,,,,,,,,,,,,,,,,,,,,,,,,,,,,,,,,,,,,,,,,,,,,,,,,,,,,,,,,,,,,,,,,,,,,,,,,,,,,,,,,,,,,,,,,,,,,,,,,,,,,,,,,,,,,,,,,
25,,,,,,,,,,,,,,,,,,,,,,,,,,,,,,,,,,,,,,,,,,,,,,,,,,,,,,,,,,,,,,,,,,,,,,,,,,,,,,,,,,,,,,,,,,,,,,,,,,,,,,,,,,,,,,,,,,,,,,,,,,,,,,,,,,,,,,,,,,,,,,,,,,,,,,,,,,,,,,,,,,,,,,,,,,,,,,,,,,,,,,,,,,,,,,,,,,,,,,,,,,,,,,,,,,,,,,,,,,,,,,,,,
26,,,,,,,,,,,,,,,,,,,,,,,,,,,,,,,,,,,,,,,,,,,,,,,,,,,,,,,,,,,,,,,,,,,,,,,,,,,,,,,,,,,,,,,,,,,,,,,,,,,,,,,,,,,,,,,,,,,,,,,,,,,,,,,,,,,,,,,,,,,,,,,,,,,,,,,,,,,,,,,,,,,,,,,,,,,,,,,,,,,,,,,,,,,,,,,,,,,,,,,,,,,,,,,,,,,,,,,,,,,,,,,,,
27,,,,,,,,,,,,,,,,,,,,,,,,,,,,,,,,,,,,,,,,,,,,,,,,,,,,,,,,,,,,,,,,,,,,,,,,,,,,,,,,,,,,,,,,,,,,,,,,,,,,,,,,,,,,,,,,,,,,,,,,,,,,,,,,,,,,,,,,,,,,,,,,,,,,,,,,,,,,,,,,,,,,,,,,,,,,,,,,,,,,,,,,,,,,,,,,,,,,,,,,,,,,,,,,,,,,,,,,,,,,,,,,,
28,,,,,,,,,,,,,,,,,,,,,,,,,,,,,,,,,,,,,,,,,,,,,,,,,,,,,,,,,,,,,,,,,,,,,,,,,,,,,,,,,,,,,,,,,,,,,,,,,,,,,,,,,,,,,,,,,,,,,,,,,,,,,,,,,,,,,,,,,,,,,,,,,,,,,,,,,,,,,,,,,,,,,,,,,,,,,,,,,,,,,,,,,,,,,,,,,,,,,,,,,,,,,,,,,,,,,,,,,,,,,,,,,
29,,,,,,,,,,,,,,,,,,,,,,,,,,,,,,,,,,,,,,,,,,,,,,,,,,,,,,,,,,,,,,,,,,,,,,,,,,,,,,,,,,,,,,,,,,,,,,,,,,,,,,,,,,,,,,,,,,,,,,,,,,,,,,,,,,,,,,,,,,,,,,,,,,,,,,,,,,,,,,,,,,,,,,,,,,,,,,,,,,,,,,,,,,,,,,,,,,,,,,,,,,,,,,,,,,,,,,,,,,,,,,,,,
30,,,,,,,,,,,,,,,,,,,,,,,,,,,,,,,,,,,,,,,,,,,,,,,,,,,,,,,,,,,,,,,,,,,,,,,,,,,,,,,,,,,,,,,,,,,,,,,,,,,,,,,,,,,,,,,,,,,,,,,,,,,,,,,,,,,,,,,,,,,,,,,,,,,,,,,,,,,,,,,,,,,,,,,,,,,,,,,,,,,,,,,,,,,,,,,,,,,,,,,,,,,,,,,,,,,,,,,,,,,,,,,,,
31,,,,,,,,,,,,,,,,,,,,,,,,,,,,,,,,,,,,,,,,,,,,,,,,,,,,,,,,,,,,,,,,,,,,,,,,,,,,,,,,,,,,,,,,,,,,,,,,,,,,,,,,,,,,,,,,,,,,,,,,,,,,,,,,,,,,,,,,,,,,,,,,,,,,,,,,,,,,,,,,,,,,,,,,,,,,,,,,,,,,,,,,,,,,,,,,,,,,,,,,,,,,,,,,,,,,,,,,,,,,,,,,,
32,,,,,,,,,,,,,,,,,,,,,,,,,,,,,,,,,,,,,,,,,,,,,,,,,,,,,,,,,,,,,,,,,,,,,,,,,,,,,,,,,,,,,,,,,,,,,,,,,,,,,,,,,,,,,,,,,,,,,,,,,,,,,,,,,,,,,,,,,,,,,,,,,,,,,,,,,,,,,,,,,,,,,,,,,,,,,,,,,,,,,,,,,,,,,,,,,,,,,,,,,,,,,,,,,,,,,,,,,,,,,,,,,
33,,,,,,,,,,,,,,,,,,,,,,,,,,,,,,,,,,,,,,,,,,,,,,,,,,,,,,,,,,,,,,,,,,,,,,,,,,,,,,,,,,,,,,,,,,,,,,,,,,,,,,,,,,,,,,,,,,,,,,,,,,,,,,,,,,,,,,,,,,,,,,,,,,,,,,,,,,,,,,,,,,,,,,,,,,,,,,,,,,,,,,,,,,,,,,,,,,,,,,,,,,,,,,,,,,,,,,,,,,,,,,,,,
34,,,,,,,,,,,,,,,,,,,,,,,,,,,,,,,,,,,,,,,,,,,,,,,,,,,,,,,,,,,,,,,,,,,,,,,,,,,,,,,,,,,,,,,,,,,,,,,,,,,,,,,,,,,,,,,,,,,,,,,,,,,,,,,,,,,,,,,,,,,,,,,,,,,,,,,,,,,,,,,,,,,,,,,,,,,,,,,,,,,,,,,,,,,,,,,,,,,,,,,,,,,,,,,,,,,,,,,,,,,,,,,,,
35,,,,,,,,,,,,,,,,,,,,,,,,,,,,,,,,,,,,,,,,,,,,,,,,,,,,,,,,,,,,,,,,,,,,,,,,,,,,,,,,,,,,,,,,,,,,,,,,,,,,,,,,,,,,,,,,,,,,,,,,,,,,,,,,,,,,,,,,,,,,,,,,,,,,,,,,,,,,,,,,,,,,,,,,,,,,,,,,,,,,,,,,,,,,,,,,,,,,,,,,,,,,,,,,,,,,,,,,,,,,,,,,,
36,,,,,,,,,,,,,,,,,,,,,,,,,,,,,,,,,,,,,,,,,,,,,,,,,,,,,,,,,,,,,,,,,,,,,,,,,,,,,,,,,,,,,,,,,,,,,,,,,,,,,,,,,,,,,,,,,,,,,,,,,,,,,,,,,,,,,,,,,,,,,,,,,,,,,,,,,,,,,,,,,,,,,,,,,,,,,,,,,,,,,,,,,,,,,,,,,,,,,,,,,,,,,,,,,,,,,,,,,,,,,,,,,
37,,,,,,,,,,,,,,,,,,,,,,,,,,,,,,,,,,,,,,,,,,,,,,,,,,,,,,,,,,,,,,,,,,,,,,,,,,,,,,,,,,,,,,,,,,,,,,,,,,,,,,,,,,,,,,,,,,,,,,,,,,,,,,,,,,,,,,,,,,,,,,,,,,,,,,,,,,,,,,,,,,,,,,,,,,,,,,,,,,,,,,,,,,,,,,,,,,,,,,,,,,,,,,,,,,,,,,,,,,,,,,,,,
38,,,,,,,,,,,,,,,,,,,,,,,,,,,,,,,,,,,,,,,,,,,,,,,,,,,,,,,,,,,,,,,,,,,,,,,,,,,,,,,,,,,,,,,,,,,,,,,,,,,,,,,,,,,,,,,,,,,,,,,,,,,,,,,,,,,,,,,,,,,,,,,,,,,,,,,,,,,,,,,,,,,,,,,,,,,,,,,,,,,,,,,,,,,,,,,,,,,,,,,,,,,,,,,,,,,,,,,,,,,,,,,,,
39,,,,,,,,,,,,,,,,,,,,,,,,,,,,,,,,,,,,,,,,,,,,,,,,,,,,,,,,,,,,,,,,,,,,,,,,,,,,,,,,,,,,,,,,,,,,,,,,,,,,,,,,,,,,,,,,,,,,,,,,,,,,,,,,,,,,,,,,,,,,,,,,,,,,,,,,,,,,,,,,,,,,,,,,,,,,,,,,,,,,,,,,,,,,,,,,,,,,,,,,,,,,,,,,,,,,,,,,,,,,,,,,,
40,,,,,,,,0.0,,,4.96921177879121,,,0.0,0.0,,,,0.0,,0.0,,,,,,,,0.0,0.0,,,,,,,0.0,0.0,,,9.272948151106249,,,,,,0.0,,,,0.0,,0.0,,,,,,8.056943309131281,10.329896434779279,,,,,,,,,,,0.0,,,4.39016893654157,0.0,,0.0,,0.0,,,,11.777919007789142,,,0.0,,,0.0,,,,0.0,,,,,0.0,,,,,,0.0,,0.0,,0.0,0.0,,11.777919007789142,0.0,,,5.478070154289215,0.0,0.0,,0.0,0.0,,,,,,,,,,,,,,,,,,,,,,,5.478070154289215,,,0.0,,8.364480681578453,,4.224008149292806,4.96921177879121,,9.272948151106249,,0.0,0.0,,0.0,,0.0,,11.128490477670148,,,,,,,,,,,0.0,,,11.128490477670148,,0.0,10.264227896467698,,,,,,,,,,,8.364480681578453,,0.0,,,4.306135258436866,0.0,0.0,,8.056943309131281,4.39016893654157,0.0,0.0,0.0,,,,10.264227896467698,,,0.0,0.0,0.0,,10.329896434779279,0.0,,,0.0,,4.224008149292806,,,4.306135258436866,0.0,
41,,,,,,,,0.0,,,4.96921177879121,,,0.0,0.0,,,,0.0,,0.0,,,,,,,,0.0,0.0,,,,,,,0.0,0.0,,,9.272948151106249,,,,,,0.0,,,,0.0,,0.0,,,,,,8.056943309131281,10.329896434779279,,,,,,,,,,,0.0,,,4.39016893654157,0.0,,0.0,,0.0,,,,11.777919007789142,,,,,,0.0,,,,0.0,,,,,0.0,,,,,,0.0,,0.0,,0.0,0.0,,11.777919007789142,0.0,,,5.478070154289215,0.0,0.0,,0.0,0.0,,,,,,,,,,,,,,,,,,,,,,,5.478070154289215,,,0.0,,8.364480681578453,,4.224008149292806,4.96921177879121,,9.272948151106249,,0.0,,,0.0,,0.0,,11.128490477670148,,,,,,,,,,,0.0,,,11.128490477670148,,0.0,10.264227896467698,,,,,,,,,,,8.364480681578453,,0.0,,,4.306135258436866,0.0,0.0,,8.056943309131281,4.39016893654157,0.0,0.0,0.0,,,,10.264227896467698,,,0.0,0.0,0.0,,10.329896434779279,0.0,,,0.0,,4.224008149292806,,,4.306135258436866,0.0,
42,,,,,,,,0.0,,,4.96921177879121,,,0.0,0.0,,,,0.0,,0.0,,,,,,,,0.0,0.0,,,,,,,0.0,0.0,,,9.272948151106249,,,,,,0.0,,,,0.0,,0.0,,,,,,8.056943309131281,10.329896434779279,,,,,,,,,,,0.0,,,4.39016893654157,0.0,,0.0,,0.0,,,,11.777919007789142,,,0.0,,,0.0,,,,0.0,,,,,0.0,,,,,,0.0,,0.0,,0.0,0.0,,11.777919007789142,0.0,,,5.478070154289215,0.0,0.0,,0.0,0.0,,,,,,,,,,,,,,,,,,,,,,,5.478070154289215,,,0.0,,8.364480681578453,,4.224008149292806,4.96921177879121,,9.272948151106249,,0.0,0.0,,0.0,,0.0,,11.128490477670148,,,,,,,,,,,0.0,,,11.128490477670148,,0.0,10.264227896467698,,,,,,,,,,,8.364480681578453,,0.0,,,4.306135258436866,0.0,0.0,,8.056943309131281,4.39016893654157,0.0,0.0,0.0,,,,10.264227896467698,,,0.0,0.0,0.0,,10.329896434779279,0.0,,,0.0,,4.224008149292806,,,4.306135258436866,0.0,
43,,,,,,,,0.0,,,4.96921177879121,,,0.0,0.0,,,,0.0,,0.0,,,,,,,,0.0,0.0,,,,,,,0.0,0.0,,,9.272948151106249,,,,,,0.0,,,,0.0,,0.0,,,,,,8.056943309131281,10.329896434779279,,,,,,,,,,,0.0,,,4.39016893654157,0.0,,0.0,,0.0,,,,11.777919007789142,,,0.0,,,0.0,,,,0.0,,,,,0.0,,,,,,0.0,,0.0,,0.0,0.0,,11.777919007789142,0.0,,,5.478070154289215,0.0,0.0,,0.0,0.0,,,,,,,,,,,,,,,,,,,,,,,5.478070154289215,,,0.0,,8.364480681578453,,4.224008149292806,4.96921177879121,,9.272948151106249,,0.0,0.0,,0.0,,0.0,,11.128490477670148,,,,,,,,,,,0.0,,,11.128490477670148,,0.0,10.264227896467698,,,,,,,,,,,8.364480681578453,,0.0,,,4.306135258436866,0.0,0.0,,8.056943309131281,4.39016893654157,0.0,0.0,0.0,,,,10.264227896467698,,,0.0,0.0,0.0,,10.329896434779279,0.0,,,0.0,,4.224008149292806,,,4.306135258436866,0.0,
44,,,,,,,,0.0,,,4.96921177879121,,,0.0,,,,,0.0,,0.0,,,,,,,,0.0,0.0,,,,,,,0.0,0.0,,,9.272948151106249,,,,,,0.0,,,,0.0,,0.0,,,,,,8.056943309131281,10.329896434779279,,,,,,,,,,,0.0,,,4.39016893654157,0.0,,0.0,,0.0,,,,11.777919007789142,,,0.0,,,0.0,,,,0.0,,,,,0.0,,,,,,0.0,,0.0,,0.0,0.0,,11.777919007789142,0.0,,,5.478070154289215,0.0,0.0,,0.0,0.0,,,,,,,,,,,,,,,,,,,,,,,5.478070154289215,,,0.0,,8.364480681578453,,4.224008149292806,4.96921177879121,,9.272948151106249,,0.0,0.0,,0.0,,0.0,,11.128490477670148,,,,,,,,,,,0.0,,,11.128490477670148,,0.0,10.264227896467698,,,,,,,,,,,8.364480681578453,,0.0,,,4.306135258436866,0.0,0.0,,8.056943309131281,4.39016893654157,0.0,0.0,0.0,,,,10.264227896467698,,,,,0.0,,10.329896434779279,0.0,,,0.0,,4.224008149292806,,,4.306135258436866,,
45,,,,,,,,0.0,,,4.96921177879121,,,0.0,0.0,,,,0.0,,0.0,,,,,,,,0.0,0.0,,,,,,,0.0,0.0,,,9.272948151106249,,,,,,0.0,,,,0.0,,0.0,,,,,,8.056943309131281,10.329896434779279,,,,,,,,,,,0.0,,,4.39016893654157,0.0,,0.0,,0.0,,,,11.777919007789142,,,0.0,,,0.0,,,,0.0,,,,,0.0,,,,,,0.0,,0.0,,0.0,0.0,,11.777919007789142,0.0,,,5.478070154289215,0.0,0.0,,0.0,0.0,,,,,,,,,,,,,,,,,,,,,,,5.478070154289215,,,0.0,,8.364480681578453,,4.224008149292806,4.96921177879121,,9.272948151106249,,0.0,0.0,,0.0,,0.0,,11.128490477670148,,,,,,,,,,,0.0,,,11.128490477670148,,0.0,10.264227896467698,,,,,,,,,,,8.364480681578453,,0.0,,,4.306135258436866,0.0,0.0,,8.056943309131281,4.39016893654157,0.0,0.0,0.0,,,,10.264227896467698,,,0.0,0.0,0.0,,10.329896434779279,0.0,,,0.0,,4.224008149292806,,,4.306135258436866,0.0,
46,,,,,,,,0.0,,,4.96921177879121,,,0.0,0.0,,,,0.0,,0.0,,,,,,,,0.0,0.0,,,,,,,0.0,0.0,,,9.272948151106249,,,,,,0.0,,,,0.0,,0.0,,,,,,8.056943309131281,10.329896434779279,,,,,,,,,,,0.0,,,4.39016893654157,0.0,,0.0,,0.0,,,,11.777919007789142,,,0.0,,,0.0,,,,0.0,,,,,0.0,,,,,,0.0,,0.0,,0.0,0.0,,11.777919007789142,0.0,,,5.478070154289215,0.0,0.0,,0.0,0.0,,,,,,,,,,,,,,,,,,,,,,,5.478070154289215,,,0.0,,8.364480681578453,,4.224008149292806,4.96921177879121,,9.272948151106249,,0.0,0.0,,0.0,,0.0,,11.128490477670148,,,,,,,,,,,0.0,,,11.128490477670148,,0.0,10.264227896467698,,,,,,,,,,,8.364480681578453,,0.0,,,4.306135258436866,0.0,0.0,,8.056943309131281,4.39016893654157,0.0,0.0,0.0,,,,10.264227896467698,,,0.0,0.0,0.0,,10.329896434779279,0.0,,,0.0,,4.224008149292806,,,4.306135258436866,0.0,
47,,,,,,,,0.0,,,4.96921177879121,,,0.0,0.0,,,,0.0,,0.0,,,,,,,,0.0,0.0,,,,,,,0.0,0.0,,,9.272948151106249,,,,,,0.0,,,,0.0,,0.0,,,,,,8.056943309131281,10.329896434779279,,,,,,,,,,,0.0,,,4.39016893654157,0.0,,0.0,,0.0,,,,11.777919007789142,,,0.0,,,0.0,,,,0.0,,,,,0.0,,,,,,0.0,,0.0,,0.0,0.0,,11.777919007789142,0.0,,,5.478070154289215,0.0,0.0,,0.0,0.0,,,,,,,,,,,,,,,,,,,,,,,5.478070154289215,,,0.0,,8.364480681578453,,4.224008149292806,4.96921177879121,,9.272948151106249,,0.0,0.0,,0.0,,0.0,,11.128490477670148,,,,,,,,,,,0.0,,,11.128490477670148,,0.0,10.264227896467698,,,,,,,,,,,8.364480681578453,,0.0,,,4.306135258436866,0.0,0.0,,8.056943309131281,4.39016893654157,0.0,0.0,0.0,,,,10.264227896467698,,,0.0,0.0,0.0,,10.329896434779279,0.0,,,0.0,,4.224008149292806,,,4.306135258436866,0.0,
48,,,,,,,,0.0,,,4.96921177879121,,,0.0,0.0,,,,0.0,,0.0,,,,,,,,0.0,0.0,,,,,,,0.0,0.0,,,9.272948151106249,,,,,,0.0,,,,0.0,,0.0,,,,,,8.056943309131281,10.329896434779279,,,,,,,,,,,0.0,,,4.39016893654157,0.0,,0.0,,0.0,,,,11.777919007789142,,,0.0,,,0.0,,,,0.0,,,,,0.0,,,,,,0.0,,0.0,,0.0,0.0,,11.777919007789142,0.0,,,5.478070154289215,0.0,0.0,,0.0,0.0,,,,,,,,,,,,,,,,,,,,,,,5.478070154289215,,,0.0,,8.364480681578453,,4.224008149292806,4.96921177879121,,9.272948151106249,,0.0,0.0,,0.0,,0.0,,11.128490477670148,,,,,,,,,,,0.0,,,11.128490477670148,,0.0,10.264227896467698,,,,,,,,,,,8.364480681578453,,0.0,,,4.306135258436866,0.0,0.0,,8.056943309131281,4.39016893654157,0.0,0.0,0.0,,,,10.264227896467698,,,0.0,0.0,0.0,,10.329896434779279,0.0,,,0.0,,4.224008149292806,,,4.306135258436866,0.0,
49,,,,,,,,0.0,,,4.96921177879121,,,0.0,0.0,,,,0.0,,0.0,,,,,,,,0.0,0.0,,,,,,,0.0,0.0,,,9.272948151106249,,,,,,0.0,,,,0.0,,0.0,,,,,,8.056943309131281,10.329896434779279,,,,,,,,,,,0.0,,,4.39016893654157,0.0,,0.0,,0.0,,,,11.777919007789142,,,0.0,,,0.0,,,,0.0,,,,,0.0,,,,,,0.0,,0.0,,0.0,0.0,,11.777919007789142,0.0,,,5.478070154289215,0.0,0.0,,0.0,0.0,,,,,,,,,,,,,,,,,,,,,,,5.478070154289215,,,0.0,,8.364480681578453,,4.224008149292806,4.96921177879121,,9.272948151106249,,0.0,0.0,,0.0,,0.0,,11.128490477670148,,,,,,,,,,,0.0,,,11.128490477670148,,0.0,10.264227896467698,,,,,,,,,,,8.364480681578453,,0.0,,,4.306135258436866,0.0,0.0,,8.056943309131281,4.39016893654157,0.0,0.0,0.0,,,,10.264227896467698,,,0.0,0.0,0.0,,10.329896434779279,0.0,,,0.0,,4.224008149292806,,,4.306135258436866,0.0,
50,,,,,,,,0.0,,,4.96921177879121,,,0.0,0.0,,,,0.0,,0.0,,,,,,,,0.0,0.0,,,,,,,0.0,0.0,,,9.272948151106249,,,,,,0.0,,,,0.0,,0.0,,,,,,8.056943309131281,10.329896434779279,,,,,,,,,,,0.0,,,4.39016893654157,0.0,,0.0,,0.0,,,,11.777919007789142,,,0.0,,,0.0,,,,0.0,,,,,0.0,,,,,,0.0,,0.0,,0.0,0.0,,11.777919007789142,0.0,,,5.478070154289215,0.0,0.0,,0.0,0.0,,,,,,,,,,,,,,,,,,,,,,,5.478070154289215,,,0.0,,8.364480681578453,,4.224008149292806,4.96921177879121,,9.272948151106249,,0.0,0.0,,0.0,,0.0,,11.128490477670148,,,,,,,,,,,0.0,,,11.128490477670148,,0.0,10.264227896467698,,,,,,,,,,,8.364480681578453,,0.0,,,4.306135258436866,0.0,0.0,,8.056943309131281,4.39016893654157,0.0,0.0,0.0,,,,10.264227896467698,,,0.0,0.0,0.0,,10.329896434779279,0.0,,,0.0,,4.224008149292806,,,4.306135258436866,0.0,
51,,,,,,,,0.0,,,4.96921177879121,,,0.0,0.0,,,,0.0,,0.0,,,,,,,,0.0,0.0,,,,,,,0.0,0.0,,,9.272948151106249,,,,,,0.0,,,,0.0,,0.0,,,,,,8.056943309131281,10.329896434779279,,,,,,,,,,,0.0,,,4.39016893654157,0.0,,0.0,,0.0,,,,11.777919007789142,,,0.0,,,0.0,,,,0.0,,,,,0.0,,,,,,0.0,,0.0,,0.0,0.0,,11.777919007789142,0.0,,,5.478070154289215,0.0,0.0,,0.0,0.0,,,,,,,,,,,,,,,,,,,,,,,5.478070154289215,,,0.0,,8.364480681578453,,4.224008149292806,4.96921177879121,,9.272948151106249,,0.0,0.0,,0.0,,0.0,,11.128490477670148,,,,,,,,,,,0.0,,,11.128490477670148,,0.0,10.264227896467698,,,,,,,,,,,8.364480681578453,,0.0,,,4.306135258436866,0.0,0.0,,8.056943309131281,4.39016893654157,0.0,0.0,0.0,,,,10.264227896467698,,,0.0,0.0,0.0,,10.329896434779279,0.0,,,0.0,,4.224008149292806,,,4.306135258436866,0.0,
52,,,,,,,,0.0,,,4.96921177879121,,,0.0,0.0,,,,0.0,,8.63260406987797,,,,,,,,0.0,0.0,,,,,,,0.0,0.0,,,9.272948151106249,,,,,,0.0,,,,0.0,,0.0,,,,,,8.056943309131281,10.329896434779279,,,,,,,,,,,0.0,,,4.39016893654157,0.0,,8.63260406987797,,0.0,,,,11.777919007789142,,,0.0,,,0.0,,,,0.0,,,,,0.0,,,,,,0.0,,0.0,,0.0,0.0,,11.777919007789142,0.0,,,5.478070154289215,0.0,0.0,,0.0,0.0,,,,,,,,,,,,,,,,,,,,,,,5.478070154289215,,,0.0,,8.364480681578453,,4.224008149292806,4.96921177879121,,9.272948151106249,,0.0,0.0,,0.0,,0.0,,11.128490477670148,,,,,,,,,,,0.0,,,11.128490477670148,,0.0,10.264227896467698,,,,,,,,,,,8.364480681578453,,0.0,,,4.306135258436866,0.0,0.0,,8.056943309131281,4.39016893654157,0.0,0.0,0.0,,,,10.264227896467698,,,0.0,0.0,0.0,,10.329896434779279,0.0,,,0.0,,4.224008149292806,,,4.306135258436866,0.0,
53,,,,,,,,0.0,,,4.96921177879121,,,0.0,0.0,,,,0.0,,8.63260406987797,,,,,,,,0.0,0.0,,,,,,,0.0,0.0,,,9.272948151106249,,,,,,0.0,,,,0.0,,0.0,,,,,,8.056943309131281,10.329896434779279,,,,,,,,,,,0.0,,,4.39016893654157,0.0,,8.63260406987797,,0.0,,,,11.777919007789142,,,0.0,,,0.0,,,,0.0,,,,,0.0,,,,,,0.0,,0.0,,0.0,0.0,,11.777919007789142,0.0,,,5.478070154289215,0.0,0.0,,0.0,0.0,,,,,,,,,,,,,,,,,,,,,,,5.478070154289215,,,0.0,,8.364480681578453,,4.224008149292806,4.96921177879121,,9.272948151106249,,0.0,0.0,,0.0,,0.0,,11.128490477670148,,,,,,,,,,,0.0,,,11.128490477670148,,0.0,10.264227896467698,,,,,,,,,,,8.364480681578453,,0.0,,,4.306135258436866,0.0,0.0,,8.056943309131281,4.39016893654157,0.0,0.0,0.0,,,,10.264227896467698,,,0.0,0.0,0.0,,10.329896434779279,0.0,,,0.0,,4.224008149292806,,,4.306135258436866,0.0,
54,,,,,,,,0.0,,,4.96921177879121,,,0.0,0.0,,,,0.0,,8.63260406987797,,,,,,,,,0.0,,,,,,,0.0,0.0,,,9.272948151106249,,,,,,0.0,,,,0.0,,0.0,,,,,,,10.329896434779279,,,,,,,,,,,0.0,,,4.39016893654157,0.0,,8.63260406987797,,0.0,,,,11.777919007789142,,,0.0,,,,,,,0.0,,,,,0.0,,,,,,0.0,,0.0,,0.0,0.0,,11.777919007789142,0.0,,,5.478070154289215,0.0,0.0,,0.0,0.0,,,,,,,,,,,,,,,,,,,,,,,5.478070154289215,,,0.0,,8.364480681578453,,4.224008149292806,4.96921177879121,,9.272948151106249,,0.0,0.0,,0.0,,0.0,,11.128490477670148,,,,,,,,,,,0.0,,,11.128490477670148,,0.0,10.264227896467698,,,,,,,,,,,8.364480681578453,,0.0,,,4.306135258436866,0.0,,,,4.39016893654157,,0.0,0.0,,,,10.264227896467698,,,0.0,0.0,0.0,,10.329896434779279,0.0,,,0.0,,4.224008149292806,,,4.306135258436866,0.0,
55,,,,,,,,0.0,,,4.96921177879121,,,0.0,0.0,,,,0.0,,8.63260406987797,,,,,,,,0.0,0.0,,,,,,,0.0,0.0,,,9.272948151106249,,,,,,0.0,,,,0.0,,0.0,,,,,,8.056943309131281,10.329896434779279,,,,,,,,,,,0.0,,,4.39016893654157,0.0,,8.63260406987797,,0.0,,,,11.777919007789142,,,0.0,,,0.0,,,,0.0,,,,,0.0,,,,,,0.0,,0.0,,0.0,0.0,,11.777919007789142,0.0,,,5.478070154289215,0.0,0.0,,0.0,0.0,,,,,,,,,,,,,,,,,,,,,,,5.478070154289215,,,0.0,,8.364480681578453,,4.224008149292806,4.96921177879121,,9.272948151106249,,0.0,0.0,,0.0,,0.0,,11.128490477670148,,,,,,,,,,,0.0,,,11.128490477670148,,0.0,10.264227896467698,,,,,,,,,,,8.364480681578453,,0.0,,,4.306135258436866,0.0,0.0,,8.056943309131281,4.39016893654157,0.0,0.0,0.0,,,,10.264227896467698,,,5.258298615606596,0.0,0.0,,10.329896434779279,0.0,,,0.0,,4.224008149292806,,,4.306135258436866,5.258298615606596,
56,,,,,,,,0.0,,,4.96921177879121,,,0.0,0.0,,,,0.0,,8.63260406987797,,,,,,,,0.0,0.0,,,,,,,0.0,0.0,,,9.272948151106249,,,,,,0.0,,,,0.0,,0.0,,,,,,8.056943309131281,10.329896434779279,,,,,,,,,,,4.153453711720496,,,4.39016893654157,0.0,,8.63260406987797,,0.0,,,,11.777919007789142,,,0.0,,,0.0,,,,0.0,,,,,0.0,,,,,,0.0,,0.0,,0.0,0.0,,11.777919007789142,0.0,,,5.478070154289215,0.0,0.0,,0.0,0.0,,,,,,,,,,,,,,,,,,,,,,,5.478070154289215,,,0.0,,8.364480681578453,,4.224008149292806,4.96921177879121,,9.272948151106249,,4.153453711720496,0.0,,0.0,,0.0,,11.128490477670148,,,,,,,,,,,0.0,,,11.128490477670148,,0.0,10.264227896467698,,,,,,,,,,,8.364480681578453,,0.0,,,4.306135258436866,0.0,0.0,,8.056943309131281,4.39016893654157,0.0,0.0,0.0,,,,10.264227896467698,,,5.258298615606596,0.0,0.0,,10.329896434779279,0.0,,,0.0,,4.224008149292806,,,4.306135258436866,5.258298615606596,
57,,,,,,,,0.0,,,4.96921177879121,,,0.0,0.0,,,,0.0,,8.63260406987797,,,,,,,,0.0,0.0,,,,,,,0.0,0.0,,,9.272948151106249,,,,,,0.0,,,,0.0,,0.0,,,,,,8.056943309131281,10.329896434779279,,,,,,,,,,,4.153453711720496,,,4.39016893654157,0.0,,8.63260406987797,,0.0,,,,11.777919007789142,,,0.0,,,0.0,,,,0.0,,,,,0.0,,,,,,0.0,,0.0,,0.0,0.0,,11.777919007789142,0.0,,,5.478070154289215,0.0,0.0,,0.0,0.0,,,,,,,,,,,,,,,,,,,,,,,5.478070154289215,,,0.0,,8.364480681578453,,4.224008149292806,4.96921177879121,,9.272948151106249,,4.153453711720496,0.0,,0.0,,0.0,,11.128490477670148,,,,,,,,,,,0.0,,,11.128490477670148,,0.0,10.264227896467698,,,,,,,,,,,8.364480681578453,,0.0,,,4.306135258436866,0.0,0.0,,8.056943309131281,4.39016893654157,0.0,0.0,0.0,,,,10.264227896467698,,,5.258298615606596,0.0,0.0,,10.329896434779279,0.0,,,0.0,,4.224008149292806,,,4.306135258436866,5.258298615606596,
58,,,,,,,,0.0,,,4.96921177879121,,,0.0,0.0,,,,0.0,,8.63260406987797,,,,,,,,0.0,0.0,,,,,,,0.0,7.134220586183886,,,9.272948151106249,,,,,,0.0,,,,0.0,,0.0,,,,,,8.056943309131281,10.329896434779279,,,,,,,,,,,4.153453711720496,,,4.39016893654157,0.0,,8.63260406987797,,0.0,,,,11.777919007789142,,,0.0,,,0.0,,,,0.0,,,,,0.0,,,,,,0.0,,0.0,,7.134220586183886,0.0,,11.777919007789142,0.0,,,5.478070154289215,0.0,0.0,,0.0,0.0,,,,,,,,,,,,,,,,,,,,,,,5.478070154289215,,,0.0,,8.364480681578453,,4.224008149292806,4.96921177879121,,9.272948151106249,,4.153453711720496,0.0,,0.0,,0.0,,11.128490477670148,,,,,,,,,,,0.0,,,11.128490477670148,,0.0,10.264227896467698,,,,,,,,,,,8.364480681578453,,0.0,,,4.306135258436866,0.0,0.0,,8.056943309131281,4.39016893654157,0.0,0.0,0.0,,,,10.264227896467698,,,5.258298615606596,0.0,0.0,,10.329896434779279,0.0,,,0.0,,4.224008149292806,,,4.306135258436866,5.258298615606596,
59,,,,,,,,0.0,,,4.96921177879121,,,0.0,0.0,,,,0.0,,8.63260406987797,,,,,,,,0.0,0.0,,,,,,,0.0,7.134220586183886,,,9.272948151106249,,,,,,0.0,,,,0.0,,0.0,,,,,,8.056943309131281,10.329896434779279,,,,,,,,,,,4.153453711720496,,,4.39016893654157,0.0,,8.63260406987797,,0.0,,,,11.777919007789142,,,0.0,,,0.0,,,,0.0,,,,,0.0,,,,,,0.0,,0.0,,7.134220586183886,0.0,,11.777919007789142,0.0,,,5.478070154289215,0.0,0.0,,0.0,0.0,,,,,,,,,,,,,,,,,,,,,,,5.478070154289215,,,0.0,,8.364480681578453,,4.224008149292806,4.96921177879121,,9.272948151106249,,4.153453711720496,0.0,,0.0,,0.0,,11.128490477670148,,,,,,,,,,,0.0,,,11.128490477670148,,0.0,10.264227896467698,,,,,,,,,,,8.364480681578453,,0.0,,,4.306135258436866,0.0,0.0,,8.056943309131281,4.39016893654157,0.0,0.0,0.0,,,,10.264227896467698,,,5.258298615606596,0.0,0.0,,10.329896434779279,0.0,,,0.0,,4.224008149292806,,,4.306135258436866,5.258298615606596,
60,,,,,,,,6.458998198865708,,,4.96921177879121,,,0.0,0.0,,,,0.0,,8.63260406987797,,,,,,,,0.0,0.0,,,,,,,0.0,7.134220586183886,,,9.272948151106249,,,,,,0.0,,,,9.447420204338432,,0.0,,,,,,8.056943309131281,10.329896434779279,,,,,,,,,,,4.153453711720496,,,4.39016893654157,0.0,,8.63260406987797,,9.447420204338432,,,,11.777919007789142,,,0.0,,,0.0,,,,0.0,,,,,0.0,,,,,,0.0,,6.458998198865708,,7.134220586183886,0.0,,11.777919007789142,0.0,,,5.478070154289215,0.0,0.0,,0.0,0.0,,,,,,,,,,,,,,,,,,,,,,,5.478070154289215,,,0.0,,8.364480681578453,,4.224008149292806,4.96921177879121,,9.272948151106249,,4.153453711720496,0.0,,0.0,,0.0,,11.128490477670148,,,,,,,,,,,0.0,,,11.128490477670148,,0.0,10.264227896467698,,,,,,,,,,,8.364480681578453,,0.0,,,4.306135258436866,0.0,0.0,,8.056943309131281,4.39016893654157,0.0,0.0,0.0,,,,10.264227896467698,,,5.258298615606596,0.0,0.0,,10.329896434779279,0.0,,,0.0,,4.224008149292806,,,4.306135258436866,5.258298615606596,
61,,,,,,,,6.458998198865708,,,4.96921177879121,,,0.0,0.0,,,,0.0,,8.63260406987797,,,,,,,,0.0,0.0,,,,,,,0.0,7.134220586183886,,,9.272948151106249,,,,,,0.0,,,,9.447420204338432,,0.0,,,,,,8.056943309131281,10.329896434779279,,,,,,,,,,,4.153453711720496,,,4.39016893654157,0.0,,8.63260406987797,,9.447420204338432,,,,11.777919007789142,,,0.0,,,0.0,,,,0.0,,,,,0.0,,,,,,0.0,,6.458998198865708,,7.134220586183886,0.0,,11.777919007789142,0.0,,,5.478070154289215,0.0,0.0,,0.0,0.0,,,,,,,,,,,,,,,,,,,,,,,5.478070154289215,,,0.0,,8.364480681578453,,4.224008149292806,4.96921177879121,,9.272948151106249,,4.153453711720496,0.0,,0.0,,0.0,,11.128490477670148,,,,,,,,,,,0.0,,,11.128490477670148,,0.0,10.264227896467698,,,,,,,,,,,8.364480681578453,,0.0,,,4.306135258436866,0.0,0.0,,8.056943309131281,4.39016893654157,0.0,0.0,0.0,,,,10.264227896467698,,,5.258298615606596,0.0,0.0,,10.329896434779279,0.0,,,0.0,,4.224008149292806,,,4.306135258436866,5.258298615606596,
62,,,,,,,,6.458998198865708,,,4.96921177879121,,,0.0,0.0,,,,0.0,,8.63260406987797,,,,,,,,0.0,0.0,,,,,,,0.0,7.134220586183886,,,9.272948151106249,,,,,,0.0,,,,9.447420204338432,,0.0,,,,,,8.056943309131281,10.329896434779279,,,,,,,,,,,4.153453711720496,,,4.39016893654157,0.0,,8.63260406987797,,9.447420204338432,,,,11.777919007789142,,,0.0,,,0.0,,,,0.0,,,,,0.0,,,,,,0.0,,6.458998198865708,,7.134220586183886,0.0,,11.777919007789142,0.0,,,5.478070154289215,0.0,0.0,,0.0,0.0,,,,,,,,,,,,,,,,,,,,,,,5.478070154289215,,,0.0,,8.364480681578453,,4.224008149292806,4.96921177879121,,9.272948151106249,,4.153453711720496,0.0,,0.0,,0.0,,11.128490477670148,,,,,,,,,,,0.0,,,11.128490477670148,,0.0,10.264227896467698,,,,,,,,,,,8.364480681578453,,0.0,,,4.306135258436866,0.0,0.0,,8.056943309131281,4.39016893654157,0.0,0.0,0.0,,,,10.264227896467698,,,5.258298615606596,0.0,0.0,,10.329896434779279,0.0,,,0.0,,4.224008149292806,,,4.306135258436866,5.258298615606596,
63,,,,,,,,6.458998198865708,,,4.96921177879121,,,0.0,0.0,,,,0.0,,8.63260406987797,,,,,,,,0.0,,,,,,,,0.0,7.134220586183886,,,9.272948151106249,,,,,,0.0,,,,9.447420204338432,,0.0,,,,,,8.056943309131281,,,,,,,,,,,,4.153453711720496,,,4.39016893654157,0.0,,8.63260406987797,,9.447420204338432,,,,11.777919007789142,,,0.0,,,0.0,,,,0.0,,,,,0.0,,,,,,0.0,,6.458998198865708,,7.134220586183886,0.0,,11.777919007789142,0.0,,,5.478070154289215,0.0,0.0,,0.0,0.0,,,,,,,,,,,,,,,,,,,,,,,5.478070154289215,,,0.0,,8.364480681578453,,4.224008149292806,4.96921177879121,,9.272948151106249,,4.153453711720496,0.0,,0.0,,0.0,,11.128490477670148,,,,,,,,,,,0.0,,,11.128490477670148,,0.0,10.264227896467698,,,,,,,,,,,8.364480681578453,,0.0,,,4.306135258436866,0.0,0.0,,8.056943309131281,4.39016893654157,0.0,0.0,0.0,,,,10.264227896467698,,,5.258298615606596,0.0,,,,0.0,,,0.0,,4.224008149292806,,,4.306135258436866,5.258298615606596,
64,,,,,,,,6.458998198865708,,,4.96921177879121,,,0.0,0.0,,,,0.0,,8.63260406987797,,,,,,,,0.0,0.0,,,,,,,0.0,7.134220586183886,,,9.272948151106249,,,,,,0.0,,,,9.447420204338432,,0.0,,,,,,8.056943309131281,10.329896434779279,,,,,,,,,,,4.153453711720496,,,4.39016893654157,0.0,,8.63260406987797,,9.447420204338432,,,,11.777919007789142,,,0.0,,,0.0,,,,0.0,,,,,0.0,,,,,,0.0,,6.458998198865708,,7.134220586183886,0.0,,11.777919007789142,0.0,,,5.478070154289215,0.0,0.0,,0.0,0.0,,,,,,,,,,,,,,,,,,,,,,,5.478070154289215,,,0.0,,8.364480681578453,,4.224008149292806,4.96921177879121,,9.272948151106249,,4.153453711720496,0.0,,0.0,,0.0,,11.128490477670148,,,,,,,,,,,0.0,,,11.128490477670148,,0.0,10.264227896467698,,,,,,,,,,,8.364480681578453,,0.0,,,4.306135258436866,0.0,0.0,,8.056943309131281,4.39016893654157,0.0,0.0,0.0,,,,10.264227896467698,,,5.258298615606596,0.0,0.0,,10.329896434779279,0.0,,,0.0,,4.224008149292806,,,4.306135258436866,5.258298615606596,
65,,,,,,,,6.458998198865708,,,4.96921177879121,,,0.0,0.0,,,,0.0,,8.63260406987797,,,,,,,,0.0,0.0,,,,,,,0.0,7.134220586183886,,,9.272948151106249,,,,,,0.0,,,,9.447420204338432,,0.0,,,,,,8.056943309131281,10.329896434779279,,,,,,,,,,,4.153453711720496,,,4.39016893654157,0.0,,8.63260406987797,,9.447420204338432,,,,11.777919007789142,,,0.0,,,0.0,,,,0.0,,,,,0.0,,,,,,0.0,,6.458998198865708,,7.134220586183886,0.0,,11.777919007789142,0.0,,,5.478070154289215,0.0,0.0,,0.0,0.0,,,,,,,,,,,,,,,,,,,,,,,5.478070154289215,,,0.0,,8.364480681578453,,4.224008149292806,4.96921177879121,,9.272948151106249,,4.153453711720496,0.0,,0.0,,0.0,,11.128490477670148,,,,,,,,,,,0.0,,,11.128490477670148,,0.0,10.264227896467698,,,,,,,,,,,8.364480681578453,,0.0,,,4.306135258436866,0.0,0.0,,8.056943309131281,4.39016893654157,0.0,0.0,0.0,,,,10.264227896467698,,,5.258298615606596,0.0,0.0,,10.329896434779279,0.0,,,0.0,,4.224008149292806,,,4.306135258436866,5.258298615606596,
66,,,,,,,,6.458998198865708,,,4.96921177879121,,,0.0,0.0,,,,0.0,,,,,,,,,,0.0,0.0,,,,,,,0.0,7.134220586183886,,,9.272948151106249,,,,,,0.0,,,,,,0.0,,,,,,8.056943309131281,10.329896434779279,,,,,,,,,,,4.153453711720496,,,4.39016893654157,0.0,,,,,,,,11.777919007789142,,,0.0,,,,,,,0.0,,,,,0.0,,,,,,0.0,,6.458998198865708,,7.134220586183886,0.0,,11.777919007789142,0.0,,,5.478070154289215,0.0,0.0,,0.0,0.0,,,,,,,,,,,,,,,,,,,,,,,5.478070154289215,,,0.0,,8.364480681578453,,4.224008149292806,4.96921177879121,,9.272948151106249,,4.153453711720496,0.0,,0.0,,0.0,,11.128490477670148,,,,,,,,,,,0.0,,,11.128490477670148,,0.0,10.264227896467698,,,,,,,,,,,8.364480681578453,,0.0,,,4.306135258436866,0.0,0.0,,8.056943309131281,4.39016893654157,,0.0,0.0,,,,10.264227896467698,,,5.258298615606596,0.0,0.0,,10.329896434779279,0.0,,,0.0,,4.224008149292806,,,4.306135258436866,5.258298615606596,
67,,,,,,,,6.458998198865708,,,4.96921177879121,,,0.0,10.237173147047809,,,,0.0,,8.63260406987797,,,,,,,,0.0,0.0,,,,,,,0.0,7.134220586183886,,,9.272948151106249,,,,,,0.0,,,,9.447420204338432,,0.0,,,,,,8.056943309131281,10.329896434779279,,,,,,,,,,,4.153453711720496,,,4.39016893654157,0.0,,8.63260406987797,,9.447420204338432,,,,11.777919007789142,,,0.0,,,0.0,,,,0.0,,,,,0.0,,,,,,0.0,,6.458998198865708,,7.134220586183886,0.0,,11.777919007789142,0.0,,,5.478070154289215,0.0,0.0,,0.0,0.0,,,,,,,,,,,,,,,,,,,,,,,5.478070154289215,,,0.0,,8.364480681578453,,4.224008149292806,4.96921177879121,,9.272948151106249,,4.153453711720496,0.0,,0.0,,0.0,,11.128490477670148,,,,,,,,,,,0.0,,,11.128490477670148,,0.0,10.264227896467698,,,,,,,,,,,8.364480681578453,,0.0,,,4.306135258436866,0.0,0.0,,8.056943309131281,4.39016893654157,0.0,0.0,0.0,,,,10.264227896467698,,,5.258298615606596,10.237173147047809,0.0,,10.329896434779279,0.0,,,0.0,,4.224008149292806,,,4.306135258436866,5.258298615606596,
68,,,,,,,,6.458998198865708,,,4.96921177879121,,,0.0,10.237173147047809,,,,0.0,,8.63260406987797,,,,,,,,0.0,0.0,,,,,,,0.0,7.134220586183886,,,9.272948151106249,,,,,,0.0,,,,9.447420204338432,,0.0,,,,,,8.056943309131281,10.329896434779279,,,,,,,,,,,4.153453711720496,,,4.39016893654157,0.0,,8.63260406987797,,9.447420204338432,,,,11.777919007789142,,,0.0,,,0.0,,,,0.0,,,,,0.0,,,,,,0.0,,6.458998198865708,,7.134220586183886,0.0,,11.777919007789142,0.0,,,5.478070154289215,0.0,0.0,,0.0,0.0,,,,,,,,,,,,,,,,,,,,,,,5.478070154289215,,,0.0,,8.364480681578453,,4.224008149292806,4.96921177879121,,9.272948151106249,,4.153453711720496,0.0,,0.0,,0.0,,11.128490477670148,,,,,,,,,,,0.0,,,11.128490477670148,,0.0,10.264227896467698,,,,,,,,,,,8.364480681578453,,0.0,,,4.306135258436866,0.0,0.0,,8.056943309131281,4.39016893654157,0.0,0.0,0.0,,,,10.264227896467698,,,5.258298615606596,10.237173147047809,0.0,,10.329896434779279,0.0,,,0.0,,4.224008149292806,,,4.306135258436866,5.258298615606596,
69,,,,,,,,6.458998198865708,,,4.96921177879121,,,0.0,10.237173147047809,,,,0.0,,,,,,,,,,0.0,0.0,,,,,,,0.0,7.134220586183886,,,9.272948151106249,,,,,,0.0,,,,,,0.0,,,,,,8.056943309131281,10.329896434779279,,,,,,,,,,,4.153453711720496,,,4.39016893654157,0.0,,,,,,,,11.777919007789142,,,0.0,,,,,,,0.0,,,,,0.0,,,,,,0.0,,6.458998198865708,,7.134220586183886,0.0,,11.777919007789142,0.0,,,5.478070154289215,0.0,0.0,,0.0,0.0,,,,,,,,,,,,,,,,,,,,,,,5.478070154289215,,,0.0,,8.364480681578453,,4.224008149292806,4.96921177879121,,9.272948151106249,,4.153453711720496,0.0,,0.0,,0.0,,11.128490477670148,,,,,,,,,,,0.0,,,11.128490477670148,,0.0,10.264227896467698,,,,,,,,,,,8.364480681578453,,0.0,,,4.306135258436866,0.0,0.0,,8.056943309131281,4.39016893654157,,0.0,0.0,,,,10.264227896467698,,,5.258298615606596,10.237173147047809,0.0,,10.329896434779279,0.0,,,0.0,,4.224008149292806,,,4.306135258436866,5.258298615606596,
70,,,,,,,,6.458998198865708,,,4.96921177879121,,,0.0,10.237173147047809,,,,0.0,,8.63260406987797,,,,,,,,0.0,0.0,,,,,,,0.0,7.134220586183886,,,9.272948151106249,,,,,,0.0,,,,9.447420204338432,,0.0,,,,,,8.056943309131281,10.329896434779279,,,,,,,,,,,4.153453711720496,,,4.39016893654157,0.0,,8.63260406987797,,9.447420204338432,,,,11.777919007789142,,,0.0,,,0.0,,,,0.0,,,,,0.0,,,,,,0.0,,6.458998198865708,,7.134220586183886,0.0,,11.777919007789142,0.0,,,5.478070154289215,0.0,0.0,,0.0,0.0,,,,,,,,,,,,,,,,,,,,,,,5.478070154289215,,,0.0,,8.364480681578453,,4.224008149292806,4.96921177879121,,9.272948151106249,,4.153453711720496,0.0,,0.0,,0.0,,11.128490477670148,,,,,,,,,,,0.0,,,11.128490477670148,,0.0,10.264227896467698,,,,,,,,,,,8.364480681578453,,0.0,,,4.306135258436866,0.0,0.0,,8.056943309131281,4.39016893654157,0.0,0.0,0.0,,,,10.264227896467698,,,5.258298615606596,10.237173147047809,0.0,,10.329896434779279,0.0,,,0.0,,4.224008149292806,,,4.306135258436866,5.258298615606596,
71,,,,,,,,6.458998198865708,,,4.96921177879121,,,0.0,10.237173147047809,,,,0.0,,8.63260406987797,,,,,,,,0.0,0.0,,,,,,,0.0,7.134220586183886,,,9.272948151106249,,,,,,0.0,,,,9.447420204338432,,0.0,,,,,,8.056943309131281,10.329896434779279,,,,,,,,,,,4.153453711720496,,,4.39016893654157,0.0,,8.63260406987797,,9.447420204338432,,,,11.777919007789142,,,0.0,,,0.0,,,,0.0,,,,,0.0,,,,,,0.0,,6.458998198865708,,7.134220586183886,0.0,,11.777919007789142,0.0,,,5.478070154289215,0.0,0.0,,0.0,0.0,,,,,,,,,,,,,,,,,,,,,,,5.478070154289215,,,0.0,,8.364480681578453,,4.224008149292806,4.96921177879121,,9.272948151106249,,4.153453711720496,0.0,,0.0,,0.0,,11.128490477670148,,,,,,,,,,,0.0,,,11.128490477670148,,0.0,10.264227896467698,,,,,,,,,,,8.364480681578453,,0.0,,,4.306135258436866,0.0,0.0,,8.056943309131281,4.39016893654157,0.0,0.0,0.0,,,,10.264227896467698,,,5.258298615606596,10.237173147047809,0.0,,10.329896434779279,0.0,,,0.0,,4.224008149292806,,,4.306135258436866,5.258298615606596,
72,,,,,,,,6.458998198865708,,,4.96921177879121,,,0.0,10.237173147047809,,,,0.0,,8.63260406987797,,,,,,,,0.0,0.0,,,,,,,0.0,7.134220586183886,,,9.272948151106249,,,,,,0.0,,,,9.447420204338432,,0.0,,,,,,8.056943309131281,10.329896434779279,,,,,,,,,,,4.153453711720496,,,4.39016893654157,0.0,,8.63260406987797,,9.447420204338432,,,,11.777919007789142,,,0.0,,,0.0,,,,0.0,,,,,0.0,,,,,,0.0,,6.458998198865708,,7.134220586183886,0.0,,11.777919007789142,0.0,,,5.478070154289215,0.0,0.0,,0.0,0.0,,,,,,,,,,,,,,,,,,,,,,,5.478070154289215,,,0.0,,8.364480681578453,,4.224008149292806,4.96921177879121,,9.272948151106249,,4.153453711720496,0.0,,0.0,,0.0,,11.128490477670148,,,,,,,,,,,0.0,,,11.128490477670148,,0.0,10.264227896467698,,,,,,,,,,,8.364480681578453,,0.0,,,4.306135258436866,0.0,0.0,,8.056943309131281,4.39016893654157,0.0,0.0,0.0,,,,10.264227896467698,,,5.258298615606596,10.237173147047809,0.0,,10.329896434779279,0.0,,,0.0,,4.224008149292806,,,4.306135258436866,5.258298615606596,
73,,,,,,,,6.458998198865708,,,4.96921177879121,,,0.0,10.237173147047809,,,,0.0,,8.63260406987797,,,,,,,,0.0,0.0,,,,,,,0.0,7.134220586183886,,,9.272948151106249,,,,,,0.0,,,,9.447420204338432,,0.0,,,,,,8.056943309131281,10.329896434779279,,,,,,,,,,,4.153453711720496,,,4.39016893654157,0.0,,8.63260406987797,,9.447420204338432,,,,11.777919007789142,,,0.0,,,0.0,,,,0.0,,,,,0.0,,,,,,0.0,,6.458998198865708,,7.134220586183886,0.0,,11.777919007789142,0.0,,,5.478070154289215,0.0,0.0,,0.0,0.0,,,,,,,,,,,,,,,,,,,,,,,5.478070154289215,,,0.0,,8.364480681578453,,4.224008149292806,4.96921177879121,,9.272948151106249,,4.153453711720496,0.0,,0.0,,0.0,,11.128490477670148,,,,,,,,,,,0.0,,,11.128490477670148,,0.0,10.264227896467698,,,,,,,,,,,8.364480681578453,,0.0,,,4.306135258436866,0.0,0.0,,8.056943309131281,4.39016893654157,0.0,0.0,0.0,,,,10.264227896467698,,,5.258298615606596,10.237173147047809,0.0,,10.329896434779279,0.0,,,0.0,,4.224008149292806,,,4.306135258436866,5.258298615606596,
74,,,,,,,,6.458998198865708,,,4.96921177879121,,,0.0,10.237173147047809,,,,0.0,,8.63260406987797,,,,,,,,0.0,0.0,,,,,,,0.0,7.134220586183886,,,9.272948151106249,,,,,,0.0,,,,9.447420204338432,,0.0,,,,,,8.056943309131281,10.329896434779279,,,,,,,,,,,4.153453711720496,,,4.39016893654157,0.0,,8.63260406987797,,9.447420204338432,,,,11.777919007789142,,,0.0,,,0.0,,,,0.0,,,,,0.0,,,,,,0.0,,6.458998198865708,,7.134220586183886,0.0,,11.777919007789142,0.0,,,5.478070154289215,0.0,0.0,,0.0,0.0,,,,,,,,,,,,,,,,,,,,,,,5.478070154289215,,,0.0,,8.364480681578453,,4.224008149292806,4.96921177879121,,9.272948151106249,,4.153453711720496,0.0,,0.0,,0.0,,11.128490477670148,,,,,,,,,,,0.0,,,11.128490477670148,,0.0,10.264227896467698,,,,,,,,,,,8.364480681578453,,0.0,,,4.306135258436866,0.0,0.0,,8.056943309131281,4.39016893654157,0.0,0.0,0.0,,,,10.264227896467698,,,5.258298615606596,10.237173147047809,0.0,,10.329896434779279,0.0,,,0.0,,4.224008149292806,,,4.306135258436866,5.258298615606596,
75,,,,,,,,6.458998198865708,,,4.96921177879121,,,0.0,10.237173147047809,,,,0.0,,8.63260406987797,,,,,,,,0.0,0.0,,,,,,,0.0,7.134220586183886,,,9.272948151106249,,,,,,0.0,,,,9.447420204338432,,0.0,,,,,,8.056943309131281,10.329896434779279,,,,,,,,,,,4.153453711720496,,,4.39016893654157,0.0,,8.63260406987797,,9.447420204338432,,,,11.777919007789142,,,0.0,,,0.0,,,,0.0,,,,,0.0,,,,,,0.0,,6.458998198865708,,7.134220586183886,0.0,,11.777919007789142,0.0,,,5.478070154289215,0.0,0.0,,0.0,0.0,,,,,,,,,,,,,,,,,,,,,,,5.478070154289215,,,0.0,,8.364480681578453,,4.224008149292806,4.96921177879121,,9.272948151106249,,4.153453711720496,0.0,,0.0,,0.0,,11.128490477670148,,,,,,,,,,,0.0,,,11.128490477670148,,0.0,10.264227896467698,,,,,,,,,,,8.364480681578453,,0.0,,,4.306135258436866,0.0,0.0,,8.056943309131281,4.39016893654157,0.0,0.0,0.0,,,,10.264227896467698,,,5.258298615606596,10.237173147047809,0.0,,10.329896434779279,0.0,,,0.0,,4.224008149292806,,,4.306135258436866,5.258298615606596,
76,,,,,,,,6.458998198865708,,,4.96921177879121,,,0.0,10.237173147047809,,,,0.0,,8.63260406987797,,,,,,,,0.0,0.0,,,,,,,0.0,7.134220586183886,,,9.272948151106249,,,,,,0.0,,,,9.447420204338432,,11.156318526116912,,,,,,8.056943309131281,10.329896434779279,,,,,,,,,,,4.153453711720496,,,4.39016893654157,0.0,,8.63260406987797,,9.447420204338432,,,,11.777919007789142,,,0.0,,,0.0,,,,0.0,,,,,0.0,,,,,,0.0,,6.458998198865708,,7.134220586183886,11.156318526116912,,11.777919007789142,0.0,,,5.478070154289215,0.0,0.0,,0.0,0.0,,,,,,,,,,,,,,,,,,,,,,,5.478070154289215,,,0.0,,8.364480681578453,,4.224008149292806,4.96921177879121,,9.272948151106249,,4.153453711720496,0.0,,0.0,,0.0,,11.128490477670148,,,,,,,,,,,0.0,,,11.128490477670148,,0.0,10.264227896467698,,,,,,,,,,,8.364480681578453,,0.0,,,4.306135258436866,0.0,0.0,,8.056943309131281,4.39016893654157,0.0,0.0,0.0,,,,10.264227896467698,,,5.258298615606596,10.237173147047809,0.0,,10.329896434779279,0.0,,,0.0,,4.224008149292806,,,4.306135258436866,5.258298615606596,
77,,,,,,,,6.458998198865708,,,4.96921177879121,,,0.0,10.237173147047809,,,,0.0,,8.63260406987797,,,,,,,,0.0,0.0,,,,,,,0.0,7.134220586183886,,,9.272948151106249,,,,,,0.0,,,,9.447420204338432,,11.156318526116912,,,,,,8.056943309131281,10.329896434779279,,,,,,,,,,,4.153453711720496,,,4.39016893654157,0.0,,8.63260406987797,,9.447420204338432,,,,11.777919007789142,,,0.0,,,0.0,,,,0.0,,,,,0.0,,,,,,0.0,,6.458998198865708,,7.134220586183886,11.156318526116912,,11.777919007789142,0.0,,,5.478070154289215,0.0,0.0,,0.0,0.0,,,,,,,,,,,,,,,,,,,,,,,5.478070154289215,,,0.0,,8.364480681578453,,4.224008149292806,4.96921177879121,,9.272948151106249,,4.153453711720496,0.0,,0.0,,0.0,,11.128490477670148,,,,,,,,,,,0.0,,,11.128490477670148,,0.0,10.264227896467698,,,,,,,,,,,8.364480681578453,,0.0,,,4.306135258436866,0.0,0.0,,8.056943309131281,4.39016893654157,0.0,0.0,0.0,,,,10.264227896467698,,,5.258298615606596,10.237173147047809,0.0,,10.329896434779279,0.0,,,0.0,,4.224008149292806,,,4.306135258436866,5.258298615606596,
78,,,,,,,,6.458998198865708,,,4.96921177879121,,,0.0,10.237173147047809,,,,0.0,,8.63260406987797,,,,,,,,0.0,0.0,,,,,,,0.0,7.134220586183886,,,9.272948151106249,,,,,,0.0,,,,9.447420204338432,,11.156318526116912,,,,,,8.056943309131281,10.329896434779279,,,,,,,,,,,4.153453711720496,,,4.39016893654157,0.0,,8.63260406987797,,9.447420204338432,,,,11.777919007789142,,,0.0,,,0.0,,,,0.0,,,,,0.0,,,,,,0.0,,6.458998198865708,,7.134220586183886,11.156318526116912,,11.777919007789142,0.0,,,5.478070154289215,0.0,0.0,,0.0,0.0,,,,,,,,,,,,,,,,,,,,,,,5.478070154289215,,,0.0,,8.364480681578453,,4.224008149292806,4.96921177879121,,9.272948151106249,,4.153453711720496,0.0,,0.0,,0.0,,11.128490477670148,,,,,,,,,,,0.0,,,11.128490477670148,,0.0,10.264227896467698,,,,,,,,,,,8.364480681578453,,0.0,,,4.306135258436866,0.0,0.0,,8.056943309131281,4.39016893654157,0.0,0.0,0.0,,,,10.264227896467698,,,5.258298615606596,10.237173147047809,0.0,,10.329896434779279,0.0,,,0.0,,4.224008149292806,,,4.306135258436866,5.258298615606596,
79,,,,,,,,6.458998198865708,,,4.96921177879121,,,0.0,10.237173147047809,,,,0.0,,8.63260406987797,,,,,,,,0.0,0.0,,,,,,,0.0,7.134220586183886,,,9.272948151106249,,,,,,0.0,,,,9.447420204338432,,11.156318526116912,,,,,,8.056943309131281,10.329896434779279,,,,,,,,,,,4.153453711720496,,,4.39016893654157,0.0,,8.63260406987797,,9.447420204338432,,,,11.777919007789142,,,5.01296700654409,,,0.0,,,,0.0,,,,,0.0,,,,,,0.0,,6.458998198865708,,7.134220586183886,11.156318526116912,,11.777919007789142,0.0,,,5.478070154289215,0.0,0.0,,0.0,0.0,,,,,,,,,,,,,,,,,,,,,,,5.478070154289215,,,0.0,,8.364480681578453,,4.224008149292806,4.96921177879121,,9.272948151106249,,4.153453711720496,5.01296700654409,,0.0,,0.0,,11.128490477670148,,,,,,,,,,,0.0,,,11.128490477670148,,0.0,10.264227896467698,,,,,,,,,,,8.364480681578453,,0.0,,,4.306135258436866,0.0,0.0,,8.056943309131281,4.39016893654157,0.0,0.0,0.0,,,,10.264227896467698,,,5.258298615606596,10.237173147047809,0.0,,10.329896434779279,0.0,,,0.0,,4.224008149292806,,,4.306135258436866,5.258298615606596,
80,,,,,,,,6.458998198865708,,,4.96921177879121,,,0.0,10.237173147047809,,,,0.0,,8.63260406987797,,,,,,,,0.0,0.0,,,,,,,0.0,7.134220586183886,,,9.272948151106249,,,,,,0.0,,,,9.447420204338432,,11.156318526116912,,,,,,8.056943309131281,10.329896434779279,,,,,,,,,,,4.153453711720496,,,4.39016893654157,5.971095589122942,,8.63260406987797,,9.447420204338432,,,,11.777919007789142,,,5.01296700654409,,,0.0,,,,0.0,,,,,0.0,,,,,,0.0,,6.458998198865708,,7.134220586183886,11.156318526116912,,11.777919007789142,0.0,,,5.478070154289215,0.0,0.0,,0.0,0.0,,,,,,,,,,,,,,,,,,,,,,,5.478070154289215,,,0.0,,8.364480681578453,,4.224008149292806,4.96921177879121,,9.272948151106249,,4.153453711720496,5.01296700654409,,0.0,,0.0,,11.128490477670148,,,,,,,,,,,0.0,,,11.128490477670148,,0.0,10.264227896467698,,,,,,,,,,,8.364480681578453,,0.0,,,4.306135258436866,0.0,0.0,,8.056943309131281,4.39016893654157,0.0,0.0,0.0,,,,10.264227896467698,,,5.258298615606596,10.237173147047809,0.0,,10.329896434779279,5.971095589122942,,,0.0,,4.224008149292806,,,4.306135258436866,5.258298615606596,
81,,,,,,,,6.458998198865708,,,4.96921177879121,,,0.0,10.237173147047809,,,,0.0,,8.63260406987797,,,,,,,,0.0,0.0,,,,,,,0.0,7.134220586183886,,,9.272948151106249,,,,,,0.0,,,,9.447420204338432,,11.156318526116912,,,,,,8.056943309131281,10.329896434779279,,,,,,,,,,,4.153453711720496,,,4.39016893654157,5.971095589122942,,8.63260406987797,,9.447420204338432,,,,11.777919007789142,,,5.01296700654409,,,0.0,,,,0.0,,,,,0.0,,,,,,0.0,,6.458998198865708,,7.134220586183886,11.156318526116912,,11.777919007789142,0.0,,,5.478070154289215,0.0,0.0,,7.74834344592649,0.0,,,,,,,,,,,,,,,,,,,,,,,5.478070154289215,,,0.0,,8.364480681578453,,4.224008149292806,4.96921177879121,,9.272948151106249,,4.153453711720496,5.01296700654409,,0.0,,0.0,,11.128490477670148,,,,,,,,,,,0.0,,,11.128490477670148,,0.0,10.264227896467698,,,,,,,,,,,8.364480681578453,,0.0,,,4.306135258436866,0.0,0.0,,8.056943309131281,4.39016893654157,0.0,0.0,7.74834344592649,,,,10.264227896467698,,,5.258298615606596,10.237173147047809,0.0,,10.329896434779279,5.971095589122942,,,0.0,,4.224008149292806,,,4.306135258436866,5.258298615606596,
82,,,,,,,,6.458998198865708,,,4.96921177879121,,,0.0,10.237173147047809,,,,0.0,,8.63260406987797,,,,,,,,0.0,0.0,,,,,,,0.0,7.134220586183886,,,9.272948151106249,,,,,,0.0,,,,9.447420204338432,,11.156318526116912,,,,,,8.056943309131281,10.329896434779279,,,,,,,,,,,4.153453711720496,,,4.39016893654157,5.971095589122942,,8.63260406987797,,9.447420204338432,,,,11.777919007789142,,,5.01296700654409,,,0.0,,,,0.0,,,,,0.0,,,,,,0.0,,6.458998198865708,,7.134220586183886,11.156318526116912,,11.777919007789142,0.0,,,5.478070154289215,0.0,0.0,,7.74834344592649,0.0,,,,,,,,,,,,,,,,,,,,,,,5.478070154289215,,,0.0,,8.364480681578453,,4.224008149292806,4.96921177879121,,9.272948151106249,,4.153453711720496,5.01296700654409,,0.0,,0.0,,11.128490477670148,,,,,,,,,,,0.0,,,11.128490477670148,,0.0,10.264227896467698,,,,,,,,,,,8.364480681578453,,0.0,,,4.306135258436866,0.0,0.0,,8.056943309131281,4.39016893654157,0.0,0.0,7.74834344592649,,,,10.264227896467698,,,5.258298615606596,10.237173147047809,0.0,,10.329896434779279,5.971095589122942,,,0.0,,4.224008149292806,,,4.306135258436866,5.258298615606596,
83,,,,,,,,6.458998198865708,,,4.96921177879121,,,0.0,10.237173147047809,,,,6.265378882082749,,8.63260406987797,,,,,,,,0.0,0.0,,,,,,,0.0,7.134220586183886,,,9.272948151106249,,,,,,6.265378882082749,,,,9.447420204338432,,11.156318526116912,,,,,,8.056943309131281,10.329896434779279,,,,,,,,,,,4.153453711720496,,,4.39016893654157,5.971095589122942,,8.63260406987797,,9.447420204338432,,,,11.777919007789142,,,5.01296700654409,,,0.0,,,,0.0,,,,,0.0,,,,,,0.0,,6.458998198865708,,7.134220586183886,11.156318526116912,,11.777919007789142,0.0,,,5.478070154289215,0.0,0.0,,7.74834344592649,0.0,,,,,,,,,,,,,,,,,,,,,,,5.478070154289215,,,0.0,,8.364480681578453,,4.224008149292806,4.96921177879121,,9.272948151106249,,4.153453711720496,5.01296700654409,,0.0,,0.0,,11.128490477670148,,,,,,,,,,,0.0,,,11.128490477670148,,,10.264227896467698,,,,,,,,,,,8.364480681578453,,,,,4.306135258436866,0.0,0.0,,8.056943309131281,4.39016893654157,0.0,0.0,7.74834344592649,,,,10.264227896467698,,,5.258298615606596,10.237173147047809,0.0,,10.329896434779279,5.971095589122942,,,0.0,,4.224008149292806,,,4.306135258436866,5.258298615606596,
84,,,,,,,,6.458998198865708,,,4.96921177879121,,,0.0,10.237173147047809,,,,6.265378882082749,,8.63260406987797,,,,,,,,0.0,0.0,,,,,,,0.0,7.134220586183886,,,9.272948151106249,,,,,,6.265378882082749,,,,9.447420204338432,,11.156318526116912,,,,,,8.056943309131281,10.329896434779279,,,,,,,,,,,4.153453711720496,,,4.39016893654157,5.971095589122942,,8.63260406987797,,9.447420204338432,,,,11.777919007789142,,,5.01296700654409,,,0.0,,,,0.0,,,,,0.0,,,,,,0.0,,6.458998198865708,,7.134220586183886,11.156318526116912,,11.777919007789142,0.0,,,5.478070154289215,0.0,0.0,,7.74834344592649,0.0,,,,,,,,,,,,,,,,,,,,,,,5.478070154289215,,,0.0,,8.364480681578453,,4.224008149292806,4.96921177879121,,9.272948151106249,,4.153453711720496,5.01296700654409,,0.0,,0.0,,11.128490477670148,,,,,,,,,,,0.0,,,11.128490477670148,,0.0,10.264227896467698,,,,,,,,,,,8.364480681578453,,0.0,,,4.306135258436866,0.0,0.0,,8.056943309131281,4.39016893654157,0.0,0.0,7.74834344592649,,,,10.264227896467698,,,5.258298615606596,10.237173147047809,0.0,,10.329896434779279,5.971095589122942,,,0.0,,4.224008149292806,,,4.306135258436866,5.258298615606596,
85,,,,,,,,6.458998198865708,,,4.96921177879121,,,0.0,10.237173147047809,,,,6.265378882082749,,8.63260406987797,,,,,,,,0.0,0.0,,,,,,,0.0,7.134220586183886,,,9.272948151106249,,,,,,6.265378882082749,,,,9.447420204338432,,11.156318526116912,,,,,,8.056943309131281,10.329896434779279,,,,,,,,,,,4.153453711720496,,,4.39016893654157,5.971095589122942,,8.63260406987797,,9.447420204338432,,,,11.777919007789142,,,5.01296700654409,,,0.0,,,,0.0,,,,,0.0,,,,,,0.0,,6.458998198865708,,7.134220586183886,11.156318526116912,,11.777919007789142,0.0,,,5.478070154289215,0.0,0.0,,7.74834344592649,0.0,,,,,,,,,,,,,,,,,,,,,,,5.478070154289215,,,0.0,,8.364480681578453,,4.224008149292806,4.96921177879121,,9.272948151106249,,4.153453711720496,5.01296700654409,,0.0,,0.0,,11.128490477670148,,,,,,,,,,,0.0,,,11.128490477670148,,0.0,10.264227896467698,,,,,,,,,,,8.364480681578453,,0.0,,,4.306135258436866,0.0,0.0,,8.056943309131281,4.39016893654157,0.0,0.0,7.74834344592649,,,,10.264227896467698,,,5.258298615606596,10.237173147047809,0.0,,10.329896434779279,5.971095589122942,,,0.0,,4.224008149292806,,,4.306135258436866,5.258298615606596,
86,,,,,,,,6.458998198865708,,,4.96921177879121,,,0.0,10.237173147047809,,,,6.265378882082749,,8.63260406987797,,,,,,,,0.0,0.0,,,,,,,0.0,7.134220586183886,,,9.272948151106249,,,,,,6.265378882082749,,,,9.447420204338432,,11.156318526116912,,,,,,8.056943309131281,10.329896434779279,,,,,,,,,,,4.153453711720496,,,4.39016893654157,5.971095589122942,,8.63260406987797,,9.447420204338432,,,,11.777919007789142,,,5.01296700654409,,,0.0,,,,0.0,,,,,0.0,,,,,,0.0,,6.458998198865708,,7.134220586183886,11.156318526116912,,11.777919007789142,0.0,,,5.478070154289215,0.0,0.0,,7.74834344592649,0.0,,,,,,,,,,,,,,,,,,,,,,,5.478070154289215,,,0.0,,8.364480681578453,,4.224008149292806,4.96921177879121,,9.272948151106249,,4.153453711720496,5.01296700654409,,0.0,,0.0,,11.128490477670148,,,,,,,,,,,0.0,,,11.128490477670148,,0.0,10.264227896467698,,,,,,,,,,,8.364480681578453,,0.0,,,4.306135258436866,0.0,0.0,,8.056943309131281,4.39016893654157,0.0,0.0,7.74834344592649,,,,10.264227896467698,,,5.258298615606596,10.237173147047809,0.0,,10.329896434779279,5.971095589122942,,,0.0,,4.224008149292806,,,4.306135258436866,5.258298615606596,
87,,,,,,,,6.458998198865708,,,4.96921177879121,,,0.0,10.237173147047809,,,,6.265378882082749,,8.63260406987797,,,,,,,,0.0,0.0,,,,,,,0.0,7.134220586183886,,,9.272948151106249,,,,,,6.265378882082749,,,,9.447420204338432,,11.156318526116912,,,,,,8.056943309131281,10.329896434779279,,,,,,,,,,,4.153453711720496,,,4.39016893654157,5.971095589122942,,8.63260406987797,,9.447420204338432,,,,11.777919007789142,,,5.01296700654409,,,0.0,,,,0.0,,,,,0.0,,,,,,0.0,,6.458998198865708,,7.134220586183886,11.156318526116912,,11.777919007789142,0.0,,,5.478070154289215,0.0,0.0,,7.74834344592649,0.0,,,,,,,,,,,,,,,,,,,,,,,5.478070154289215,,,0.0,,8.364480681578453,,4.224008149292806,4.96921177879121,,9.272948151106249,,4.153453711720496,5.01296700654409,,0.0,,0.0,,11.128490477670148,,,,,,,,,,,0.0,,,11.128490477670148,,0.0,10.264227896467698,,,,,,,,,,,8.364480681578453,,0.0,,,4.306135258436866,0.0,0.0,,8.056943309131281,4.39016893654157,0.0,0.0,7.74834344592649,,,,10.264227896467698,,,5.258298615606596,10.237173147047809,0.0,,10.329896434779279,5.971095589122942,,,0.0,,4.224008149292806,,,4.306135258436866,5.258298615606596,
88,,,,,,,,6.458998198865708,,,4.96921177879121,,,0.0,10.237173147047809,,,,6.265378882082749,,8.63260406987797,,,,,,,,0.0,0.0,,,,,,,0.0,7.134220586183886,,,9.272948151106249,,,,,,6.265378882082749,,,,9.447420204338432,,11.156318526116912,,,,,,8.056943309131281,10.329896434779279,,,,,,,,,,,4.153453711720496,,,4.39016893654157,5.971095589122942,,8.63260406987797,,9.447420204338432,,,,11.777919007789142,,,5.01296700654409,,,0.0,,,,0.0,,,,,0.0,,,,,,0.0,,6.458998198865708,,7.134220586183886,11.156318526116912,,11.777919007789142,0.0,,,5.478070154289215,0.0,0.0,,7.74834344592649,0.0,,,,,,,,,,,,,,,,,,,,,,,5.478070154289215,,,0.0,,8.364480681578453,,4.224008149292806,4.96921177879121,,9.272948151106249,,4.153453711720496,5.01296700654409,,0.0,,0.0,,11.128490477670148,,,,,,,,,,,0.0,,,11.128490477670148,,0.0,10.264227896467698,,,,,,,,,,,8.364480681578453,,0.0,,,4.306135258436866,0.0,0.0,,8.056943309131281,4.39016893654157,0.0,0.0,7.74834344592649,,,,10.264227896467698,,,5.258298615606596,10.237173147047809,0.0,,10.329896434779279,5.971095589122942,,,0.0,,4.224008149292806,,,4.306135258436866,5.258298615606596,
89,,,,,,,,6.458998198865708,,,4.96921177879121,,,0.0,10.237173147047809,,,,6.265378882082749,,8.63260406987797,,,,,,,,0.0,0.0,,,,,,,0.0,7.134220586183886,,,9.272948151106249,,,,,,6.265378882082749,,,,9.447420204338432,,11.156318526116912,,,,,,8.056943309131281,10.329896434779279,,,,,,,,,,,4.153453711720496,,,4.39016893654157,5.971095589122942,,8.63260406987797,,9.447420204338432,,,,11.777919007789142,,,5.01296700654409,,,0.0,,,,0.0,,,,,0.0,,,,,,0.0,,6.458998198865708,,7.134220586183886,11.156318526116912,,11.777919007789142,0.0,,,5.478070154289215,0.0,0.0,,7.74834344592649,0.0,,,,,,,,,,,,,,,,,,,,,,,5.478070154289215,,,0.0,,8.364480681578453,,4.224008149292806,4.96921177879121,,9.272948151106249,,4.153453711720496,5.01296700654409,,0.0,,0.0,,11.128490477670148,,,,,,,,,,,0.0,,,11.128490477670148,,0.0,10.264227896467698,,,,,,,,,,,8.364480681578453,,0.0,,,4.306135258436866,0.0,0.0,,8.056943309131281,4.39016893654157,0.0,0.0,7.74834344592649,,,,10.264227896467698,,,5.258298615606596,10.237173147047809,0.0,,10.329896434779279,5.971095589122942,,,0.0,,4.224008149292806,,,4.306135258436866,5.258298615606596,
90,,,,,,,,6.458998198865708,,,4.96921177879121,,,0.0,10.237173147047809,,,,6.265378882082749,,8.63260406987797,,,,,,,,0.0,8.632909470754445,,,,,,,0.0,7.134220586183886,,,9.272948151106249,,,,,,6.265378882082749,,,,9.447420204338432,,11.156318526116912,,,,,,8.056943309131281,10.329896434779279,,,,,,,,,,,4.153453711720496,,,4.39016893654157,5.971095589122942,,8.63260406987797,,9.447420204338432,,,,11.777919007789142,,,5.01296700654409,,,0.0,,,,0.0,,,,,0.0,,,,,,0.0,,6.458998198865708,,7.134220586183886,11.156318526116912,,11.777919007789142,0.0,,,5.478070154289215,0.0,0.0,,7.74834344592649,0.0,,,,,,,,,,,,,,,,,,,,,,,5.478070154289215,,,0.0,,8.364480681578453,,4.224008149292806,4.96921177879121,,9.272948151106249,,4.153453711720496,5.01296700654409,,0.0,,0.0,,11.128490477670148,,,,,,,,,,,0.0,,,11.128490477670148,,0.0,10.264227896467698,,,,,,,,,,,8.364480681578453,,0.0,,,4.306135258436866,0.0,0.0,,8.056943309131281,4.39016893654157,0.0,0.0,7.74834344592649,,,,10.264227896467698,,,5.258298615606596,10.237173147047809,8.632909470754445,,10.329896434779279,5.971095589122942,,,0.0,,4.224008149292806,,,4.306135258436866,5.258298615606596,
91,,,,,,,,6.458998198865708,,,4.96921177879121,,,0.0,10.237173147047809,,,,6.265378882082749,,8.63260406987797,,,,,,,,0.0,8.632909470754445,,,,,,,0.0,7.134220586183886,,,9.272948151106249,,,,,,6.265378882082749,,,,9.447420204338432,,11.156318526116912,,,,,,8.056943309131281,10.329896434779279,,,,,,,,,,,4.153453711720496,,,4.39016893654157,5.971095589122942,,8.63260406987797,,9.447420204338432,,,,11.777919007789142,,,5.01296700654409,,,0.0,,,,0.0,,,,,0.0,,,,,,0.0,,6.458998198865708,,7.134220586183886,11.156318526116912,,11.777919007789142,0.0,,,5.478070154289215,0.0,0.0,,7.74834344592649,0.0,,,,,,,,,,,,,,,,,,,,,,,5.478070154289215,,,0.0,,8.364480681578453,,4.224008149292806,4.96921177879121,,9.272948151106249,,4.153453711720496,5.01296700654409,,0.0,,0.0,,11.128490477670148,,,,,,,,,,,0.0,,,11.128490477670148,,0.0,10.264227896467698,,,,,,,,,,,8.364480681578453,,0.0,,,4.306135258436866,0.0,0.0,,8.056943309131281,4.39016893654157,0.0,0.0,7.74834344592649,,,,10.264227896467698,,,5.258298615606596,10.237173147047809,8.632909470754445,,10.329896434779279,5.971095589122942,,,0.0,,4.224008149292806,,,4.306135258436866,5.258298615606596,
92,,,,,,,,6.458998198865708,,,4.96921177879121,,,0.0,10.237173147047809,,,,6.265378882082749,,8.63260406987797,,,,,,,,0.0,,,,,,,,0.0,7.134220586183886,,,9.272948151106249,,,,,,6.265378882082749,,,,9.447420204338432,,11.156318526116912,,,,,,8.056943309131281,,,,,,,,,,,,4.153453711720496,,,4.39016893654157,5.971095589122942,,8.63260406987797,,9.447420204338432,,,,11.777919007789142,,,5.01296700654409,,,0.0,,,,0.0,,,,,0.0,,,,,,0.0,,6.458998198865708,,7.134220586183886,11.156318526116912,,11.777919007789142,0.0,,,5.478070154289215,0.0,0.0,,7.74834344592649,0.0,,,,,,,,,,,,,,,,,,,,,,,5.478070154289215,,,0.0,,8.364480681578453,,4.224008149292806,4.96921177879121,,9.272948151106249,,4.153453711720496,5.01296700654409,,0.0,,0.0,,11.128490477670148,,,,,,,,,,,0.0,,,11.128490477670148,,0.0,10.264227896467698,,,,,,,,,,,8.364480681578453,,0.0,,,4.306135258436866,0.0,0.0,,8.056943309131281,4.39016893654157,0.0,0.0,7.74834344592649,,,,10.264227896467698,,,5.258298615606596,10.237173147047809,,,,5.971095589122942,,,0.0,,4.224008149292806,,,4.306135258436866,5.258298615606596,
93,,,,,,,,6.458998198865708,,,4.96921177879121,,,0.0,10.237173147047809,,,,6.265378882082749,,8.63260406987797,,,,,,,,0.0,8.632909470754445,,,,,,,0.0,7.134220586183886,,,9.272948151106249,,,,,,6.265378882082749,,,,9.447420204338432,,11.156318526116912,,,,,,8.056943309131281,10.329896434779279,,,,,,,,,,,4.153453711720496,,,4.39016893654157,5.971095589122942,,8.63260406987797,,9.447420204338432,,,,11.777919007789142,,,5.01296700654409,,,0.0,,,,0.0,,,,,0.0,,,,,,0.0,,6.458998198865708,,7.134220586183886,11.156318526116912,,11.777919007789142,0.0,,,5.478070154289215,0.0,0.0,,7.74834344592649,0.0,,,,,,,,,,,,,,,,,,,,,,,5.478070154289215,,,0.0,,8.364480681578453,,4.224008149292806,4.96921177879121,,9.272948151106249,,4.153453711720496,5.01296700654409,,0.0,,0.0,,11.128490477670148,,,,,,,,,,,0.0,,,11.128490477670148,,0.0,10.264227896467698,,,,,,,,,,,8.364480681578453,,0.0,,,4.306135258436866,0.0,0.0,,8.056943309131281,4.39016893654157,0.0,0.0,7.74834344592649,,,,10.264227896467698,,,5.258298615606596,10.237173147047809,8.632909470754445,,10.329896434779279,5.971095589122942,,,0.0,,4.224008149292806,,,4.306135258436866,5.258298615606596,
94,,,,,,,,6.458998198865708,,,4.96921177879121,,,0.0,10.237173147047809,,,,6.265378882082749,,8.63260406987797,,,,,,,,0.0,8.632909470754445,,,,,,,0.0,7.134220586183886,,,9.272948151106249,,,,,,6.265378882082749,,,,9.447420204338432,,11.156318526116912,,,,,,8.056943309131281,10.329896434779279,,,,,,,,,,,4.153453711720496,,,4.39016893654157,5.971095589122942,,8.63260406987797,,9.447420204338432,,,,11.777919007789142,,,5.01296700654409,,,0.0,,,,0.0,,,,,0.0,,,,,,0.0,,6.458998198865708,,7.134220586183886,11.156318526116912,,11.777919007789142,0.0,,,5.478070154289215,0.0,0.0,,7.74834344592649,0.0,,,,,,,,,,,,,,,,,,,,,,,5.478070154289215,,,0.0,,8.364480681578453,,4.224008149292806,4.96921177879121,,9.272948151106249,,4.153453711720496,5.01296700654409,,0.0,,0.0,,11.128490477670148,,,,,,,,,,,0.0,,,11.128490477670148,,0.0,10.264227896467698,,,,,,,,,,,8.364480681578453,,0.0,,,4.306135258436866,0.0,0.0,,8.056943309131281,4.39016893654157,0.0,0.0,7.74834344592649,,,,10.264227896467698,,,5.258298615606596,10.237173147047809,8.632909470754445,,10.329896434779279,5.971095589122942,,,0.0,,4.224008149292806,,,4.306135258436866,5.258298615606596,
95,,,,,,,,6.458998198865708,,,4.96921177879121,,,0.0,10.237173147047809,,,,6.265378882082749,,8.63260406987797,,,,,,,,0.0,8.632909470754445,,,,,,,0.0,7.134220586183886,,,9.272948151106249,,,,,,6.265378882082749,,,,9.447420204338432,,11.156318526116912,,,,,,8.056943309131281,10.329896434779279,,,,,,,,,,,4.153453711720496,,,4.39016893654157,5.971095589122942,,8.63260406987797,,9.447420204338432,,,,11.777919007789142,,,5.01296700654409,,,0.0,,,,0.0,,,,,0.0,,,,,,0.0,,6.458998198865708,,7.134220586183886,11.156318526116912,,11.777919007789142,0.0,,,5.478070154289215,0.0,0.0,,7.74834344592649,0.0,,,,,,,,,,,,,,,,,,,,,,,5.478070154289215,,,0.0,,8.364480681578453,,4.224008149292806,4.96921177879121,,9.272948151106249,,4.153453711720496,5.01296700654409,,0.0,,0.0,,11.128490477670148,,,,,,,,,,,0.0,,,11.128490477670148,,0.0,10.264227896467698,,,,,,,,,,,8.364480681578453,,0.0,,,4.306135258436866,0.0,0.0,,8.056943309131281,4.39016893654157,0.0,0.0,7.74834344592649,,,,10.264227896467698,,,5.258298615606596,10.237173147047809,8.632909470754445,,10.329896434779279,5.971095589122942,,,0.0,,4.224008149292806,,,4.306135258436866,5.258298615606596,
96,,,,,,,,6.458998198865708,,,4.96921177879121,,,7.883045696667201,10.237173147047809,,,,6.265378882082749,,8.63260406987797,,,,,,,,0.0,8.632909470754445,,,,,,,0.0,7.134220586183886,,,9.272948151106249,,,,,,6.265378882082749,,,,9.447420204338432,,11.156318526116912,,,,,,8.056943309131281,10.329896434779279,,,,,,,,,,,4.153453711720496,,,4.39016893654157,5.971095589122942,,8.63260406987797,,9.447420204338432,,,,11.777919007789142,,,5.01296700654409,,,0.0,,,,0.0,,,,,0.0,,,,,,0.0,,6.458998198865708,,7.134220586183886,11.156318526116912,,11.777919007789142,0.0,,,5.478070154289215,0.0,0.0,,7.74834344592649,0.0,,,,,,,,,,,,,,,,,,,,,,,5.478070154289215,,,0.0,,8.364480681578453,,4.224008149292806,4.96921177879121,,9.272948151106249,,4.153453711720496,5.01296700654409,,0.0,,0.0,,11.128490477670148,,,,,,,,,,,0.0,,,11.128490477670148,,0.0,10.264227896467698,,,,,,,,,,,8.364480681578453,,0.0,,,4.306135258436866,7.883045696667201,0.0,,8.056943309131281,4.39016893654157,0.0,0.0,7.74834344592649,,,,10.264227896467698,,,5.258298615606596,10.237173147047809,8.632909470754445,,10.329896434779279,5.971095589122942,,,0.0,,4.224008149292806,,,4.306135258436866,5.258298615606596,
97,,,,,,,,6.458998198865708,,,4.96921177879121,,,7.883045696667201,10.237173147047809,,,,6.265378882082749,,8.63260406987797,,,,,,,,0.0,8.632909470754445,,,,,,,0.0,7.134220586183886,,,9.272948151106249,,,,,,6.265378882082749,,,,9.447420204338432,,11.156318526116912,,,,,,8.056943309131281,10.329896434779279,,,,,,,,,,,4.153453711720496,,,4.39016893654157,5.971095589122942,,8.63260406987797,,9.447420204338432,,,,11.777919007789142,,,5.01296700654409,,,0.0,,,,0.0,,,,,0.0,,,,,,0.0,,6.458998198865708,,7.134220586183886,11.156318526116912,,11.777919007789142,0.0,,,5.478070154289215,0.0,0.0,,7.74834344592649,0.0,,,,,,,,,,,,,,,,,,,,,,,5.478070154289215,,,0.0,,8.364480681578453,,4.224008149292806,4.96921177879121,,9.272948151106249,,4.153453711720496,5.01296700654409,,0.0,,0.0,,11.128490477670148,,,,,,,,,,,0.0,,,11.128490477670148,,0.0,10.264227896467698,,,,,,,,,,,8.364480681578453,,0.0,,,4.306135258436866,7.883045696667201,0.0,,8.056943309131281,4.39016893654157,0.0,0.0,7.74834344592649,,,,10.264227896467698,,,5.258298615606596,10.237173147047809,8.632909470754445,,10.329896434779279,5.971095589122942,,,0.0,,4.224008149292806,,,4.306135258436866,5.258298615606596,
98,,,,,,,,6.458998198865708,,,4.96921177879121,,,7.883045696667201,10.237173147047809,,,,6.265378882082749,,8.63260406987797,,,,,,,,0.0,8.632909470754445,,,,,,,0.0,7.134220586183886,,,9.272948151106249,,,,,,6.265378882082749,,,,9.447420204338432,,11.156318526116912,,,,,,8.056943309131281,10.329896434779279,,,,,,,,,,,4.153453711720496,,,4.39016893654157,5.971095589122942,,8.63260406987797,,9.447420204338432,,,,11.777919007789142,,,5.01296700654409,,,0.0,,,,0.0,,,,,0.0,,,,,,0.0,,6.458998198865708,,7.134220586183886,11.156318526116912,,11.777919007789142,0.0,,,5.478070154289215,0.0,0.0,,7.74834344592649,0.0,,,,,,,,,,,,,,,,,,,,,,,5.478070154289215,,,0.0,,8.364480681578453,,4.224008149292806,4.96921177879121,,9.272948151106249,,4.153453711720496,5.01296700654409,,0.0,,0.0,,11.128490477670148,,,,,,,,,,,0.0,,,11.128490477670148,,0.0,10.264227896467698,,,,,,,,,,,8.364480681578453,,0.0,,,4.306135258436866,7.883045696667201,0.0,,8.056943309131281,4.39016893654157,0.0,0.0,7.74834344592649,,,,10.264227896467698,,,5.258298615606596,10.237173147047809,8.632909470754445,,10.329896434779279,5.971095589122942,,,0.0,,4.224008149292806,,,4.306135258436866,5.258298615606596,
99,,,,,,,,6.458998198865708,,,4.96921177879121,,,7.883045696667201,,,,,6.265378882082749,,8.63260406987797,,,,,,,,0.0,8.632909470754445,,,,,,,0.0,7.134220586183886,,,9.272948151106249,,,,,,6.265378882082749,,,,9.447420204338432,,11.156318526116912,,,,,,8.056943309131281,10.329896434779279,,,,,,,,,,,4.153453711720496,,,,5.971095589122942,,8.63260406987797,,9.447420204338432,,,,11.777919007789142,,,5.01296700654409,,,0.0,,,,0.0,,,,,0.0,,,,,,0.0,,6.458998198865708,,7.134220586183886,11.156318526116912,,11.777919007789142,0.0,,,5.478070154289215,0.0,0.0,,7.74834344592649,0.0,,,,,,,,,,,,,,,,,,,,,,,5.478070154289215,,,0.0,,8.364480681578453,,4.224008149292806,4.96921177879121,,9.272948151106249,,4.153453711720496,5.01296700654409,,0.0,,0.0,,11.128490477670148,,,,,,,,,,,0.0,,,11.128490477670148,,0.0,10.264227896467698,,,,,,,,,,,8.364480681578453,,0.0,,,4.306135258436866,7.883045696667201,0.0,,8.056943309131281,,0.0,0.0,7.74834344592649,,,,10.264227896467698,,,,,8.632909470754445,,10.329896434779279,5.971095589122942,,,0.0,,4.224008149292806,,,4.306135258436866,,
100,,,,,,,,6.458998198865708,,,4.96921177879121,,,7.883045696667201,10.237173147047809,,,,6.265378882082749,,8.63260406987797,,,,,,,,0.0,8.632909470754445,,,,,,,0.0,7.134220586183886,,,9.272948151106249,,,,,,6.265378882082749,,,,9.447420204338432,,11.156318526116912,,,,,,8.056943309131281,10.329896434779279,,,,,,,,,,,4.153453711720496,,,4.39016893654157,5.971095589122942,,8.63260406987797,,9.447420204338432,,,,11.777919007789142,,,5.01296700654409,,,11.912216164199343,,,,0.0,,,,,0.0,,,,,,0.0,,6.458998198865708,,7.134220586183886,11.156318526116912,,11.777919007789142,0.0,,,5.478070154289215,0.0,0.0,,7.74834344592649,0.0,,,,,,,,,,,,,,,,,,,,,,,5.478070154289215,,,0.0,,8.364480681578453,,4.224008149292806,4.96921177879121,,9.272948151106249,,4.153453711720496,5.01296700654409,,0.0,,0.0,,11.128490477670148,,,,,,,,,,,0.0,,,11.128490477670148,,0.0,10.264227896467698,,,,,,,,,,,8.364480681578453,,0.0,,,4.306135258436866,7.883045696667201,0.0,,8.056943309131281,4.39016893654157,11.912216164199343,0.0,7.74834344592649,,,,10.264227896467698,,,5.258298615606596,10.237173147047809,8.632909470754445,,10.329896434779279,5.971095589122942,,,0.0,,4.224008149292806,,,4.306135258436866,5.258298615606596,
101,,,,,,,,6.458998198865708,,,4.96921177879121,,,7.883045696667201,10.237173147047809,,,,6.265378882082749,,8.63260406987797,,,,,,,,0.0,8.632909470754445,,,,,,,0.0,7.134220586183886,,,9.272948151106249,,,,,,6.265378882082749,,,,9.447420204338432,,11.156318526116912,,,,,,8.056943309131281,10.329896434779279,,,,,,,,,,,4.153453711720496,,,4.39016893654157,5.971095589122942,,8.63260406987797,,9.447420204338432,,,,11.777919007789142,,,5.01296700654409,,,11.912216164199343,,,,0.0,,,,,0.0,,,,,,0.0,,6.458998198865708,,7.134220586183886,11.156318526116912,,11.777919007789142,0.0,,,5.478070154289215,0.0,0.0,,7.74834344592649,0.0,,,,,,,,,,,,,,,,,,,,,,,5.478070154289215,,,0.0,,8.364480681578453,,4.224008149292806,4.96921177879121,,9.272948151106249,,4.153453711720496,5.01296700654409,,0.0,,0.0,,11.128490477670148,,,,,,,,,,,0.0,,,11.128490477670148,,0.0,10.264227896467698,,,,,,,,,,,8.364480681578453,,0.0,,,4.306135258436866,7.883045696667201,0.0,,8.056943309131281,4.39016893654157,11.912216164199343,0.0,7.74834344592649,,,,10.264227896467698,,,5.258298615606596,10.237173147047809,8.632909470754445,,10.329896434779279,5.971095589122942,,,0.0,,4.224008149292806,,,4.306135258436866,5.258298615606596,
102,,,,,,,,6.458998198865708,,,4.96921177879121,,,7.883045696667201,10.237173147047809,,,,6.265378882082749,,8.63260406987797,,,,,,,,0.0,8.632909470754445,,,,,,,0.0,7.134220586183886,,,9.272948151106249,,,,,,6.265378882082749,,,,9.447420204338432,,11.156318526116912,,,,,,8.056943309131281,10.329896434779279,,,,,,,,,,,4.153453711720496,,,4.39016893654157,5.971095589122942,,8.63260406987797,,9.447420204338432,,,,11.777919007789142,,,5.01296700654409,,,11.912216164199343,,,,0.0,,,,,0.0,,,,,,0.0,,6.458998198865708,,7.134220586183886,11.156318526116912,,11.777919007789142,0.0,,,5.478070154289215,0.0,0.0,,7.74834344592649,0.0,,,,,,,,,,,,,,,,,,,,,,,5.478070154289215,,,0.0,,8.364480681578453,,4.224008149292806,4.96921177879121,,9.272948151106249,,4.153453711720496,5.01296700654409,,0.0,,0.0,,11.128490477670148,,,,,,,,,,,0.0,,,11.128490477670148,,0.0,10.264227896467698,,,,,,,,,,,8.364480681578453,,0.0,,,4.306135258436866,7.883045696667201,0.0,,8.056943309131281,4.39016893654157,11.912216164199343,0.0,7.74834344592649,,,,10.264227896467698,,,5.258298615606596,10.237173147047809,8.632909470754445,,10.329896434779279,5.971095589122942,,,0.0,,4.224008149292806,,,4.306135258436866,5.258298615606596,
103,,,,,,,,6.458998198865708,,,4.96921177879121,,,7.883045696667201,10.237173147047809,,,,6.265378882082749,,8.63260406987797,,,,,,,,0.0,8.632909470754445,,,,,,,0.0,7.134220586183886,,,9.272948151106249,,,,,,6.265378882082749,,,,9.447420204338432,,11.156318526116912,,,,,,8.056943309131281,10.329896434779279,,,,,,,,,,,4.153453711720496,,,4.39016893654157,5.971095589122942,,8.63260406987797,,9.447420204338432,,,,11.777919007789142,,,5.01296700654409,,,11.912216164199343,,,,0.0,,,,,0.0,,,,,,0.0,,6.458998198865708,,7.134220586183886,11.156318526116912,,11.777919007789142,0.0,,,5.478070154289215,0.0,0.0,,7.74834344592649,7.789478021253053,,,,,,,,,,,,,,,,,,,,,,,5.478070154289215,,,0.0,,8.364480681578453,,4.224008149292806,4.96921177879121,,9.272948151106249,,4.153453711720496,5.01296700654409,,0.0,,0.0,,11.128490477670148,,,,,,,,,,,0.0,,,11.128490477670148,,0.0,10.264227896467698,,,,,,,,,,,8.364480681578453,,0.0,,,4.306135258436866,7.883045696667201,0.0,,8.056943309131281,4.39016893654157,11.912216164199343,0.0,7.74834344592649,,,,10.264227896467698,,,5.258298615606596,10.237173147047809,8.632909470754445,,10.329896434779279,5.971095589122942,,,7.789478021253053,,4.224008149292806,,,4.306135258436866,5.258298615606596,
104,,,,,,,,6.458998198865708,,,4.96921177879121,,,7.883045696667201,10.237173147047809,,,,6.265378882082749,,8.63260406987797,,,,,,,,0.0,8.632909470754445,,,,,,,0.0,7.134220586183886,,,9.272948151106249,,,,,,6.265378882082749,,,,9.447420204338432,,11.156318526116912,,,,,,8.056943309131281,10.329896434779279,,,,,,,,,,,4.153453711720496,,,4.39016893654157,5.971095589122942,,8.63260406987797,,9.447420204338432,,,,11.777919007789142,,,5.01296700654409,,,11.912216164199343,,,,0.0,,,,,0.0,,,,,,0.0,,6.458998198865708,,7.134220586183886,11.156318526116912,,11.777919007789142,0.0,,,5.478070154289215,0.0,0.0,,7.74834344592649,7.789478021253053,,,,,,,,,,,,,,,,,,,,,,,5.478070154289215,,,0.0,,8.364480681578453,,4.224008149292806,4.96921177879121,,9.272948151106249,,4.153453711720496,5.01296700654409,,0.0,,0.0,,11.128490477670148,,,,,,,,,,,0.0,,,11.128490477670148,,0.0,10.264227896467698,,,,,,,,,,,8.364480681578453,,0.0,,,4.306135258436866,7.883045696667201,0.0,,8.056943309131281,4.39016893654157,11.912216164199343,0.0,7.74834344592649,,,,10.264227896467698,,,5.258298615606596,10.237173147047809,8.632909470754445,,10.329896434779279,5.971095589122942,,,7.789478021253053,,4.224008149292806,,,4.306135258436866,5.258298615606596,
105,,,,,,,,6.458998198865708,,,4.96921177879121,,,7.883045696667201,10.237173147047809,,,,6.265378882082749,,8.63260406987797,,,,,,,,0.0,8.632909470754445,,,,,,,0.0,7.134220586183886,,,9.272948151106249,,,,,,6.265378882082749,,,,9.447420204338432,,11.156318526116912,,,,,,8.056943309131281,10.329896434779279,,,,,,,,,,,4.153453711720496,,,4.39016893654157,5.971095589122942,,8.63260406987797,,9.447420204338432,,,,11.777919007789142,,,5.01296700654409,,,11.912216164199343,,,,0.0,,,,,10.227611939384348,,,,,,0.0,,6.458998198865708,,7.134220586183886,11.156318526116912,,11.777919007789142,10.227611939384348,,,5.478070154289215,0.0,0.0,,7.74834344592649,7.789478021253053,,,,,,,,,,,,,,,,,,,,,,,5.478070154289215,,,0.0,,8.364480681578453,,4.224008149292806,4.96921177879121,,9.272948151106249,,4.153453711720496,5.01296700654409,,0.0,,0.0,,11.128490477670148,,,,,,,,,,,0.0,,,11.128490477670148,,0.0,10.264227896467698,,,,,,,,,,,8.364480681578453,,0.0,,,4.306135258436866,7.883045696667201,0.0,,8.056943309131281,4.39016893654157,11.912216164199343,0.0,7.74834344592649,,,,10.264227896467698,,,5.258298615606596,10.237173147047809,8.632909470754445,,10.329896434779279,5.971095589122942,,,7.789478021253053,,4.224008149292806,,,4.306135258436866,5.258298615606596,
106,,,,,,,,6.458998198865708,,,4.96921177879121,,,7.883045696667201,10.237173147047809,,,,6.265378882082749,,8.63260406987797,,,,,,,,0.0,8.632909470754445,,,,,,,0.0,7.134220586183886,,,9.272948151106249,,,,,,6.265378882082749,,,,9.447420204338432,,11.156318526116912,,,,,,8.056943309131281,10.329896434779279,,,,,,,,,,,4.153453711720496,,,4.39016893654157,5.971095589122942,,8.63260406987797,,9.447420204338432,,,,11.777919007789142,,,5.01296700654409,,,11.912216164199343,,,,0.0,,,,,10.227611939384348,,,,,,,,6.458998198865708,,7.134220586183886,11.156318526116912,,11.777919007789142,10.227611939384348,,,5.478070154289215,0.0,0.0,,7.74834344592649,7.789478021253053,,,,,,,,,,,,,,,,,,,,,,,5.478070154289215,,,0.0,,8.364480681578453,,4.224008149292806,4.96921177879121,,9.272948151106249,,4.153453711720496,5.01296700654409,,0.0,,0.0,,11.128490477670148,,,,,,,,,,,0.0,,,11.128490477670148,,0.0,10.264227896467698,,,,,,,,,,,8.364480681578453,,0.0,,,4.306135258436866,7.883045696667201,0.0,,8.056943309131281,4.39016893654157,11.912216164199343,,7.74834344592649,,,,10.264227896467698,,,5.258298615606596,10.237173147047809,8.632909470754445,,10.329896434779279,5.971095589122942,,,7.789478021253053,,4.224008149292806,,,4.306135258436866,5.258298615606596,
107,,,,,,,,6.458998198865708,,,4.96921177879121,,,7.883045696667201,10.237173147047809,,,,6.265378882082749,,8.63260406987797,,,,,,,,0.0,8.632909470754445,,,,,,,0.0,7.134220586183886,,,9.272948151106249,,,,,,6.265378882082749,,,,9.447420204338432,,11.156318526116912,,,,,,8.056943309131281,10.329896434779279,,,,,,,,,,,4.153453711720496,,,4.39016893654157,5.971095589122942,,8.63260406987797,,9.447420204338432,,,,11.777919007789142,,,5.01296700654409,,,11.912216164199343,,,,0.0,,,,,10.227611939384348,,,,,,0.0,,6.458998198865708,,7.134220586183886,11.156318526116912,,11.777919007789142,10.227611939384348,,,5.478070154289215,0.0,0.0,,7.74834344592649,7.789478021253053,,,,,,,,,,,,,,,,,,,,,,,5.478070154289215,,,0.0,,8.364480681578453,,4.224008149292806,4.96921177879121,,9.272948151106249,,4.153453711720496,5.01296700654409,,0.0,,0.0,,11.128490477670148,,,,,,,,,,,0.0,,,11.128490477670148,,0.0,10.264227896467698,,,,,,,,,,,8.364480681578453,,0.0,,,4.306135258436866,7.883045696667201,0.0,,8.056943309131281,4.39016893654157,11.912216164199343,0.0,7.74834344592649,,,,10.264227896467698,,,5.258298615606596,10.237173147047809,8.632909470754445,,10.329896434779279,5.971095589122942,,,7.789478021253053,,4.224008149292806,,,4.306135258436866,5.258298615606596,
108,,,,,,,,6.458998198865708,,,4.96921177879121,,,7.883045696667201,10.237173147047809,,,,6.265378882082749,,8.63260406987797,,,,,,,,9.48912416325338,8.632909470754445,,,,,,,0.0,7.134220586183886,,,9.272948151106249,,,,,,6.265378882082749,,,,9.447420204338432,,11.156318526116912,,,,,,8.056943309131281,10.329896434779279,,,,,,,,,,,4.153453711720496,,,4.39016893654157,5.971095589122942,,8.63260406987797,,9.447420204338432,,,,11.777919007789142,,,5.01296700654409,,,11.912216164199343,,,,0.0,,,,,10.227611939384348,,,,,,0.0,,6.458998198865708,,7.134220586183886,11.156318526116912,,11.777919007789142,10.227611939384348,,,5.478070154289215,0.0,0.0,,7.74834344592649,7.789478021253053,,,,,,,,,,,,,,,,,,,,,,,5.478070154289215,,,0.0,,8.364480681578453,,4.224008149292806,4.96921177879121,,9.272948151106249,,4.153453711720496,5.01296700654409,,0.0,,0.0,,11.128490477670148,,,,,,,,,,,0.0,,,11.128490477670148,,0.0,10.264227896467698,,,,,,,,,,,8.364480681578453,,0.0,,,4.306135258436866,7.883045696667201,9.48912416325338,,8.056943309131281,4.39016893654157,11.912216164199343,0.0,7.74834344592649,,,,10.264227896467698,,,5.258298615606596,10.237173147047809,8.632909470754445,,10.329896434779279,5.971095589122942,,,7.789478021253053,,4.224008149292806,,,4.306135258436866,5.258298615606596,
109,,,,,,,,6.458998198865708,,,4.96921177879121,,,7.883045696667201,10.237173147047809,,,,6.265378882082749,,8.63260406987797,,,,,,,,9.48912416325338,8.632909470754445,,,,,,,0.0,7.134220586183886,,,9.272948151106249,,,,,,6.265378882082749,,,,9.447420204338432,,11.156318526116912,,,,,,8.056943309131281,10.329896434779279,,,,,,,,,,,4.153453711720496,,,4.39016893654157,5.971095589122942,,8.63260406987797,,9.447420204338432,,,,11.777919007789142,,,5.01296700654409,,,11.912216164199343,,,,0.0,,,,,10.227611939384348,,,,,,0.0,,6.458998198865708,,7.134220586183886,11.156318526116912,,11.777919007789142,10.227611939384348,,,5.478070154289215,0.0,9.146899294534693,,7.74834344592649,7.789478021253053,,,,,,,,,,,,,,,,,,,,,,,5.478070154289215,,,8.142973187396004,,8.364480681578453,,4.224008149292806,4.96921177879121,,9.272948151106249,,4.153453711720496,5.01296700654409,,0.0,,8.142973187396004,,11.128490477670148,,,,,,,,,,,9.146899294534693,,,11.128490477670148,,0.0,10.264227896467698,,,,,,,,,,,8.364480681578453,,0.0,,,4.306135258436866,7.883045696667201,9.48912416325338,,8.056943309131281,4.39016893654157,11.912216164199343,0.0,7.74834344592649,,,,10.264227896467698,,,5.258298615606596,10.237173147047809,8.632909470754445,,10.329896434779279,5.971095589122942,,,7.789478021253053,,4.224008149292806,,,4.306135258436866,5.258298615606596,
110,,,,,,,,6.458998198865708,,,4.96921177879121,,,7.883045696667201,10.237173147047809,,,,6.265378882082749,,8.63260406987797,,,,,,,,9.48912416325338,8.632909470754445,,,,,,,0.0,7.134220586183886,,,9.272948151106249,,,,,,6.265378882082749,,,,9.447420204338432,,11.156318526116912,,,,,,8.056943309131281,10.329896434779279,,,,,,,,,,,4.153453711720496,,,4.39016893654157,5.971095589122942,,8.63260406987797,,9.447420204338432,,,,11.777919007789142,,,5.01296700654409,,,11.912216164199343,,,,0.0,,,,,10.227611939384348,,,,,,,,6.458998198865708,,7.134220586183886,11.156318526116912,,11.777919007789142,10.227611939384348,,,5.478070154289215,0.0,9.146899294534693,,7.74834344592649,7.789478021253053,,,,,,,,,,,,,,,,,,,,,,,5.478070154289215,,,8.142973187396004,,8.364480681578453,,4.224008149292806,4.96921177879121,,9.272948151106249,,4.153453711720496,5.01296700654409,,0.0,,8.142973187396004,,11.128490477670148,,,,,,,,,,,9.146899294534693,,,11.128490477670148,,0.0,10.264227896467698,,,,,,,,,,,8.364480681578453,,0.0,,,4.306135258436866,7.883045696667201,9.48912416325338,,8.056943309131281,4.39016893654157,11.912216164199343,,7.74834344592649,,,,10.264227896467698,,,5.258298615606596,10.237173147047809,8.632909470754445,,10.329896434779279,5.971095589122942,,,7.789478021253053,,4.224008149292806,,,4.306135258436866,5.258298615606596,
111,,,,,,,,6.458998198865708,,,4.96921177879121,,,7.883045696667201,10.237173147047809,,,,6.265378882082749,,8.63260406987797,,,,,,,,9.48912416325338,8.632909470754445,,,,,,,0.0,7.134220586183886,,,9.272948151106249,,,,,,6.265378882082749,,,,9.447420204338432,,11.156318526116912,,,,,,8.056943309131281,10.329896434779279,,,,,,,,,,,4.153453711720496,,,4.39016893654157,5.971095589122942,,8.63260406987797,,9.447420204338432,,,,11.777919007789142,,,5.01296700654409,,,11.912216164199343,,,,0.0,,,,,10.227611939384348,,,,,,0.0,,6.458998198865708,,7.134220586183886,11.156318526116912,,11.777919007789142,10.227611939384348,,,5.478070154289215,0.0,9.146899294534693,,7.74834344592649,7.789478021253053,,,,,,,,,,,,,,,,,,,,,,,5.478070154289215,,,8.142973187396004,,8.364480681578453,,4.224008149292806,4.96921177879121,,9.272948151106249,,4.153453711720496,5.01296700654409,,0.0,,8.142973187396004,,11.128490477670148,,,,,,,,,,,9.146899294534693,,,11.128490477670148,,0.0,10.264227896467698,,,,,,,,,,,8.364480681578453,,0.0,,,4.306135258436866,7.883045696667201,9.48912416325338,,8.056943309131281,4.39016893654157,11.912216164199343,0.0,7.74834344592649,,,,10.264227896467698,,,5.258298615606596,10.237173147047809,8.632909470754445,,10.329896434779279,5.971095589122942,,,7.789478021253053,,4.224008149292806,,,4.306135258436866,5.258298615606596,
112,,,,,,,,6.458998198865708,,,4.96921177879121,,,7.883045696667201,10.237173147047809,,,,6.265378882082749,,8.63260406987797,,,,,,,,9.48912416325338,8.632909470754445,,,,,,,0.0,7.134220586183886,,,9.272948151106249,,,,,,6.265378882082749,,,,9.447420204338432,,11.156318526116912,,,,,,8.056943309131281,10.329896434779279,,,,,,,,,,,4.153453711720496,,,4.39016893654157,5.971095589122942,,8.63260406987797,,9.447420204338432,,,,11.777919007789142,,,5.01296700654409,,,11.912216164199343,,,,0.0,,,,,10.227611939384348,,,,,,0.0,,6.458998198865708,,7.134220586183886,11.156318526116912,,11.777919007789142,10.227611939384348,,,5.478070154289215,0.0,9.146899294534693,,7.74834344592649,7.789478021253053,,,,,,,,,,,,,,,,,,,,,,,5.478070154289215,,,8.142973187396004,,8.364480681578453,,4.224008149292806,4.96921177879121,,9.272948151106249,,4.153453711720496,5.01296700654409,,0.0,,8.142973187396004,,11.128490477670148,,,,,,,,,,,9.146899294534693,,,11.128490477670148,,0.0,10.264227896467698,,,,,,,,,,,8.364480681578453,,0.0,,,4.306135258436866,7.883045696667201,9.48912416325338,,8.056943309131281,4.39016893654157,11.912216164199343,0.0,7.74834344592649,,,,10.264227896467698,,,5.258298615606596,10.237173147047809,8.632909470754445,,10.329896434779279,5.971095589122942,,,7.789478021253053,,4.224008149292806,,,4.306135258436866,5.258298615606596,
113,,,,,,,,6.458998198865708,,,4.96921177879121,,,7.883045696667201,10.237173147047809,,,,6.265378882082749,,8.63260406987797,,,,,,,,9.48912416325338,8.632909470754445,,,,,,,0.0,7.134220586183886,,,9.272948151106249,,,,,,6.265378882082749,,,,9.447420204338432,,11.156318526116912,,,,,,8.056943309131281,10.329896434779279,,,,,,,,,,,4.153453711720496,,,4.39016893654157,5.971095589122942,,8.63260406987797,,9.447420204338432,,,,11.777919007789142,,,5.01296700654409,,,11.912216164199343,,,,0.0,,,,,10.227611939384348,,,,,,,,6.458998198865708,,7.134220586183886,11.156318526116912,,11.777919007789142,10.227611939384348,,,5.478070154289215,0.0,9.146899294534693,,7.74834344592649,7.789478021253053,,,,,,,,,,,,,,,,,,,,,,,5.478070154289215,,,8.142973187396004,,8.364480681578453,,4.224008149292806,4.96921177879121,,9.272948151106249,,4.153453711720496,5.01296700654409,,0.0,,8.142973187396004,,11.128490477670148,,,,,,,,,,,9.146899294534693,,,11.128490477670148,,0.0,10.264227896467698,,,,,,,,,,,8.364480681578453,,0.0,,,4.306135258436866,7.883045696667201,9.48912416325338,,8.056943309131281,4.39016893654157,11.912216164199343,,7.74834344592649,,,,10.264227896467698,,,5.258298615606596,10.237173147047809,8.632909470754445,,10.329896434779279,5.971095589122942,,,7.789478021253053,,4.224008149292806,,,4.306135258436866,5.258298615606596,
114,,,,,,,,6.458998198865708,,,4.96921177879121,,,7.883045696667201,10.237173147047809,,,,6.265378882082749,,8.63260406987797,,,,,,,,9.48912416325338,8.632909470754445,,,,,,,0.0,7.134220586183886,,,9.272948151106249,,,,,,6.265378882082749,,,,9.447420204338432,,11.156318526116912,,,,,,8.056943309131281,10.329896434779279,,,,,,,,,,,4.153453711720496,,,4.39016893654157,5.971095589122942,,8.63260406987797,,9.447420204338432,,,,11.777919007789142,,,5.01296700654409,,,11.912216164199343,,,,0.0,,,,,10.227611939384348,,,,,,0.0,,6.458998198865708,,7.134220586183886,11.156318526116912,,11.777919007789142,10.227611939384348,,,5.478070154289215,0.0,9.146899294534693,,7.74834344592649,7.789478021253053,,,,,,,,,,,,,,,,,,,,,,,5.478070154289215,,,8.142973187396004,,8.364480681578453,,4.224008149292806,4.96921177879121,,9.272948151106249,,4.153453711720496,5.01296700654409,,0.0,,8.142973187396004,,11.128490477670148,,,,,,,,,,,9.146899294534693,,,11.128490477670148,,11.539316778442124,10.264227896467698,,,,,,,,,,,8.364480681578453,,11.539316778442124,,,4.306135258436866,7.883045696667201,9.48912416325338,,8.056943309131281,4.39016893654157,11.912216164199343,0.0,7.74834344592649,,,,10.264227896467698,,,5.258298615606596,10.237173147047809,8.632909470754445,,10.329896434779279,5.971095589122942,,,7.789478021253053,,4.224008149292806,,,4.306135258436866,5.258298615606596,
115,,,,,,,,6.458998198865708,,,4.96921177879121,,,7.883045696667201,10.237173147047809,,,,6.265378882082749,,8.63260406987797,,,,,,,,9.48912416325338,8.632909470754445,,,,,,,0.0,7.134220586183886,,,9.272948151106249,,,,,,6.265378882082749,,,,9.447420204338432,,11.156318526116912,,,,,,8.056943309131281,10.329896434779279,,,,,,,,,,,4.153453711720496,,,4.39016893654157,5.971095589122942,,8.63260406987797,,9.447420204338432,,,,11.777919007789142,,,5.01296700654409,,,11.912216164199343,,,,0.0,,,,,10.227611939384348,,,,,,0.0,,6.458998198865708,,7.134220586183886,11.156318526116912,,11.777919007789142,10.227611939384348,,,5.478070154289215,0.0,9.146899294534693,,7.74834344592649,7.789478021253053,,,,,,,,,,,,,,,,,,,,,,,5.478070154289215,,,8.142973187396004,,8.364480681578453,,4.224008149292806,4.96921177879121,,9.272948151106249,,4.153453711720496,5.01296700654409,,0.0,,8.142973187396004,,11.128490477670148,,,,,,,,,,,9.146899294534693,,,11.128490477670148,,11.539316778442124,10.264227896467698,,,,,,,,,,,8.364480681578453,,11.539316778442124,,,4.306135258436866,7.883045696667201,9.48912416325338,,8.056943309131281,4.39016893654157,11.912216164199343,0.0,7.74834344592649,,,,10.264227896467698,,,5.258298615606596,10.237173147047809,8.632909470754445,,10.329896434779279,5.971095589122942,,,7.789478021253053,,4.224008149292806,,,4.306135258436866,5.258298615606596,
116,,,,,,,,6.458998198865708,,,4.96921177879121,,,7.883045696667201,10.237173147047809,,,,6.265378882082749,,8.63260406987797,,,,,,,,9.48912416325338,8.632909470754445,,,,,,,0.0,7.134220586183886,,,9.272948151106249,,,,,,6.265378882082749,,,,9.447420204338432,,11.156318526116912,,,,,,8.056943309131281,10.329896434779279,,,,,,,,,,,4.153453711720496,,,4.39016893654157,5.971095589122942,,8.63260406987797,,9.447420204338432,,,,11.777919007789142,,,5.01296700654409,,,11.912216164199343,,,,0.0,,,,,10.227611939384348,,,,,,0.0,,6.458998198865708,,7.134220586183886,11.156318526116912,,11.777919007789142,10.227611939384348,,,5.478070154289215,0.0,9.146899294534693,,7.74834344592649,7.789478021253053,,,,,,,,,,,,,,,,,,,,,,,5.478070154289215,,,8.142973187396004,,8.364480681578453,,4.224008149292806,4.96921177879121,,9.272948151106249,,4.153453711720496,5.01296700654409,,0.0,,8.142973187396004,,11.128490477670148,,,,,,,,,,,9.146899294534693,,,11.128490477670148,,11.539316778442124,10.264227896467698,,,,,,,,,,,8.364480681578453,,11.539316778442124,,,4.306135258436866,7.883045696667201,9.48912416325338,,8.056943309131281,4.39016893654157,11.912216164199343,0.0,7.74834344592649,,,,10.264227896467698,,,5.258298615606596,10.237173147047809,8.632909470754445,,10.329896434779279,5.971095589122942,,,7.789478021253053,,4.224008149292806,,,4.306135258436866,5.258298615606596,
117,,,,,,,,6.458998198865708,,,4.96921177879121,,,7.883045696667201,10.237173147047809,,,,6.265378882082749,,8.63260406987797,,,,,,,,9.48912416325338,8.632909470754445,,,,,,,0.0,7.134220586183886,,,9.272948151106249,,,,,,6.265378882082749,,,,9.447420204338432,,11.156318526116912,,,,,,8.056943309131281,10.329896434779279,,,,,,,,,,,4.153453711720496,,,4.39016893654157,5.971095589122942,,8.63260406987797,,9.447420204338432,,,,11.777919007789142,,,5.01296700654409,,,11.912216164199343,,,,0.0,,,,,10.227611939384348,,,,,,0.0,,6.458998198865708,,7.134220586183886,11.156318526116912,,11.777919007789142,10.227611939384348,,,5.478070154289215,0.0,9.146899294534693,,7.74834344592649,7.789478021253053,,,,,,,,,,,,,,,,,,,,,,,5.478070154289215,,,8.142973187396004,,8.364480681578453,,4.224008149292806,4.96921177879121,,9.272948151106249,,4.153453711720496,5.01296700654409,,0.0,,8.142973187396004,,11.128490477670148,,,,,,,,,,,9.146899294534693,,,11.128490477670148,,11.539316778442124,10.264227896467698,,,,,,,,,,,8.364480681578453,,11.539316778442124,,,4.306135258436866,7.883045696667201,9.48912416325338,,8.056943309131281,4.39016893654157,11.912216164199343,0.0,7.74834344592649,,,,10.264227896467698,,,5.258298615606596,10.237173147047809,8.632909470754445,,10.329896434779279,5.971095589122942,,,7.789478021253053,,4.224008149292806,,,4.306135258436866,5.258298615606596,
118,,,,,,,,6.458998198865708,,,4.96921177879121,,,7.883045696667201,10.237173147047809,,,,6.265378882082749,,8.63260406987797,,,,,,,,9.48912416325338,8.632909470754445,,,,,,,0.0,7.134220586183886,,,9.272948151106249,,,,,,6.265378882082749,,,,9.447420204338432,,11.156318526116912,,,,,,8.056943309131281,10.329896434779279,,,,,,,,,,,4.153453711720496,,,4.39016893654157,5.971095589122942,,8.63260406987797,,9.447420204338432,,,,11.777919007789142,,,5.01296700654409,,,11.912216164199343,,,,0.0,,,,,10.227611939384348,,,,,,0.0,,6.458998198865708,,7.134220586183886,11.156318526116912,,11.777919007789142,10.227611939384348,,,5.478070154289215,7.438000154276108,9.146899294534693,,7.74834344592649,7.789478021253053,,,,,,,,,,,,,,,,,,,,,,,5.478070154289215,,,8.142973187396004,,8.364480681578453,,4.224008149292806,4.96921177879121,,9.272948151106249,,4.153453711720496,5.01296700654409,,7.438000154276108,,8.142973187396004,,11.128490477670148,,,,,,,,,,,9.146899294534693,,,11.128490477670148,,11.539316778442124,10.264227896467698,,,,,,,,,,,8.364480681578453,,11.539316778442124,,,4.306135258436866,7.883045696667201,9.48912416325338,,8.056943309131281,4.39016893654157,11.912216164199343,0.0,7.74834344592649,,,,10.264227896467698,,,5.258298615606596,10.237173147047809,8.632909470754445,,10.329896434779279,5.971095589122942,,,7.789478021253053,,4.224008149292806,,,4.306135258436866,5.258298615606596,
119,,,,,,,,6.458998198865708,,,4.96921177879121,,,7.883045696667201,10.237173147047809,,,,6.265378882082749,,8.63260406987797,,,,,,,,9.48912416325338,8.632909470754445,,,,,,,4.777835423495377,7.134220586183886,,,9.272948151106249,,,,,,6.265378882082749,,,,9.447420204338432,,11.156318526116912,,,,,,8.056943309131281,10.329896434779279,,,,,,,,,,,4.153453711720496,,,4.39016893654157,5.971095589122942,,8.63260406987797,,9.447420204338432,,,,11.777919007789142,,,5.01296700654409,,,11.912216164199343,,,,4.777835423495377,,,,,10.227611939384348,,,,,,5.258196423519499,,6.458998198865708,,7.134220586183886,11.156318526116912,,11.777919007789142,10.227611939384348,,,5.478070154289215,7.438000154276108,9.146899294534693,,7.74834344592649,7.789478021253053,,,,,,,,,,,,,,,,,,,,,,,5.478070154289215,,,8.142973187396004,,8.364480681578453,,4.224008149292806,4.96921177879121,,9.272948151106249,,4.153453711720496,5.01296700654409,,7.438000154276108,,8.142973187396004,,11.128490477670148,,,,,,,,,,,9.146899294534693,,,11.128490477670148,,11.539316778442124,10.264227896467698,,,,,,,,,,,8.364480681578453,,11.539316778442124,,,4.306135258436866,7.883045696667201,9.48912416325338,,8.056943309131281,4.39016893654157,11.912216164199343,5.258196423519499,7.74834344592649,,,,10.264227896467698,,,5.258298615606596,10.237173147047809,8.632909470754445,,10.329896434779279,5.971095589122942,,,7.789478021253053,,4.224008149292806,,,4.306135258436866,5.258298615606596,
